sequence_id,spectrum_index_in_sequence,spectrum_id,spectrum_file,dataset,sample_id,date,total_intensity,selection_threshold,selected,is_background_reference,is_sample_related,display_label,material_group,material_type,polymer_type,y_true,y_pred
c_01,28,c_01-028,MAYP1114611__27__00028.txt,continuous_spectra,sand,2025-05-20,3684886.0,2616805.8000000003,True,False,True,Sand,non_plastic,mineral,,Sand,Sand
c_01,29,c_01-029,MAYP1114611__28__00029.txt,continuous_spectra,sand,2025-05-20,5098188.0,2616805.8000000003,True,False,True,Sand,non_plastic,mineral,,Sand,Sand
c_01,30,c_01-030,MAYP1114611__29__00030.txt,continuous_spectra,sand,2025-05-20,7028598.559999999,2616805.8000000003,True,False,True,Sand,non_plastic,mineral,,Sand,Sand
c_01,31,c_01-031,MAYP1114611__30__00031.txt,continuous_spectra,sand,2025-05-20,6537421.559999999,2616805.8000000003,True,False,True,Sand,non_plastic,mineral,,Sand,Sand
c_01,32,c_01-032,MAYP1114611__31__00032.txt,continuous_spectra,sand,2025-05-20,6981635.440000001,2616805.8000000003,True,False,True,Sand,non_plastic,mineral,,Sand,Sand
c_01,33,c_01-033,MAYP1114611__32__00033.txt,continuous_spectra,sand,2025-05-20,6639668.440000001,2616805.8000000003,True,False,True,Sand,non_plastic,mineral,,Sand,Sand
c_01,34,c_01-034,MAYP1114611__33__00034.txt,continuous_spectra,sand,2025-05-20,4239304.0,2616805.8000000003,True,False,True,Sand,non_plastic,mineral,,Sand,Sand
c_01,35,c_01-035,MAYP1114611__34__00035.txt,continuous_spectra,sand,2025-05-20,2801809.0,2616805.8000000003,True,False,True,Sand,non_plastic,mineral,,Sand,Sand
c_01,39,c_01-039,MAYP1114611__38__00039.txt,continuous_spectra,sand,2025-05-20,2893054.5599999996,2616805.8000000003,True,False,True,Sand,non_plastic,mineral,,Sand,Sand
c_01,40,c_01-040,MAYP1114611__39__00040.txt,continuous_spectra,sand,2025-05-20,4317704.0,2616805.8000000003,True,False,True,Sand,non_plastic,mineral,,Sand,Sand
c_01,41,c_01-041,MAYP1114611__40__00041.txt,continuous_spectra,sand,2025-05-20,5528379.559999999,2616805.8000000003,True,False,True,Sand,non_plastic,mineral,,Sand,Sand
c_01,42,c_01-042,MAYP1114611__41__00042.txt,continuous_spectra,sand,2025-05-20,6025643.0,2616805.8000000003,True,False,True,Sand,non_plastic,mineral,,Sand,Sand
c_01,43,c_01-043,MAYP1114611__42__00043.txt,continuous_spectra,sand,2025-05-20,4413085.559999999,2616805.8000000003,True,False,True,Sand,non_plastic,mineral,,Sand,Sand
c_01,44,c_01-044,MAYP1114611__43__00044.txt,continuous_spectra,sand,2025-05-20,3536915.559999999,2616805.8000000003,True,False,True,Sand,non_plastic,mineral,,Sand,Sand
c_01,45,c_01-045,MAYP1114611__44__00045.txt,continuous_spectra,sand,2025-05-20,4171542.559999998,2616805.8000000003,True,False,True,Sand,non_plastic,mineral,,Sand,Sand
c_01,46,c_01-046,MAYP1114611__45__00046.txt,continuous_spectra,sand,2025-05-20,3951306.440000002,2616805.8000000003,True,False,True,Sand,non_plastic,mineral,,Sand,Sand
c_01,47,c_01-047,MAYP1114611__46__00047.txt,continuous_spectra,sand,2025-05-20,2624651.0,2616805.8000000003,True,False,True,Sand,non_plastic,mineral,,Sand,Sand
c_01,51,c_01-051,MAYP1114611__50__00051.txt,continuous_spectra,sand,2025-05-20,4653978.559999999,2616805.8000000003,True,False,True,Sand,non_plastic,mineral,,Sand,Sand
c_01,52,c_01-052,MAYP1114611__51__00052.txt,continuous_spectra,sand,2025-05-20,6975894.0,2616805.8000000003,True,False,True,Sand,non_plastic,mineral,,Sand,Sand
c_01,53,c_01-053,MAYP1114611__52__00053.txt,continuous_spectra,sand,2025-05-20,5748546.0,2616805.8000000003,True,False,True,Sand,non_plastic,mineral,,Sand,Sand
c_01,54,c_01-054,MAYP1114611__53__00054.txt,continuous_spectra,sand,2025-05-20,6065980.559999999,2616805.8000000003,True,False,True,Sand,non_plastic,mineral,,Sand,Sand
c_01,55,c_01-055,MAYP1114611__54__00055.txt,continuous_spectra,sand,2025-05-20,5020475.559999999,2616805.8000000003,True,False,True,Sand,non_plastic,mineral,,Sand,Sand
c_01,56,c_01-056,MAYP1114611__55__00056.txt,continuous_spectra,sand,2025-05-20,3861509.0,2616805.8000000003,True,False,True,Sand,non_plastic,mineral,,Sand,Sand
c_01,57,c_01-057,MAYP1114611__56__00057.txt,continuous_spectra,sand,2025-05-20,2672023.0,2616805.8000000003,True,False,True,Sand,non_plastic,mineral,,Sand,Sand
c_01,63,c_01-063,MAYP1114611__62__00063.txt,continuous_spectra,sand,2025-05-20,4174656.0,2616805.8000000003,True,False,True,Sand,non_plastic,mineral,,Sand,Sand
c_01,64,c_01-064,MAYP1114611__63__00064.txt,continuous_spectra,sand,2025-05-20,4659993.440000001,2616805.8000000003,True,False,True,Sand,non_plastic,mineral,,Sand,Sand
c_01,65,c_01-065,MAYP1114611__64__00065.txt,continuous_spectra,sand,2025-05-20,5637082.0,2616805.8000000003,True,False,True,Sand,non_plastic,mineral,,Sand,Sand
c_01,66,c_01-066,MAYP1114611__65__00066.txt,continuous_spectra,sand,2025-05-20,4967044.0,2616805.8000000003,True,False,True,Sand,non_plastic,mineral,,Sand,Sand
c_01,67,c_01-067,MAYP1114611__66__00067.txt,continuous_spectra,sand,2025-05-20,3610118.0,2616805.8000000003,True,False,True,Sand,non_plastic,mineral,,Sand,Sand
c_01,68,c_01-068,MAYP1114611__67__00068.txt,continuous_spectra,sand,2025-05-20,2802485.5599999996,2616805.8000000003,True,False,True,Sand,non_plastic,mineral,,Sand,Sand
c_01,73,c_01-073,MAYP1114611__72__00073.txt,continuous_spectra,sand,2025-05-20,4902564.559999999,2616805.8000000003,True,False,True,Sand,non_plastic,mineral,,Sand,Sand
c_01,74,c_01-074,MAYP1114611__73__00074.txt,continuous_spectra,sand,2025-05-20,5598610.0,2616805.8000000003,True,False,True,Sand,non_plastic,mineral,,Sand,Sand
c_01,75,c_01-075,MAYP1114611__74__00075.txt,continuous_spectra,sand,2025-05-20,5101419.559999999,2616805.8000000003,True,False,True,Sand,non_plastic,mineral,,Sand,Sand
c_01,76,c_01-076,MAYP1114611__75__00076.txt,continuous_spectra,sand,2025-05-20,4057928.559999998,2616805.8000000003,True,False,True,Sand,non_plastic,mineral,,Sand,Sand
c_01,77,c_01-077,MAYP1114611__76__00077.txt,continuous_spectra,sand,2025-05-20,3700359.559999999,2616805.8000000003,True,False,True,Sand,non_plastic,mineral,,Sand,Sand
c_01,78,c_01-078,MAYP1114611__77__00078.txt,continuous_spectra,sand,2025-05-20,3800742.440000002,2616805.8000000003,True,False,True,Sand,non_plastic,mineral,,Sand,Sand
c_01,79,c_01-079,MAYP1114611__78__00079.txt,continuous_spectra,sand,2025-05-20,4412342.440000001,2616805.8000000003,True,False,True,Sand,non_plastic,mineral,,Sand,Sand
c_01,84,c_01-084,MAYP1114611__83__00084.txt,continuous_spectra,sand,2025-05-20,2843339.0,2616805.8000000003,True,False,True,Sand,non_plastic,mineral,,Sand,Sand
c_01,85,c_01-085,MAYP1114611__84__00085.txt,continuous_spectra,sand,2025-05-20,4494981.440000001,2616805.8000000003,True,False,True,Sand,non_plastic,mineral,,Sand,Sand
c_01,86,c_01-086,MAYP1114611__85__00086.txt,continuous_spectra,sand,2025-05-20,5489749.559999999,2616805.8000000003,True,False,True,Sand,non_plastic,mineral,,Sand,Sand
c_01,87,c_01-087,MAYP1114611__86__00087.txt,continuous_spectra,sand,2025-05-20,4516610.440000001,2616805.8000000003,True,False,True,Sand,non_plastic,mineral,,Sand,Sand
c_01,88,c_01-088,MAYP1114611__87__00088.txt,continuous_spectra,sand,2025-05-20,6208979.0,2616805.8000000003,True,False,True,Sand,non_plastic,mineral,,Sand,Sand
c_01,89,c_01-089,MAYP1114611__88__00089.txt,continuous_spectra,sand,2025-05-20,5382290.559999999,2616805.8000000003,True,False,True,Sand,non_plastic,mineral,,Sand,Sand
c_01,90,c_01-090,MAYP1114611__89__00090.txt,continuous_spectra,sand,2025-05-20,3124820.440000001,2616805.8000000003,True,False,True,Sand,non_plastic,mineral,,Sand,Sand
c_01,121,c_01-121,MAYP1114611__120__00121.txt,continuous_spectra,sand,2025-05-20,6856337.440000001,2616805.8000000003,True,False,True,Sand,non_plastic,mineral,,Sand,Sand
c_01,122,c_01-122,MAYP1114611__121__00122.txt,continuous_spectra,sand,2025-05-20,5462600.559999999,2616805.8000000003,True,False,True,Sand,non_plastic,mineral,,Sand,Sand
c_01,123,c_01-123,MAYP1114611__122__00123.txt,continuous_spectra,sand,2025-05-20,6834718.440000001,2616805.8000000003,True,False,True,Sand,non_plastic,mineral,,Sand,Sand
c_01,124,c_01-124,MAYP1114611__123__00124.txt,continuous_spectra,sand,2025-05-20,5300245.440000001,2616805.8000000003,True,False,True,Sand,non_plastic,mineral,,Sand,Sand
c_01,125,c_01-125,MAYP1114611__124__00125.txt,continuous_spectra,sand,2025-05-20,5158168.559999999,2616805.8000000003,True,False,True,Sand,non_plastic,mineral,,Sand,Sand
c_01,126,c_01-126,MAYP1114611__125__00126.txt,continuous_spectra,sand,2025-05-20,4660129.0,2616805.8000000003,True,False,True,Sand,non_plastic,mineral,,Sand,Sand
c_01,127,c_01-127,MAYP1114611__126__00127.txt,continuous_spectra,sand,2025-05-20,5754047.440000001,2616805.8000000003,True,False,True,Sand,non_plastic,mineral,,Sand,Sand
c_01,128,c_01-128,MAYP1114611__127__00128.txt,continuous_spectra,sand,2025-05-20,4135496.440000002,2616805.8000000003,True,False,True,Sand,non_plastic,mineral,,Sand,Sand
c_01,133,c_01-133,MAYP1114611__132__00133.txt,continuous_spectra,sand,2025-05-20,2659435.56,2616805.8000000003,True,False,True,Sand,non_plastic,mineral,,Sand,Sand
c_01,134,c_01-134,MAYP1114611__133__00134.txt,continuous_spectra,sand,2025-05-20,3676463.559999998,2616805.8000000003,True,False,True,Sand,non_plastic,mineral,,Sand,Sand
c_01,135,c_01-135,MAYP1114611__134__00135.txt,continuous_spectra,sand,2025-05-20,5318973.0,2616805.8000000003,True,False,True,Sand,non_plastic,mineral,,Sand,Sand
c_01,136,c_01-136,MAYP1114611__135__00136.txt,continuous_spectra,sand,2025-05-20,4499430.440000001,2616805.8000000003,True,False,True,Sand,non_plastic,mineral,,Sand,Sand
c_01,137,c_01-137,MAYP1114611__136__00137.txt,continuous_spectra,sand,2025-05-20,4272153.0,2616805.8000000003,True,False,True,Sand,non_plastic,mineral,,Sand,Sand
c_01,138,c_01-138,MAYP1114611__137__00138.txt,continuous_spectra,sand,2025-05-20,4655000.0,2616805.8000000003,True,False,True,Sand,non_plastic,mineral,,Sand,Sand
c_01,139,c_01-139,MAYP1114611__138__00139.txt,continuous_spectra,sand,2025-05-20,6230978.0,2616805.8000000003,True,False,True,Sand,non_plastic,mineral,,Sand,Sand
c_01,142,c_01-142,MAYP1114611__141__00142.txt,continuous_spectra,sand,2025-05-20,2714453.44,2616805.8000000003,True,False,True,Sand,non_plastic,mineral,,Sand,PE-HD (blue)
c_01,143,c_01-143,MAYP1114611__142__00143.txt,continuous_spectra,sand,2025-05-20,2904200.4400000004,2616805.8000000003,True,False,True,Sand,non_plastic,mineral,,Sand,Sand
c_01,144,c_01-144,MAYP1114611__143__00144.txt,continuous_spectra,sand,2025-05-20,5541501.0,2616805.8000000003,True,False,True,Sand,non_plastic,mineral,,Sand,Sand
c_01,145,c_01-145,MAYP1114611__144__00145.txt,continuous_spectra,sand,2025-05-20,7371965.440000001,2616805.8000000003,True,False,True,Sand,non_plastic,mineral,,Sand,Sand
c_01,146,c_01-146,MAYP1114611__145__00146.txt,continuous_spectra,sand,2025-05-20,4601118.559999999,2616805.8000000003,True,False,True,Sand,non_plastic,mineral,,Sand,Sand
c_01,147,c_01-147,MAYP1114611__146__00147.txt,continuous_spectra,sand,2025-05-20,4211693.559999999,2616805.8000000003,True,False,True,Sand,non_plastic,mineral,,Sand,Sand
c_01,148,c_01-148,MAYP1114611__147__00148.txt,continuous_spectra,sand,2025-05-20,4861334.559999999,2616805.8000000003,True,False,True,Sand,non_plastic,mineral,,Sand,Sand
c_01,149,c_01-149,MAYP1114611__148__00149.txt,continuous_spectra,sand,2025-05-20,5369092.440000001,2616805.8000000003,True,False,True,Sand,non_plastic,mineral,,Sand,Sand
c_01,150,c_01-150,MAYP1114611__149__00150.txt,continuous_spectra,sand,2025-05-20,5208042.440000001,2616805.8000000003,True,False,True,Sand,non_plastic,mineral,,Sand,Sand
c_01,151,c_01-151,MAYP1114611__150__00151.txt,continuous_spectra,sand,2025-05-20,3925681.440000002,2616805.8000000003,True,False,True,Sand,non_plastic,mineral,,Sand,Sand
c_01,154,c_01-154,MAYP1114611__153__00154.txt,continuous_spectra,sand,2025-05-20,2768050.4400000004,2616805.8000000003,True,False,True,Sand,non_plastic,mineral,,Sand,Sand
c_01,155,c_01-155,MAYP1114611__154__00155.txt,continuous_spectra,sand,2025-05-20,3913568.440000002,2616805.8000000003,True,False,True,Sand,non_plastic,mineral,,Sand,Sand
c_01,156,c_01-156,MAYP1114611__155__00156.txt,continuous_spectra,sand,2025-05-20,4606193.559999999,2616805.8000000003,True,False,True,Sand,non_plastic,mineral,,Sand,Sand
c_01,157,c_01-157,MAYP1114611__156__00157.txt,continuous_spectra,sand,2025-05-20,3753612.0,2616805.8000000003,True,False,True,Sand,non_plastic,mineral,,Sand,Sand
c_01,158,c_01-158,MAYP1114611__157__00158.txt,continuous_spectra,sand,2025-05-20,4316688.0,2616805.8000000003,True,False,True,Sand,non_plastic,mineral,,Sand,Sand
c_01,159,c_01-159,MAYP1114611__158__00159.txt,continuous_spectra,sand,2025-05-20,4835800.0,2616805.8000000003,True,False,True,Sand,non_plastic,mineral,,Sand,Sand
c_01,160,c_01-160,MAYP1114611__159__00160.txt,continuous_spectra,sand,2025-05-20,5489330.0,2616805.8000000003,True,False,True,Sand,non_plastic,mineral,,Sand,Sand
c_01,161,c_01-161,MAYP1114611__160__00161.txt,continuous_spectra,sand,2025-05-20,4991545.0,2616805.8000000003,True,False,True,Sand,non_plastic,mineral,,Sand,Sand
c_01,162,c_01-162,MAYP1114611__161__00162.txt,continuous_spectra,sand,2025-05-20,3771813.0,2616805.8000000003,True,False,True,Sand,non_plastic,mineral,,Sand,Sand
c_01,165,c_01-165,MAYP1114611__164__00165.txt,continuous_spectra,sand,2025-05-20,3567188.440000001,2616805.8000000003,True,False,True,Sand,non_plastic,mineral,,Sand,Sand
c_01,166,c_01-166,MAYP1114611__165__00166.txt,continuous_spectra,sand,2025-05-20,4774857.440000001,2616805.8000000003,True,False,True,Sand,non_plastic,mineral,,Sand,Sand
c_01,167,c_01-167,MAYP1114611__166__00167.txt,continuous_spectra,sand,2025-05-20,4923482.440000001,2616805.8000000003,True,False,True,Sand,non_plastic,mineral,,Sand,Sand
c_01,168,c_01-168,MAYP1114611__167__00168.txt,continuous_spectra,sand,2025-05-20,4904310.559999999,2616805.8000000003,True,False,True,Sand,non_plastic,mineral,,Sand,Sand
c_01,169,c_01-169,MAYP1114611__168__00169.txt,continuous_spectra,sand,2025-05-20,4880400.0,2616805.8000000003,True,False,True,Sand,non_plastic,mineral,,Sand,Sand
c_01,170,c_01-170,MAYP1114611__169__00170.txt,continuous_spectra,sand,2025-05-20,5423835.559999999,2616805.8000000003,True,False,True,Sand,non_plastic,mineral,,Sand,Sand
c_01,171,c_01-171,MAYP1114611__170__00171.txt,continuous_spectra,sand,2025-05-20,5511117.0,2616805.8000000003,True,False,True,Sand,non_plastic,mineral,,Sand,Sand
c_01,172,c_01-172,MAYP1114611__171__00172.txt,continuous_spectra,sand,2025-05-20,4466183.0,2616805.8000000003,True,False,True,Sand,non_plastic,mineral,,Sand,Sand
c_01,176,c_01-176,MAYP1114611__175__00176.txt,continuous_spectra,sand,2025-05-20,5649528.440000001,2616805.8000000003,True,False,True,Sand,non_plastic,mineral,,Sand,Sand
c_01,177,c_01-177,MAYP1114611__176__00177.txt,continuous_spectra,sand,2025-05-20,4295820.559999999,2616805.8000000003,True,False,True,Sand,non_plastic,mineral,,Sand,Sand
c_01,178,c_01-178,MAYP1114611__177__00178.txt,continuous_spectra,sand,2025-05-20,4088409.440000002,2616805.8000000003,True,False,True,Sand,non_plastic,mineral,,Sand,Sand
c_01,179,c_01-179,MAYP1114611__178__00179.txt,continuous_spectra,sand,2025-05-20,5083232.440000001,2616805.8000000003,True,False,True,Sand,non_plastic,mineral,,Sand,Sand
c_01,180,c_01-180,MAYP1114611__179__00180.txt,continuous_spectra,sand,2025-05-20,4742126.440000001,2616805.8000000003,True,False,True,Sand,non_plastic,mineral,,Sand,Sand
c_01,181,c_01-181,MAYP1114611__180__00181.txt,continuous_spectra,sand,2025-05-20,6966688.440000001,2616805.8000000003,True,False,True,Sand,non_plastic,mineral,,Sand,Sand
c_01,182,c_01-182,MAYP1114611__181__00182.txt,continuous_spectra,sand,2025-05-20,6716259.559999999,2616805.8000000003,True,False,True,Sand,non_plastic,mineral,,Sand,Sand
c_01,183,c_01-183,MAYP1114611__182__00183.txt,continuous_spectra,sand,2025-05-20,3850415.440000002,2616805.8000000003,True,False,True,Sand,non_plastic,mineral,,Sand,Sand
c_01,214,c_01-214,MAYP1114611__213__00214.txt,continuous_spectra,sand,2025-05-20,3573566.559999999,2616805.8000000003,True,False,True,Sand,non_plastic,mineral,,Sand,Sand
c_01,215,c_01-215,MAYP1114611__214__00215.txt,continuous_spectra,sand,2025-05-20,5344733.559999999,2616805.8000000003,True,False,True,Sand,non_plastic,mineral,,Sand,Sand
c_01,216,c_01-216,MAYP1114611__215__00216.txt,continuous_spectra,sand,2025-05-20,5829661.440000001,2616805.8000000003,True,False,True,Sand,non_plastic,mineral,,Sand,Sand
c_01,217,c_01-217,MAYP1114611__216__00217.txt,continuous_spectra,sand,2025-05-20,5103092.559999999,2616805.8000000003,True,False,True,Sand,non_plastic,mineral,,Sand,Sand
c_01,218,c_01-218,MAYP1114611__217__00218.txt,continuous_spectra,sand,2025-05-20,5062667.440000001,2616805.8000000003,True,False,True,Sand,non_plastic,mineral,,Sand,Sand
c_01,219,c_01-219,MAYP1114611__218__00219.txt,continuous_spectra,sand,2025-05-20,4613332.559999999,2616805.8000000003,True,False,True,Sand,non_plastic,mineral,,Sand,Sand
c_01,220,c_01-220,MAYP1114611__219__00220.txt,continuous_spectra,sand,2025-05-20,4611317.0,2616805.8000000003,True,False,True,Sand,non_plastic,mineral,,Sand,Sand
c_01,221,c_01-221,MAYP1114611__220__00221.txt,continuous_spectra,sand,2025-05-20,4363960.0,2616805.8000000003,True,False,True,Sand,non_plastic,mineral,,Sand,Sand
c_01,225,c_01-225,MAYP1114611__224__00225.txt,continuous_spectra,sand,2025-05-20,4156547.0,2616805.8000000003,True,False,True,Sand,non_plastic,mineral,,Sand,Sand
c_01,226,c_01-226,MAYP1114611__225__00226.txt,continuous_spectra,sand,2025-05-20,6243396.440000001,2616805.8000000003,True,False,True,Sand,non_plastic,mineral,,Sand,Sand
c_01,227,c_01-227,MAYP1114611__226__00227.txt,continuous_spectra,sand,2025-05-20,5001778.0,2616805.8000000003,True,False,True,Sand,non_plastic,mineral,,Sand,Sand
c_01,228,c_01-228,MAYP1114611__227__00228.txt,continuous_spectra,sand,2025-05-20,5192738.559999999,2616805.8000000003,True,False,True,Sand,non_plastic,mineral,,Sand,Sand
c_01,229,c_01-229,MAYP1114611__228__00229.txt,continuous_spectra,sand,2025-05-20,5125532.0,2616805.8000000003,True,False,True,Sand,non_plastic,mineral,,Sand,Sand
c_01,230,c_01-230,MAYP1114611__229__00230.txt,continuous_spectra,sand,2025-05-20,4673105.440000001,2616805.8000000003,True,False,True,Sand,non_plastic,mineral,,Sand,Sand
c_01,231,c_01-231,MAYP1114611__230__00231.txt,continuous_spectra,sand,2025-05-20,5384797.559999999,2616805.8000000003,True,False,True,Sand,non_plastic,mineral,,Sand,Sand
c_01,232,c_01-232,MAYP1114611__231__00232.txt,continuous_spectra,sand,2025-05-20,4022827.0,2616805.8000000003,True,False,True,Sand,non_plastic,mineral,,Sand,Sand
c_01,235,c_01-235,MAYP1114611__234__00235.txt,continuous_spectra,sand,2025-05-20,4704432.559999999,2616805.8000000003,True,False,True,Sand,non_plastic,mineral,,Sand,Sand
c_01,236,c_01-236,MAYP1114611__235__00236.txt,continuous_spectra,sand,2025-05-20,5452521.559999999,2616805.8000000003,True,False,True,Sand,non_plastic,mineral,,Sand,Sand
c_01,237,c_01-237,MAYP1114611__236__00237.txt,continuous_spectra,sand,2025-05-20,4855590.559999999,2616805.8000000003,True,False,True,Sand,non_plastic,mineral,,Sand,Sand
c_01,238,c_01-238,MAYP1114611__237__00238.txt,continuous_spectra,sand,2025-05-20,3602578.0,2616805.8000000003,True,False,True,Sand,non_plastic,mineral,,Sand,Sand
c_01,239,c_01-239,MAYP1114611__238__00239.txt,continuous_spectra,sand,2025-05-20,3950883.0,2616805.8000000003,True,False,True,Sand,non_plastic,mineral,,Sand,Sand
c_01,240,c_01-240,MAYP1114611__239__00240.txt,continuous_spectra,sand,2025-05-20,4891217.0,2616805.8000000003,True,False,True,Sand,non_plastic,mineral,,Sand,Sand
c_01,241,c_01-241,MAYP1114611__240__00241.txt,continuous_spectra,sand,2025-05-20,5081642.559999999,2616805.8000000003,True,False,True,Sand,non_plastic,mineral,,Sand,Sand
c_01,242,c_01-242,MAYP1114611__241__00242.txt,continuous_spectra,sand,2025-05-20,5339509.440000001,2616805.8000000003,True,False,True,Sand,non_plastic,mineral,,Sand,Sand
c_01,243,c_01-243,MAYP1114611__242__00243.txt,continuous_spectra,sand,2025-05-20,4580092.559999999,2616805.8000000003,True,False,True,Sand,non_plastic,mineral,,Sand,Sand
c_01,246,c_01-246,MAYP1114611__245__00246.txt,continuous_spectra,sand,2025-05-20,3805735.440000002,2616805.8000000003,True,False,True,Sand,non_plastic,mineral,,Sand,Sand
c_01,247,c_01-247,MAYP1114611__246__00247.txt,continuous_spectra,sand,2025-05-20,5845997.0,2616805.8000000003,True,False,True,Sand,non_plastic,mineral,,Sand,Sand
c_01,248,c_01-248,MAYP1114611__247__00248.txt,continuous_spectra,sand,2025-05-20,6578293.0,2616805.8000000003,True,False,True,Sand,non_plastic,mineral,,Sand,Sand
c_01,249,c_01-249,MAYP1114611__248__00249.txt,continuous_spectra,sand,2025-05-20,6194441.440000001,2616805.8000000003,True,False,True,Sand,non_plastic,mineral,,Sand,Sand
c_01,250,c_01-250,MAYP1114611__249__00250.txt,continuous_spectra,sand,2025-05-20,5541820.440000001,2616805.8000000003,True,False,True,Sand,non_plastic,mineral,,Sand,Sand
c_01,251,c_01-251,MAYP1114611__250__00251.txt,continuous_spectra,sand,2025-05-20,6617687.0,2616805.8000000003,True,False,True,Sand,non_plastic,mineral,,Sand,Sand
c_01,252,c_01-252,MAYP1114611__251__00252.txt,continuous_spectra,sand,2025-05-20,6876283.559999999,2616805.8000000003,True,False,True,Sand,non_plastic,mineral,,Sand,Sand
c_01,253,c_01-253,MAYP1114611__252__00253.txt,continuous_spectra,sand,2025-05-20,6322509.559999999,2616805.8000000003,True,False,True,Sand,non_plastic,mineral,,Sand,Sand
c_01,257,c_01-257,MAYP1114611__256__00257.txt,continuous_spectra,sand,2025-05-20,2700447.4400000004,2616805.8000000003,True,False,True,Sand,non_plastic,mineral,,Sand,Sand
c_01,258,c_01-258,MAYP1114611__257__00258.txt,continuous_spectra,sand,2025-05-20,4500038.559999999,2616805.8000000003,True,False,True,Sand,non_plastic,mineral,,Sand,Sand
c_01,259,c_01-259,MAYP1114611__258__00259.txt,continuous_spectra,sand,2025-05-20,5253944.0,2616805.8000000003,True,False,True,Sand,non_plastic,mineral,,Sand,Sand
c_01,260,c_01-260,MAYP1114611__259__00260.txt,continuous_spectra,sand,2025-05-20,5994715.559999999,2616805.8000000003,True,False,True,Sand,non_plastic,mineral,,Sand,Sand
c_01,261,c_01-261,MAYP1114611__260__00261.txt,continuous_spectra,sand,2025-05-20,7131420.440000001,2616805.8000000003,True,False,True,Sand,non_plastic,mineral,,Sand,Sand
c_01,262,c_01-262,MAYP1114611__261__00262.txt,continuous_spectra,sand,2025-05-20,8245531.0,2616805.8000000003,True,False,True,Sand,non_plastic,mineral,,Sand,Sand
c_01,263,c_01-263,MAYP1114611__262__00263.txt,continuous_spectra,sand,2025-05-20,6293361.559999999,2616805.8000000003,True,False,True,Sand,non_plastic,mineral,,Sand,Sand
c_01,264,c_01-264,MAYP1114611__263__00264.txt,continuous_spectra,sand,2025-05-20,5787163.440000001,2616805.8000000003,True,False,True,Sand,non_plastic,mineral,,Sand,Sand
c_01,269,c_01-269,MAYP1114611__268__00269.txt,continuous_spectra,sand,2025-05-20,3848782.440000002,2616805.8000000003,True,False,True,Sand,non_plastic,mineral,,Sand,Sand
c_01,270,c_01-270,MAYP1114611__269__00270.txt,continuous_spectra,sand,2025-05-20,4608084.559999999,2616805.8000000003,True,False,True,Sand,non_plastic,mineral,,Sand,Sand
c_01,271,c_01-271,MAYP1114611__270__00271.txt,continuous_spectra,sand,2025-05-20,5108225.0,2616805.8000000003,True,False,True,Sand,non_plastic,mineral,,Sand,Sand
c_01,272,c_01-272,MAYP1114611__271__00272.txt,continuous_spectra,sand,2025-05-20,6186649.559999999,2616805.8000000003,True,False,True,Sand,non_plastic,mineral,,Sand,Sand
c_01,273,c_01-273,MAYP1114611__272__00273.txt,continuous_spectra,sand,2025-05-20,6494918.559999999,2616805.8000000003,True,False,True,Sand,non_plastic,mineral,,Sand,Sand
c_01,274,c_01-274,MAYP1114611__273__00274.txt,continuous_spectra,sand,2025-05-20,6096574.440000001,2616805.8000000003,True,False,True,Sand,non_plastic,mineral,,Sand,Sand
c_01,275,c_01-275,MAYP1114611__274__00275.txt,continuous_spectra,sand,2025-05-20,5927331.559999999,2616805.8000000003,True,False,True,Sand,non_plastic,mineral,,Sand,Sand
c_01,276,c_01-276,MAYP1114611__275__00276.txt,continuous_spectra,sand,2025-05-20,2634554.4400000004,2616805.8000000003,True,False,True,Sand,non_plastic,mineral,,Sand,PE-HD (blue)
c_02,29,c_02-029,MAYP1114611__28__00029.txt,continuous_spectra,ps,2025-06-10,5110615.559999999,3364055.394,True,False,True,PS,plastic,polymer,PS,PS,PS
c_02,30,c_02-030,MAYP1114611__29__00030.txt,continuous_spectra,ps,2025-06-10,10195233.56,3364055.394,True,False,True,PS,plastic,polymer,PS,PS,PS
c_02,31,c_02-031,MAYP1114611__30__00031.txt,continuous_spectra,ps,2025-06-10,13249087.439999998,3364055.394,True,False,True,PS,plastic,polymer,PS,PS,PS
c_02,32,c_02-032,MAYP1114611__31__00032.txt,continuous_spectra,ps,2025-06-10,11291883.56,3364055.394,True,False,True,PS,plastic,polymer,PS,PS,PS
c_02,33,c_02-033,MAYP1114611__32__00033.txt,continuous_spectra,ps,2025-06-10,11606316.44,3364055.394,True,False,True,PS,plastic,polymer,PS,PS,PS
c_02,34,c_02-034,MAYP1114611__33__00034.txt,continuous_spectra,ps,2025-06-10,9073095.0,3364055.394,True,False,True,PS,plastic,polymer,PS,PS,PS
c_02,35,c_02-035,MAYP1114611__34__00035.txt,continuous_spectra,ps,2025-06-10,8460000.440000001,3364055.394,True,False,True,PS,plastic,polymer,PS,PS,PS
c_02,36,c_02-036,MAYP1114611__35__00036.txt,continuous_spectra,ps,2025-06-10,6779516.0,3364055.394,True,False,True,PS,plastic,polymer,PS,PS,PS
c_02,37,c_02-037,MAYP1114611__36__00037.txt,continuous_spectra,ps,2025-06-10,4156226.0,3364055.394,True,False,True,PS,plastic,polymer,PS,PS,PS
c_02,41,c_02-041,MAYP1114611__40__00041.txt,continuous_spectra,ps,2025-06-10,5466743.559999999,3364055.394,True,False,True,PS,plastic,polymer,PS,PS,PS
c_02,42,c_02-042,MAYP1114611__41__00042.txt,continuous_spectra,ps,2025-06-10,13368671.560000002,3364055.394,True,False,True,PS,plastic,polymer,PS,PS,PS
c_02,43,c_02-043,MAYP1114611__42__00043.txt,continuous_spectra,ps,2025-06-10,12782499.0,3364055.394,True,False,True,PS,plastic,polymer,PS,PS,PS
c_02,44,c_02-044,MAYP1114611__43__00044.txt,continuous_spectra,ps,2025-06-10,14409982.44,3364055.394,True,False,True,PS,plastic,polymer,PS,PS,PS
c_02,45,c_02-045,MAYP1114611__44__00045.txt,continuous_spectra,ps,2025-06-10,12164040.0,3364055.394,True,False,True,PS,plastic,polymer,PS,PS,PS
c_02,46,c_02-046,MAYP1114611__45__00046.txt,continuous_spectra,ps,2025-06-10,8889074.440000001,3364055.394,True,False,True,PS,plastic,polymer,PS,PS,PS
c_02,47,c_02-047,MAYP1114611__46__00047.txt,continuous_spectra,ps,2025-06-10,6072823.440000001,3364055.394,True,False,True,PS,plastic,polymer,PS,PS,PS
c_02,52,c_02-052,MAYP1114611__51__00052.txt,continuous_spectra,ps,2025-06-10,5139871.559999999,3364055.394,True,False,True,PS,plastic,polymer,PS,PS,PS
c_02,53,c_02-053,MAYP1114611__52__00053.txt,continuous_spectra,ps,2025-06-10,12060209.56,3364055.394,True,False,True,PS,plastic,polymer,PS,PS,PS
c_02,54,c_02-054,MAYP1114611__53__00054.txt,continuous_spectra,ps,2025-06-10,10809813.0,3364055.394,True,False,True,PS,plastic,polymer,PS,PS,PS
c_02,55,c_02-055,MAYP1114611__54__00055.txt,continuous_spectra,ps,2025-06-10,6681343.440000001,3364055.394,True,False,True,PS,plastic,polymer,PS,PS,PS
c_02,56,c_02-056,MAYP1114611__55__00056.txt,continuous_spectra,ps,2025-06-10,10723394.44,3364055.394,True,False,True,PS,plastic,polymer,PS,PS,PS
c_02,57,c_02-057,MAYP1114611__56__00057.txt,continuous_spectra,ps,2025-06-10,8760770.440000001,3364055.394,True,False,True,PS,plastic,polymer,PS,PS,PS
c_02,58,c_02-058,MAYP1114611__57__00058.txt,continuous_spectra,ps,2025-06-10,7747974.440000001,3364055.394,True,False,True,PS,plastic,polymer,PS,PS,PS
c_02,59,c_02-059,MAYP1114611__58__00059.txt,continuous_spectra,ps,2025-06-10,3769315.440000001,3364055.394,True,False,True,PS,plastic,polymer,PS,PS,PS
c_02,63,c_02-063,MAYP1114611__62__00063.txt,continuous_spectra,ps,2025-06-10,5338196.559999999,3364055.394,True,False,True,PS,plastic,polymer,PS,PS,PS
c_02,64,c_02-064,MAYP1114611__63__00064.txt,continuous_spectra,ps,2025-06-10,8214727.440000001,3364055.394,True,False,True,PS,plastic,polymer,PS,PS,PS
c_02,65,c_02-065,MAYP1114611__64__00065.txt,continuous_spectra,ps,2025-06-10,7963860.0,3364055.394,True,False,True,PS,plastic,polymer,PS,PS,PS
c_02,66,c_02-066,MAYP1114611__65__00066.txt,continuous_spectra,ps,2025-06-10,10181312.56,3364055.394,True,False,True,PS,plastic,polymer,PS,PS,PS
c_02,67,c_02-067,MAYP1114611__66__00067.txt,continuous_spectra,ps,2025-06-10,11170588.44,3364055.394,True,False,True,PS,plastic,polymer,PS,PS,PS
c_02,68,c_02-068,MAYP1114611__67__00068.txt,continuous_spectra,ps,2025-06-10,9701366.0,3364055.394,True,False,True,PS,plastic,polymer,PS,PS,PS
c_02,69,c_02-069,MAYP1114611__68__00069.txt,continuous_spectra,ps,2025-06-10,5414447.559999999,3364055.394,True,False,True,PS,plastic,polymer,PS,PS,PS
c_02,74,c_02-074,MAYP1114611__73__00074.txt,continuous_spectra,ps,2025-06-10,7950815.559999999,3364055.394,True,False,True,PS,plastic,polymer,PS,PS,PS
c_02,75,c_02-075,MAYP1114611__74__00075.txt,continuous_spectra,ps,2025-06-10,7971127.0,3364055.394,True,False,True,PS,plastic,polymer,PS,PS,PS
c_02,76,c_02-076,MAYP1114611__75__00076.txt,continuous_spectra,ps,2025-06-10,5502479.0,3364055.394,True,False,True,PS,plastic,polymer,PS,PS,PS
c_02,77,c_02-077,MAYP1114611__76__00077.txt,continuous_spectra,ps,2025-06-10,10491674.56,3364055.394,True,False,True,PS,plastic,polymer,PS,PS,PS
c_02,78,c_02-078,MAYP1114611__77__00078.txt,continuous_spectra,ps,2025-06-10,8508034.440000001,3364055.394,True,False,True,PS,plastic,polymer,PS,PS,PS
c_02,79,c_02-079,MAYP1114611__78__00079.txt,continuous_spectra,ps,2025-06-10,5778166.440000001,3364055.394,True,False,True,PS,plastic,polymer,PS,PS,PS
c_02,80,c_02-080,MAYP1114611__79__00080.txt,continuous_spectra,ps,2025-06-10,4931648.440000001,3364055.394,True,False,True,PS,plastic,polymer,PS,PS,PS
c_02,81,c_02-081,MAYP1114611__80__00081.txt,continuous_spectra,ps,2025-06-10,3482771.559999999,3364055.394,True,False,True,PS,plastic,polymer,PS,PS,PS
c_02,85,c_02-085,MAYP1114611__84__00085.txt,continuous_spectra,ps,2025-06-10,4589976.0,3364055.394,True,False,True,PS,plastic,polymer,PS,PS,PS
c_02,86,c_02-086,MAYP1114611__85__00086.txt,continuous_spectra,ps,2025-06-10,7126625.559999999,3364055.394,True,False,True,PS,plastic,polymer,PS,PS,PS
c_02,87,c_02-087,MAYP1114611__86__00087.txt,continuous_spectra,ps,2025-06-10,10031824.44,3364055.394,True,False,True,PS,plastic,polymer,PS,PS,PS
c_02,88,c_02-088,MAYP1114611__87__00088.txt,continuous_spectra,ps,2025-06-10,9453041.0,3364055.394,True,False,True,PS,plastic,polymer,PS,PS,PS
c_02,89,c_02-089,MAYP1114611__88__00089.txt,continuous_spectra,ps,2025-06-10,5444046.440000001,3364055.394,True,False,True,PS,plastic,polymer,PS,PS,PS
c_02,90,c_02-090,MAYP1114611__89__00090.txt,continuous_spectra,ps,2025-06-10,7890156.559999999,3364055.394,True,False,True,PS,plastic,polymer,PS,PS,PS
c_02,91,c_02-091,MAYP1114611__90__00091.txt,continuous_spectra,ps,2025-06-10,4027302.559999998,3364055.394,True,False,True,PS,plastic,polymer,PS,PS,PS
c_02,123,c_02-123,MAYP1114611__122__00123.txt,continuous_spectra,ps,2025-06-10,4487461.440000001,3364055.394,True,False,True,PS,plastic,polymer,PS,PS,PS
c_02,124,c_02-124,MAYP1114611__123__00124.txt,continuous_spectra,ps,2025-06-10,9363669.56,3364055.394,True,False,True,PS,plastic,polymer,PS,PS,PS
c_02,125,c_02-125,MAYP1114611__124__00125.txt,continuous_spectra,ps,2025-06-10,7433363.440000001,3364055.394,True,False,True,PS,plastic,polymer,PS,PS,PS
c_02,126,c_02-126,MAYP1114611__125__00126.txt,continuous_spectra,ps,2025-06-10,10249581.44,3364055.394,True,False,True,PS,plastic,polymer,PS,PS,PS
c_02,127,c_02-127,MAYP1114611__126__00127.txt,continuous_spectra,ps,2025-06-10,10001849.0,3364055.394,True,False,True,PS,plastic,polymer,PS,PS,PS
c_02,128,c_02-128,MAYP1114611__127__00128.txt,continuous_spectra,ps,2025-06-10,8169739.0,3364055.394,True,False,True,PS,plastic,polymer,PS,PS,PS
c_02,129,c_02-129,MAYP1114611__128__00129.txt,continuous_spectra,ps,2025-06-10,11017868.44,3364055.394,True,False,True,PS,plastic,polymer,PS,PS,PS
c_02,130,c_02-130,MAYP1114611__129__00130.txt,continuous_spectra,ps,2025-06-10,3891710.0,3364055.394,True,False,True,PS,plastic,polymer,PS,PS,PS
c_02,134,c_02-134,MAYP1114611__133__00134.txt,continuous_spectra,ps,2025-06-10,8063677.559999999,3364055.394,True,False,True,PS,plastic,polymer,PS,PS,PS
c_02,135,c_02-135,MAYP1114611__134__00135.txt,continuous_spectra,ps,2025-06-10,9287524.0,3364055.394,True,False,True,PS,plastic,polymer,PS,PS,PS
c_02,136,c_02-136,MAYP1114611__135__00136.txt,continuous_spectra,ps,2025-06-10,7232819.559999999,3364055.394,True,False,True,PS,plastic,polymer,PS,PS,PS
c_02,137,c_02-137,MAYP1114611__136__00137.txt,continuous_spectra,ps,2025-06-10,10693975.0,3364055.394,True,False,True,PS,plastic,polymer,PS,PS,PS
c_02,138,c_02-138,MAYP1114611__137__00138.txt,continuous_spectra,ps,2025-06-10,9871207.0,3364055.394,True,False,True,PS,plastic,polymer,PS,PS,PS
c_02,139,c_02-139,MAYP1114611__138__00139.txt,continuous_spectra,ps,2025-06-10,9768370.56,3364055.394,True,False,True,PS,plastic,polymer,PS,PS,PS
c_02,140,c_02-140,MAYP1114611__139__00140.txt,continuous_spectra,ps,2025-06-10,4510336.559999999,3364055.394,True,False,True,PS,plastic,polymer,PS,PS,PS
c_02,144,c_02-144,MAYP1114611__143__00144.txt,continuous_spectra,ps,2025-06-10,3900649.440000001,3364055.394,True,False,True,PS,plastic,polymer,PS,PS,PS
c_02,145,c_02-145,MAYP1114611__144__00145.txt,continuous_spectra,ps,2025-06-10,10652011.0,3364055.394,True,False,True,PS,plastic,polymer,PS,PS,PS
c_02,146,c_02-146,MAYP1114611__145__00146.txt,continuous_spectra,ps,2025-06-10,12381084.44,3364055.394,True,False,True,PS,plastic,polymer,PS,PS,PS
c_02,147,c_02-147,MAYP1114611__146__00147.txt,continuous_spectra,ps,2025-06-10,8057282.440000001,3364055.394,True,False,True,PS,plastic,polymer,PS,PS,PS
c_02,148,c_02-148,MAYP1114611__147__00148.txt,continuous_spectra,ps,2025-06-10,9068711.56,3364055.394,True,False,True,PS,plastic,polymer,PS,PS,PS
c_02,149,c_02-149,MAYP1114611__148__00149.txt,continuous_spectra,ps,2025-06-10,7544250.0,3364055.394,True,False,True,PS,plastic,polymer,PS,PS,PS
c_02,150,c_02-150,MAYP1114611__149__00150.txt,continuous_spectra,ps,2025-06-10,9899818.0,3364055.394,True,False,True,PS,plastic,polymer,PS,PS,PS
c_02,151,c_02-151,MAYP1114611__150__00151.txt,continuous_spectra,ps,2025-06-10,8534414.440000001,3364055.394,True,False,True,PS,plastic,polymer,PS,PS,PS
c_02,152,c_02-152,MAYP1114611__151__00152.txt,continuous_spectra,ps,2025-06-10,3550144.0,3364055.394,True,False,True,PS,plastic,polymer,PS,PS,PS
c_02,156,c_02-156,MAYP1114611__155__00156.txt,continuous_spectra,ps,2025-06-10,8396700.559999999,3364055.394,True,False,True,PS,plastic,polymer,PS,PS,PS
c_02,157,c_02-157,MAYP1114611__156__00157.txt,continuous_spectra,ps,2025-06-10,10516149.0,3364055.394,True,False,True,PS,plastic,polymer,PS,PS,PS
c_02,158,c_02-158,MAYP1114611__157__00158.txt,continuous_spectra,ps,2025-06-10,9765884.56,3364055.394,True,False,True,PS,plastic,polymer,PS,PS,PS
c_02,159,c_02-159,MAYP1114611__158__00159.txt,continuous_spectra,ps,2025-06-10,11591857.0,3364055.394,True,False,True,PS,plastic,polymer,PS,PS,PS
c_02,160,c_02-160,MAYP1114611__159__00160.txt,continuous_spectra,ps,2025-06-10,7941691.559999999,3364055.394,True,False,True,PS,plastic,polymer,PS,PS,PS
c_02,161,c_02-161,MAYP1114611__160__00161.txt,continuous_spectra,ps,2025-06-10,8325256.0,3364055.394,True,False,True,PS,plastic,polymer,PS,PS,PS
c_02,162,c_02-162,MAYP1114611__161__00162.txt,continuous_spectra,ps,2025-06-10,7220152.440000001,3364055.394,True,False,True,PS,plastic,polymer,PS,PS,PS
c_02,166,c_02-166,MAYP1114611__165__00166.txt,continuous_spectra,ps,2025-06-10,6909680.440000001,3364055.394,True,False,True,PS,plastic,polymer,PS,PS,PS
c_02,167,c_02-167,MAYP1114611__166__00167.txt,continuous_spectra,ps,2025-06-10,12856807.44,3364055.394,True,False,True,PS,plastic,polymer,PS,PS,PS
c_02,168,c_02-168,MAYP1114611__167__00168.txt,continuous_spectra,ps,2025-06-10,10773566.56,3364055.394,True,False,True,PS,plastic,polymer,PS,PS,PS
c_02,169,c_02-169,MAYP1114611__168__00169.txt,continuous_spectra,ps,2025-06-10,9126620.56,3364055.394,True,False,True,PS,plastic,polymer,PS,PS,PS
c_02,170,c_02-170,MAYP1114611__169__00170.txt,continuous_spectra,ps,2025-06-10,13128451.560000002,3364055.394,True,False,True,PS,plastic,polymer,PS,PS,PS
c_02,171,c_02-171,MAYP1114611__170__00171.txt,continuous_spectra,ps,2025-06-10,13647026.0,3364055.394,True,False,True,PS,plastic,polymer,PS,PS,PS
c_02,172,c_02-172,MAYP1114611__171__00172.txt,continuous_spectra,ps,2025-06-10,10243524.44,3364055.394,True,False,True,PS,plastic,polymer,PS,PS,PS
c_02,173,c_02-173,MAYP1114611__172__00173.txt,continuous_spectra,ps,2025-06-10,9276590.56,3364055.394,True,False,True,PS,plastic,polymer,PS,PS,PS
c_02,177,c_02-177,MAYP1114611__176__00177.txt,continuous_spectra,ps,2025-06-10,4210533.0,3364055.394,True,False,True,PS,plastic,polymer,PS,PS,PS
c_02,178,c_02-178,MAYP1114611__177__00178.txt,continuous_spectra,ps,2025-06-10,10356658.0,3364055.394,True,False,True,PS,plastic,polymer,PS,PS,PS
c_02,179,c_02-179,MAYP1114611__178__00179.txt,continuous_spectra,ps,2025-06-10,7155608.0,3364055.394,True,False,True,PS,plastic,polymer,PS,PS,PS
c_02,180,c_02-180,MAYP1114611__179__00180.txt,continuous_spectra,ps,2025-06-10,9622868.44,3364055.394,True,False,True,PS,plastic,polymer,PS,PS,PS
c_02,181,c_02-181,MAYP1114611__180__00181.txt,continuous_spectra,ps,2025-06-10,9160621.0,3364055.394,True,False,True,PS,plastic,polymer,PS,PS,PS
c_02,182,c_02-182,MAYP1114611__181__00182.txt,continuous_spectra,ps,2025-06-10,7859130.559999999,3364055.394,True,False,True,PS,plastic,polymer,PS,PS,PS
c_02,183,c_02-183,MAYP1114611__182__00183.txt,continuous_spectra,ps,2025-06-10,12818357.44,3364055.394,True,False,True,PS,plastic,polymer,PS,PS,PS
c_02,184,c_02-184,MAYP1114611__183__00184.txt,continuous_spectra,ps,2025-06-10,6980538.440000001,3364055.394,True,False,True,PS,plastic,polymer,PS,PS,PS
c_02,215,c_02-215,MAYP1114611__214__00215.txt,continuous_spectra,ps,2025-06-10,3596590.0,3364055.394,True,False,True,PS,plastic,polymer,PS,PS,PS
c_02,216,c_02-216,MAYP1114611__215__00216.txt,continuous_spectra,ps,2025-06-10,6356905.440000001,3364055.394,True,False,True,PS,plastic,polymer,PS,PS,PS
c_02,217,c_02-217,MAYP1114611__216__00217.txt,continuous_spectra,ps,2025-06-10,7270552.440000001,3364055.394,True,False,True,PS,plastic,polymer,PS,PS,PS
c_02,218,c_02-218,MAYP1114611__217__00218.txt,continuous_spectra,ps,2025-06-10,6785950.440000001,3364055.394,True,False,True,PS,plastic,polymer,PS,PS,PS
c_02,219,c_02-219,MAYP1114611__218__00219.txt,continuous_spectra,ps,2025-06-10,10606294.44,3364055.394,True,False,True,PS,plastic,polymer,PS,PS,PS
c_02,220,c_02-220,MAYP1114611__219__00220.txt,continuous_spectra,ps,2025-06-10,10462724.44,3364055.394,True,False,True,PS,plastic,polymer,PS,PS,PS
c_02,221,c_02-221,MAYP1114611__220__00221.txt,continuous_spectra,ps,2025-06-10,7972149.440000001,3364055.394,True,False,True,PS,plastic,polymer,PS,PS,PS
c_02,222,c_02-222,MAYP1114611__221__00222.txt,continuous_spectra,ps,2025-06-10,7730660.0,3364055.394,True,False,True,PS,plastic,polymer,PS,PS,PS
c_02,223,c_02-223,MAYP1114611__222__00223.txt,continuous_spectra,ps,2025-06-10,3392477.559999999,3364055.394,True,False,True,PS,plastic,polymer,PS,PS,PS
c_02,227,c_02-227,MAYP1114611__226__00227.txt,continuous_spectra,ps,2025-06-10,7090330.559999999,3364055.394,True,False,True,PS,plastic,polymer,PS,PS,PS
c_02,228,c_02-228,MAYP1114611__227__00228.txt,continuous_spectra,ps,2025-06-10,10921102.56,3364055.394,True,False,True,PS,plastic,polymer,PS,PS,PS
c_02,229,c_02-229,MAYP1114611__228__00229.txt,continuous_spectra,ps,2025-06-10,8153688.559999999,3364055.394,True,False,True,PS,plastic,polymer,PS,PS,PS
c_02,230,c_02-230,MAYP1114611__229__00230.txt,continuous_spectra,ps,2025-06-10,8219843.440000001,3364055.394,True,False,True,PS,plastic,polymer,PS,PS,PS
c_02,231,c_02-231,MAYP1114611__230__00231.txt,continuous_spectra,ps,2025-06-10,9746988.56,3364055.394,True,False,True,PS,plastic,polymer,PS,PS,PS
c_02,232,c_02-232,MAYP1114611__231__00232.txt,continuous_spectra,ps,2025-06-10,9443006.44,3364055.394,True,False,True,PS,plastic,polymer,PS,PS,PS
c_02,233,c_02-233,MAYP1114611__232__00233.txt,continuous_spectra,ps,2025-06-10,6028807.440000001,3364055.394,True,False,True,PS,plastic,polymer,PS,PS,PS
c_02,237,c_02-237,MAYP1114611__236__00237.txt,continuous_spectra,ps,2025-06-10,4224112.0,3364055.394,True,False,True,PS,plastic,polymer,PS,PS,PS
c_02,238,c_02-238,MAYP1114611__237__00238.txt,continuous_spectra,ps,2025-06-10,6922792.0,3364055.394,True,False,True,PS,plastic,polymer,PS,PS,PS
c_02,239,c_02-239,MAYP1114611__238__00239.txt,continuous_spectra,ps,2025-06-10,7269552.559999999,3364055.394,True,False,True,PS,plastic,polymer,PS,PS,PS
c_02,240,c_02-240,MAYP1114611__239__00240.txt,continuous_spectra,ps,2025-06-10,8601475.559999999,3364055.394,True,False,True,PS,plastic,polymer,PS,PS,PS
c_02,241,c_02-241,MAYP1114611__240__00241.txt,continuous_spectra,ps,2025-06-10,8310494.0,3364055.394,True,False,True,PS,plastic,polymer,PS,PS,PS
c_02,242,c_02-242,MAYP1114611__241__00242.txt,continuous_spectra,ps,2025-06-10,10007009.44,3364055.394,True,False,True,PS,plastic,polymer,PS,PS,PS
c_02,243,c_02-243,MAYP1114611__242__00243.txt,continuous_spectra,ps,2025-06-10,8641142.0,3364055.394,True,False,True,PS,plastic,polymer,PS,PS,PS
c_02,244,c_02-244,MAYP1114611__243__00244.txt,continuous_spectra,ps,2025-06-10,7093021.440000001,3364055.394,True,False,True,PS,plastic,polymer,PS,PS,PS
c_02,248,c_02-248,MAYP1114611__247__00248.txt,continuous_spectra,ps,2025-06-10,4257579.0,3364055.394,True,False,True,PS,plastic,polymer,PS,PS,PS
c_02,249,c_02-249,MAYP1114611__248__00249.txt,continuous_spectra,ps,2025-06-10,8354052.440000001,3364055.394,True,False,True,PS,plastic,polymer,PS,PS,PS
c_02,250,c_02-250,MAYP1114611__249__00250.txt,continuous_spectra,ps,2025-06-10,9354740.44,3364055.394,True,False,True,PS,plastic,polymer,PS,PS,PS
c_02,251,c_02-251,MAYP1114611__250__00251.txt,continuous_spectra,ps,2025-06-10,11944479.56,3364055.394,True,False,True,PS,plastic,polymer,PS,PS,PS
c_02,252,c_02-252,MAYP1114611__251__00252.txt,continuous_spectra,ps,2025-06-10,11119832.56,3364055.394,True,False,True,PS,plastic,polymer,PS,PS,PS
c_02,253,c_02-253,MAYP1114611__252__00253.txt,continuous_spectra,ps,2025-06-10,12142884.0,3364055.394,True,False,True,PS,plastic,polymer,PS,PS,PS
c_02,254,c_02-254,MAYP1114611__253__00254.txt,continuous_spectra,ps,2025-06-10,6691632.559999999,3364055.394,True,False,True,PS,plastic,polymer,PS,PS,PS
c_02,255,c_02-255,MAYP1114611__254__00255.txt,continuous_spectra,ps,2025-06-10,4552364.0,3364055.394,True,False,True,PS,plastic,polymer,PS,PS,PS
c_02,258,c_02-258,MAYP1114611__257__00258.txt,continuous_spectra,ps,2025-06-10,3436729.0,3364055.394,True,False,True,PS,plastic,polymer,PS,PS,PS
c_02,259,c_02-259,MAYP1114611__258__00259.txt,continuous_spectra,ps,2025-06-10,8517782.0,3364055.394,True,False,True,PS,plastic,polymer,PS,PS,PS
c_02,260,c_02-260,MAYP1114611__259__00260.txt,continuous_spectra,ps,2025-06-10,10483974.44,3364055.394,True,False,True,PS,plastic,polymer,PS,PS,PS
c_02,261,c_02-261,MAYP1114611__260__00261.txt,continuous_spectra,ps,2025-06-10,10171545.44,3364055.394,True,False,True,PS,plastic,polymer,PS,PS,PS
c_02,262,c_02-262,MAYP1114611__261__00262.txt,continuous_spectra,ps,2025-06-10,10077175.44,3364055.394,True,False,True,PS,plastic,polymer,PS,PS,PS
c_02,263,c_02-263,MAYP1114611__262__00263.txt,continuous_spectra,ps,2025-06-10,12806113.56,3364055.394,True,False,True,PS,plastic,polymer,PS,PS,PS
c_02,264,c_02-264,MAYP1114611__263__00264.txt,continuous_spectra,ps,2025-06-10,10357136.44,3364055.394,True,False,True,PS,plastic,polymer,PS,PS,PS
c_02,265,c_02-265,MAYP1114611__264__00265.txt,continuous_spectra,ps,2025-06-10,10724336.0,3364055.394,True,False,True,PS,plastic,polymer,PS,PS,PS
c_02,266,c_02-266,MAYP1114611__265__00266.txt,continuous_spectra,ps,2025-06-10,10411302.56,3364055.394,True,False,True,PS,plastic,polymer,PS,PS,PS
c_02,267,c_02-267,MAYP1114611__266__00267.txt,continuous_spectra,ps,2025-06-10,5138517.440000001,3364055.394,True,False,True,PS,plastic,polymer,PS,PS,PS
c_02,268,c_02-268,MAYP1114611__267__00268.txt,continuous_spectra,ps,2025-06-10,3621510.559999999,3364055.394,True,False,True,PS,plastic,polymer,PS,PS,PS
c_02,269,c_02-269,MAYP1114611__268__00269.txt,continuous_spectra,ps,2025-06-10,7252842.0,3364055.394,True,False,True,PS,plastic,polymer,PS,PS,PS
c_02,270,c_02-270,MAYP1114611__269__00270.txt,continuous_spectra,ps,2025-06-10,8531980.440000001,3364055.394,True,False,True,PS,plastic,polymer,PS,PS,PS
c_02,271,c_02-271,MAYP1114611__270__00271.txt,continuous_spectra,ps,2025-06-10,9276447.0,3364055.394,True,False,True,PS,plastic,polymer,PS,PS,PS
c_02,272,c_02-272,MAYP1114611__271__00272.txt,continuous_spectra,ps,2025-06-10,10123175.44,3364055.394,True,False,True,PS,plastic,polymer,PS,PS,PS
c_02,273,c_02-273,MAYP1114611__272__00273.txt,continuous_spectra,ps,2025-06-10,11647483.56,3364055.394,True,False,True,PS,plastic,polymer,PS,PS,PS
c_02,274,c_02-274,MAYP1114611__273__00274.txt,continuous_spectra,ps,2025-06-10,11406195.56,3364055.394,True,False,True,PS,plastic,polymer,PS,PS,PS
c_02,275,c_02-275,MAYP1114611__274__00275.txt,continuous_spectra,ps,2025-06-10,9352220.44,3364055.394,True,False,True,PS,plastic,polymer,PS,PS,PS
c_02,276,c_02-276,MAYP1114611__275__00276.txt,continuous_spectra,ps,2025-06-10,8657715.0,3364055.394,True,False,True,PS,plastic,polymer,PS,PS,PS
c_02,277,c_02-277,MAYP1114611__276__00277.txt,continuous_spectra,ps,2025-06-10,4268629.0,3364055.394,True,False,True,PS,plastic,polymer,PS,PS,PS
c_03,29,c_03-029,MAYP1114611__32__00333.txt,continuous_spectra,test_tube,2025-06-10,4043976.440000002,3344930.9250000003,True,False,True,Test tube,non_plastic,glass,,Test tube,Test tube
c_03,30,c_03-030,MAYP1114611__33__00334.txt,continuous_spectra,test_tube,2025-06-10,6820684.0,3344930.9250000003,True,False,True,Test tube,non_plastic,glass,,Test tube,Test tube
c_03,31,c_03-031,MAYP1114611__34__00335.txt,continuous_spectra,test_tube,2025-06-10,9539049.0,3344930.9250000003,True,False,True,Test tube,non_plastic,glass,,Test tube,Test tube
c_03,32,c_03-032,MAYP1114611__35__00336.txt,continuous_spectra,test_tube,2025-06-10,9682574.44,3344930.9250000003,True,False,True,Test tube,non_plastic,glass,,Test tube,Test tube
c_03,33,c_03-033,MAYP1114611__36__00337.txt,continuous_spectra,test_tube,2025-06-10,10557852.44,3344930.9250000003,True,False,True,Test tube,non_plastic,glass,,Test tube,Test tube
c_03,34,c_03-034,MAYP1114611__37__00338.txt,continuous_spectra,test_tube,2025-06-10,10720987.0,3344930.9250000003,True,False,True,Test tube,non_plastic,glass,,Test tube,Test tube
c_03,35,c_03-035,MAYP1114611__38__00339.txt,continuous_spectra,test_tube,2025-06-10,11134613.0,3344930.9250000003,True,False,True,Test tube,non_plastic,glass,,Test tube,Test tube
c_03,36,c_03-036,MAYP1114611__39__00340.txt,continuous_spectra,test_tube,2025-06-10,7146704.0,3344930.9250000003,True,False,True,Test tube,non_plastic,glass,,Test tube,Test tube
c_03,40,c_03-040,MAYP1114611__43__00344.txt,continuous_spectra,test_tube,2025-06-10,4415587.440000001,3344930.9250000003,True,False,True,Test tube,non_plastic,glass,,Test tube,Test tube
c_03,41,c_03-041,MAYP1114611__44__00345.txt,continuous_spectra,test_tube,2025-06-10,5428654.440000001,3344930.9250000003,True,False,True,Test tube,non_plastic,glass,,Test tube,Test tube
c_03,42,c_03-042,MAYP1114611__45__00346.txt,continuous_spectra,test_tube,2025-06-10,6670621.0,3344930.9250000003,True,False,True,Test tube,non_plastic,glass,,Test tube,Test tube
c_03,43,c_03-043,MAYP1114611__46__00347.txt,continuous_spectra,test_tube,2025-06-10,4225678.0,3344930.9250000003,True,False,True,Test tube,non_plastic,glass,,Test tube,Test tube
c_03,44,c_03-044,MAYP1114611__47__00348.txt,continuous_spectra,test_tube,2025-06-10,4769777.440000001,3344930.9250000003,True,False,True,Test tube,non_plastic,glass,,Test tube,Test tube
c_03,45,c_03-045,MAYP1114611__48__00349.txt,continuous_spectra,test_tube,2025-06-10,4318722.440000001,3344930.9250000003,True,False,True,Test tube,non_plastic,glass,,Test tube,Test tube
c_03,46,c_03-046,MAYP1114611__49__00350.txt,continuous_spectra,test_tube,2025-06-10,4193932.0,3344930.9250000003,True,False,True,Test tube,non_plastic,glass,,Test tube,Test tube
c_03,47,c_03-047,MAYP1114611__50__00351.txt,continuous_spectra,test_tube,2025-06-10,4108918.0,3344930.9250000003,True,False,True,Test tube,non_plastic,glass,,Test tube,Test tube
c_03,51,c_03-051,MAYP1114611__54__00355.txt,continuous_spectra,test_tube,2025-06-10,4753769.559999999,3344930.9250000003,True,False,True,Test tube,non_plastic,glass,,Test tube,Test tube
c_03,52,c_03-052,MAYP1114611__55__00356.txt,continuous_spectra,test_tube,2025-06-10,9525267.0,3344930.9250000003,True,False,True,Test tube,non_plastic,glass,,Test tube,Test tube
c_03,53,c_03-053,MAYP1114611__56__00357.txt,continuous_spectra,test_tube,2025-06-10,9981270.44,3344930.9250000003,True,False,True,Test tube,non_plastic,glass,,Test tube,Test tube
c_03,54,c_03-054,MAYP1114611__57__00358.txt,continuous_spectra,test_tube,2025-06-10,8758766.440000001,3344930.9250000003,True,False,True,Test tube,non_plastic,glass,,Test tube,Test tube
c_03,55,c_03-055,MAYP1114611__58__00359.txt,continuous_spectra,test_tube,2025-06-10,5795056.559999999,3344930.9250000003,True,False,True,Test tube,non_plastic,glass,,Test tube,Test tube
c_03,56,c_03-056,MAYP1114611__59__00360.txt,continuous_spectra,test_tube,2025-06-10,9801227.0,3344930.9250000003,True,False,True,Test tube,non_plastic,glass,,Test tube,Test tube
c_03,57,c_03-057,MAYP1114611__60__00361.txt,continuous_spectra,test_tube,2025-06-10,9762968.44,3344930.9250000003,True,False,True,Test tube,non_plastic,glass,,Test tube,Test tube
c_03,58,c_03-058,MAYP1114611__61__00362.txt,continuous_spectra,test_tube,2025-06-10,4920744.440000001,3344930.9250000003,True,False,True,Test tube,non_plastic,glass,,Test tube,Test tube
c_03,63,c_03-063,MAYP1114611__66__00367.txt,continuous_spectra,test_tube,2025-06-10,4544764.559999999,3344930.9250000003,True,False,True,Test tube,non_plastic,glass,,Test tube,Test tube
c_03,64,c_03-064,MAYP1114611__67__00368.txt,continuous_spectra,test_tube,2025-06-10,3916148.559999998,3344930.9250000003,True,False,True,Test tube,non_plastic,glass,,Test tube,Test tube
c_03,65,c_03-065,MAYP1114611__68__00369.txt,continuous_spectra,test_tube,2025-06-10,3536702.559999999,3344930.9250000003,True,False,True,Test tube,non_plastic,glass,,Test tube,Test tube
c_03,66,c_03-066,MAYP1114611__69__00370.txt,continuous_spectra,test_tube,2025-06-10,4507252.559999999,3344930.9250000003,True,False,True,Test tube,non_plastic,glass,,Test tube,Test tube
c_03,67,c_03-067,MAYP1114611__70__00371.txt,continuous_spectra,test_tube,2025-06-10,4646152.0,3344930.9250000003,True,False,True,Test tube,non_plastic,glass,,Test tube,Test tube
c_03,68,c_03-068,MAYP1114611__71__00372.txt,continuous_spectra,test_tube,2025-06-10,4551482.0,3344930.9250000003,True,False,True,Test tube,non_plastic,glass,,Test tube,Test tube
c_03,69,c_03-069,MAYP1114611__72__00373.txt,continuous_spectra,test_tube,2025-06-10,4960181.0,3344930.9250000003,True,False,True,Test tube,non_plastic,glass,,Test tube,Test tube
c_03,73,c_03-073,MAYP1114611__76__00377.txt,continuous_spectra,test_tube,2025-06-10,3380722.0,3344930.9250000003,True,False,True,Test tube,non_plastic,glass,,Test tube,Test tube
c_03,74,c_03-074,MAYP1114611__77__00378.txt,continuous_spectra,test_tube,2025-06-10,3566501.559999999,3344930.9250000003,True,False,True,Test tube,non_plastic,glass,,Test tube,Test tube
c_03,75,c_03-075,MAYP1114611__78__00379.txt,continuous_spectra,test_tube,2025-06-10,3403066.559999999,3344930.9250000003,True,False,True,Test tube,non_plastic,glass,,Test tube,Test tube
c_03,76,c_03-076,MAYP1114611__79__00380.txt,continuous_spectra,test_tube,2025-06-10,3765629.559999999,3344930.9250000003,True,False,True,Test tube,non_plastic,glass,,Test tube,Test tube
c_03,77,c_03-077,MAYP1114611__80__00381.txt,continuous_spectra,test_tube,2025-06-10,5152498.559999999,3344930.9250000003,True,False,True,Test tube,non_plastic,glass,,Test tube,Test tube
c_03,78,c_03-078,MAYP1114611__81__00382.txt,continuous_spectra,test_tube,2025-06-10,5126007.0,3344930.9250000003,True,False,True,Test tube,non_plastic,glass,,Test tube,Test tube
c_03,79,c_03-079,MAYP1114611__82__00383.txt,continuous_spectra,test_tube,2025-06-10,4929118.440000001,3344930.9250000003,True,False,True,Test tube,non_plastic,glass,,Test tube,Test tube
c_03,80,c_03-080,MAYP1114611__83__00384.txt,continuous_spectra,test_tube,2025-06-10,3635203.0,3344930.9250000003,True,False,True,Test tube,non_plastic,glass,,Test tube,Test tube
c_03,86,c_03-086,MAYP1114611__89__00390.txt,continuous_spectra,test_tube,2025-06-10,3855941.0,3344930.9250000003,True,False,True,Test tube,non_plastic,glass,,Test tube,Test tube
c_03,87,c_03-087,MAYP1114611__90__00391.txt,continuous_spectra,test_tube,2025-06-10,3826783.0,3344930.9250000003,True,False,True,Test tube,non_plastic,glass,,Test tube,Test tube
c_03,88,c_03-088,MAYP1114611__91__00392.txt,continuous_spectra,test_tube,2025-06-10,4244456.0,3344930.9250000003,True,False,True,Test tube,non_plastic,glass,,Test tube,Test tube
c_03,89,c_03-089,MAYP1114611__92__00393.txt,continuous_spectra,test_tube,2025-06-10,6388890.0,3344930.9250000003,True,False,True,Test tube,non_plastic,glass,,Test tube,Test tube
c_03,90,c_03-090,MAYP1114611__93__00394.txt,continuous_spectra,test_tube,2025-06-10,5818222.440000001,3344930.9250000003,True,False,True,Test tube,non_plastic,glass,,Test tube,Test tube
c_03,91,c_03-091,MAYP1114611__94__00395.txt,continuous_spectra,test_tube,2025-06-10,3419167.440000001,3344930.9250000003,True,False,True,Test tube,non_plastic,glass,,Test tube,Test tube
c_03,122,c_03-122,MAYP1114611__125__00426.txt,continuous_spectra,test_tube,2025-06-10,5358581.0,3344930.9250000003,True,False,True,Test tube,non_plastic,glass,,Test tube,Test tube
c_03,123,c_03-123,MAYP1114611__126__00427.txt,continuous_spectra,test_tube,2025-06-10,10651167.44,3344930.9250000003,True,False,True,Test tube,non_plastic,glass,,Test tube,Test tube
c_03,124,c_03-124,MAYP1114611__127__00428.txt,continuous_spectra,test_tube,2025-06-10,12480013.56,3344930.9250000003,True,False,True,Test tube,non_plastic,glass,,Test tube,Test tube
c_03,125,c_03-125,MAYP1114611__128__00429.txt,continuous_spectra,test_tube,2025-06-10,10515454.44,3344930.9250000003,True,False,True,Test tube,non_plastic,glass,,Test tube,Test tube
c_03,126,c_03-126,MAYP1114611__129__00430.txt,continuous_spectra,test_tube,2025-06-10,9416766.0,3344930.9250000003,True,False,True,Test tube,non_plastic,glass,,Test tube,Test tube
c_03,127,c_03-127,MAYP1114611__130__00431.txt,continuous_spectra,test_tube,2025-06-10,8812505.0,3344930.9250000003,True,False,True,Test tube,non_plastic,glass,,Test tube,Test tube
c_03,128,c_03-128,MAYP1114611__131__00432.txt,continuous_spectra,test_tube,2025-06-10,11607715.44,3344930.9250000003,True,False,True,Test tube,non_plastic,glass,,Test tube,Test tube
c_03,129,c_03-129,MAYP1114611__132__00433.txt,continuous_spectra,test_tube,2025-06-10,5251249.440000001,3344930.9250000003,True,False,True,Test tube,non_plastic,glass,,Test tube,Test tube
c_03,134,c_03-134,MAYP1114611__137__00438.txt,continuous_spectra,test_tube,2025-06-10,6906754.440000001,3344930.9250000003,True,False,True,Test tube,non_plastic,glass,,Test tube,Test tube
c_03,135,c_03-135,MAYP1114611__138__00439.txt,continuous_spectra,test_tube,2025-06-10,5837794.559999999,3344930.9250000003,True,False,True,Test tube,non_plastic,glass,,Test tube,Test tube
c_03,136,c_03-136,MAYP1114611__139__00440.txt,continuous_spectra,test_tube,2025-06-10,7591879.559999999,3344930.9250000003,True,False,True,Test tube,non_plastic,glass,,Test tube,Test tube
c_03,137,c_03-137,MAYP1114611__140__00441.txt,continuous_spectra,test_tube,2025-06-10,8848892.559999999,3344930.9250000003,True,False,True,Test tube,non_plastic,glass,,Test tube,Test tube
c_03,138,c_03-138,MAYP1114611__141__00442.txt,continuous_spectra,test_tube,2025-06-10,11089797.56,3344930.9250000003,True,False,True,Test tube,non_plastic,glass,,Test tube,Test tube
c_03,139,c_03-139,MAYP1114611__142__00443.txt,continuous_spectra,test_tube,2025-06-10,7501358.440000001,3344930.9250000003,True,False,True,Test tube,non_plastic,glass,,Test tube,Test tube
c_03,140,c_03-140,MAYP1114611__143__00444.txt,continuous_spectra,test_tube,2025-06-10,3483899.440000001,3344930.9250000003,True,False,True,Test tube,non_plastic,glass,,Test tube,Test tube
c_03,144,c_03-144,MAYP1114611__147__00448.txt,continuous_spectra,test_tube,2025-06-10,3505631.440000001,3344930.9250000003,True,False,True,Test tube,non_plastic,glass,,Test tube,Test tube
c_03,145,c_03-145,MAYP1114611__148__00449.txt,continuous_spectra,test_tube,2025-06-10,5657305.0,3344930.9250000003,True,False,True,Test tube,non_plastic,glass,,Test tube,Test tube
c_03,146,c_03-146,MAYP1114611__149__00450.txt,continuous_spectra,test_tube,2025-06-10,10462006.44,3344930.9250000003,True,False,True,Test tube,non_plastic,glass,,Test tube,Test tube
c_03,147,c_03-147,MAYP1114611__150__00451.txt,continuous_spectra,test_tube,2025-06-10,7444636.559999999,3344930.9250000003,True,False,True,Test tube,non_plastic,glass,,Test tube,Test tube
c_03,148,c_03-148,MAYP1114611__151__00452.txt,continuous_spectra,test_tube,2025-06-10,6952384.0,3344930.9250000003,True,False,True,Test tube,non_plastic,glass,,Test tube,Test tube
c_03,149,c_03-149,MAYP1114611__152__00453.txt,continuous_spectra,test_tube,2025-06-10,9945678.44,3344930.9250000003,True,False,True,Test tube,non_plastic,glass,,Test tube,Test tube
c_03,150,c_03-150,MAYP1114611__153__00454.txt,continuous_spectra,test_tube,2025-06-10,8400724.0,3344930.9250000003,True,False,True,Test tube,non_plastic,glass,,Test tube,Test tube
c_03,151,c_03-151,MAYP1114611__154__00455.txt,continuous_spectra,test_tube,2025-06-10,5688119.0,3344930.9250000003,True,False,True,Test tube,non_plastic,glass,,Test tube,Test tube
c_03,152,c_03-152,MAYP1114611__155__00456.txt,continuous_spectra,test_tube,2025-06-10,3409734.440000001,3344930.9250000003,True,False,True,Test tube,non_plastic,glass,,Test tube,PP
c_03,157,c_03-157,MAYP1114611__160__00461.txt,continuous_spectra,test_tube,2025-06-10,4863962.0,3344930.9250000003,True,False,True,Test tube,non_plastic,glass,,Test tube,Test tube
c_03,158,c_03-158,MAYP1114611__161__00462.txt,continuous_spectra,test_tube,2025-06-10,4472881.0,3344930.9250000003,True,False,True,Test tube,non_plastic,glass,,Test tube,Test tube
c_03,159,c_03-159,MAYP1114611__162__00463.txt,continuous_spectra,test_tube,2025-06-10,8719627.559999999,3344930.9250000003,True,False,True,Test tube,non_plastic,glass,,Test tube,PE-HD (blue)
c_03,160,c_03-160,MAYP1114611__163__00464.txt,continuous_spectra,test_tube,2025-06-10,5557474.0,3344930.9250000003,True,False,True,Test tube,non_plastic,glass,,Test tube,PP
c_03,161,c_03-161,MAYP1114611__164__00465.txt,continuous_spectra,test_tube,2025-06-10,5763867.0,3344930.9250000003,True,False,True,Test tube,non_plastic,glass,,Test tube,Test tube
c_03,167,c_03-167,MAYP1114611__170__00471.txt,continuous_spectra,test_tube,2025-06-10,3785668.440000001,3344930.9250000003,True,False,True,Test tube,non_plastic,glass,,Test tube,Test tube
c_03,168,c_03-168,MAYP1114611__171__00472.txt,continuous_spectra,test_tube,2025-06-10,5624295.440000001,3344930.9250000003,True,False,True,Test tube,non_plastic,glass,,Test tube,Test tube
c_03,169,c_03-169,MAYP1114611__172__00473.txt,continuous_spectra,test_tube,2025-06-10,6373084.0,3344930.9250000003,True,False,True,Test tube,non_plastic,glass,,Test tube,Test tube
c_03,170,c_03-170,MAYP1114611__173__00474.txt,continuous_spectra,test_tube,2025-06-10,9091075.56,3344930.9250000003,True,False,True,Test tube,non_plastic,glass,,Test tube,Test tube
c_03,171,c_03-171,MAYP1114611__174__00475.txt,continuous_spectra,test_tube,2025-06-10,12207944.56,3344930.9250000003,True,False,True,Test tube,non_plastic,glass,,Test tube,Test tube
c_03,172,c_03-172,MAYP1114611__175__00476.txt,continuous_spectra,test_tube,2025-06-10,6706302.440000001,3344930.9250000003,True,False,True,Test tube,non_plastic,glass,,Test tube,Test tube
c_03,177,c_03-177,MAYP1114611__180__00481.txt,continuous_spectra,test_tube,2025-06-10,3511514.0,3344930.9250000003,True,False,True,Test tube,non_plastic,glass,,Test tube,Test tube
c_03,178,c_03-178,MAYP1114611__181__00482.txt,continuous_spectra,test_tube,2025-06-10,8763003.559999999,3344930.9250000003,True,False,True,Test tube,non_plastic,glass,,Test tube,Test tube
c_03,179,c_03-179,MAYP1114611__182__00483.txt,continuous_spectra,test_tube,2025-06-10,12972953.0,3344930.9250000003,True,False,True,Test tube,non_plastic,glass,,Test tube,Test tube
c_03,180,c_03-180,MAYP1114611__183__00484.txt,continuous_spectra,test_tube,2025-06-10,11565835.56,3344930.9250000003,True,False,True,Test tube,non_plastic,glass,,Test tube,Test tube
c_03,181,c_03-181,MAYP1114611__184__00485.txt,continuous_spectra,test_tube,2025-06-10,9918341.56,3344930.9250000003,True,False,True,Test tube,non_plastic,glass,,Test tube,Test tube
c_03,182,c_03-182,MAYP1114611__185__00486.txt,continuous_spectra,test_tube,2025-06-10,10464827.56,3344930.9250000003,True,False,True,Test tube,non_plastic,glass,,Test tube,Test tube
c_03,183,c_03-183,MAYP1114611__186__00487.txt,continuous_spectra,test_tube,2025-06-10,6469845.0,3344930.9250000003,True,False,True,Test tube,non_plastic,glass,,Test tube,Test tube
c_03,214,c_03-214,MAYP1114611__217__00518.txt,continuous_spectra,test_tube,2025-06-10,3390131.0,3344930.9250000003,True,False,True,Test tube,non_plastic,glass,,Test tube,Test tube
c_03,215,c_03-215,MAYP1114611__218__00519.txt,continuous_spectra,test_tube,2025-06-10,6417109.559999999,3344930.9250000003,True,False,True,Test tube,non_plastic,glass,,Test tube,Test tube
c_03,216,c_03-216,MAYP1114611__219__00520.txt,continuous_spectra,test_tube,2025-06-10,8410728.440000001,3344930.9250000003,True,False,True,Test tube,non_plastic,glass,,Test tube,Test tube
c_03,217,c_03-217,MAYP1114611__220__00521.txt,continuous_spectra,test_tube,2025-06-10,6568356.0,3344930.9250000003,True,False,True,Test tube,non_plastic,glass,,Test tube,Test tube
c_03,218,c_03-218,MAYP1114611__221__00522.txt,continuous_spectra,test_tube,2025-06-10,8069804.440000001,3344930.9250000003,True,False,True,Test tube,non_plastic,glass,,Test tube,Test tube
c_03,219,c_03-219,MAYP1114611__222__00523.txt,continuous_spectra,test_tube,2025-06-10,9206496.56,3344930.9250000003,True,False,True,Test tube,non_plastic,glass,,Test tube,Test tube
c_03,220,c_03-220,MAYP1114611__223__00524.txt,continuous_spectra,test_tube,2025-06-10,12004181.44,3344930.9250000003,True,False,True,Test tube,non_plastic,glass,,Test tube,Test tube
c_03,221,c_03-221,MAYP1114611__224__00525.txt,continuous_spectra,test_tube,2025-06-10,16619290.56,3344930.9250000003,True,False,True,Test tube,non_plastic,glass,,Test tube,Test tube
c_03,222,c_03-222,MAYP1114611__225__00526.txt,continuous_spectra,test_tube,2025-06-10,3705057.559999999,3344930.9250000003,True,False,True,Test tube,non_plastic,glass,,Test tube,Test tube
c_03,226,c_03-226,MAYP1114611__229__00530.txt,continuous_spectra,test_tube,2025-06-10,3718419.559999999,3344930.9250000003,True,False,True,Test tube,non_plastic,glass,,Test tube,Test tube
c_03,227,c_03-227,MAYP1114611__230__00531.txt,continuous_spectra,test_tube,2025-06-10,4300532.559999999,3344930.9250000003,True,False,True,Test tube,non_plastic,glass,,Test tube,Test tube
c_03,228,c_03-228,MAYP1114611__231__00532.txt,continuous_spectra,test_tube,2025-06-10,4880977.0,3344930.9250000003,True,False,True,Test tube,non_plastic,glass,,Test tube,Test tube
c_03,229,c_03-229,MAYP1114611__232__00533.txt,continuous_spectra,test_tube,2025-06-10,4702129.440000001,3344930.9250000003,True,False,True,Test tube,non_plastic,glass,,Test tube,Test tube
c_03,230,c_03-230,MAYP1114611__233__00534.txt,continuous_spectra,test_tube,2025-06-10,7949133.0,3344930.9250000003,True,False,True,Test tube,non_plastic,glass,,Test tube,Test tube
c_03,231,c_03-231,MAYP1114611__234__00535.txt,continuous_spectra,test_tube,2025-06-10,6281805.559999999,3344930.9250000003,True,False,True,Test tube,non_plastic,glass,,Test tube,Test tube
c_03,232,c_03-232,MAYP1114611__235__00536.txt,continuous_spectra,test_tube,2025-06-10,3928412.0,3344930.9250000003,True,False,True,Test tube,non_plastic,glass,,Test tube,Test tube
c_03,237,c_03-237,MAYP1114611__240__00541.txt,continuous_spectra,test_tube,2025-06-10,4407266.0,3344930.9250000003,True,False,True,Test tube,non_plastic,glass,,Test tube,Test tube
c_03,238,c_03-238,MAYP1114611__241__00542.txt,continuous_spectra,test_tube,2025-06-10,7941079.559999999,3344930.9250000003,True,False,True,Test tube,non_plastic,glass,,Test tube,Test tube
c_03,239,c_03-239,MAYP1114611__242__00543.txt,continuous_spectra,test_tube,2025-06-10,9810421.56,3344930.9250000003,True,False,True,Test tube,non_plastic,glass,,Test tube,Test tube
c_03,240,c_03-240,MAYP1114611__243__00544.txt,continuous_spectra,test_tube,2025-06-10,9668923.56,3344930.9250000003,True,False,True,Test tube,non_plastic,glass,,Test tube,Test tube
c_03,241,c_03-241,MAYP1114611__244__00545.txt,continuous_spectra,test_tube,2025-06-10,8342934.440000001,3344930.9250000003,True,False,True,Test tube,non_plastic,glass,,Test tube,Test tube
c_03,242,c_03-242,MAYP1114611__245__00546.txt,continuous_spectra,test_tube,2025-06-10,6008001.0,3344930.9250000003,True,False,True,Test tube,non_plastic,glass,,Test tube,Test tube
c_03,243,c_03-243,MAYP1114611__246__00547.txt,continuous_spectra,test_tube,2025-06-10,4107564.559999998,3344930.9250000003,True,False,True,Test tube,non_plastic,glass,,Test tube,Test tube
c_03,249,c_03-249,MAYP1114611__252__00553.txt,continuous_spectra,test_tube,2025-06-10,3903723.559999999,3344930.9250000003,True,False,True,Test tube,non_plastic,glass,,Test tube,Test tube
c_03,250,c_03-250,MAYP1114611__253__00554.txt,continuous_spectra,test_tube,2025-06-10,5592414.559999999,3344930.9250000003,True,False,True,Test tube,non_plastic,glass,,Test tube,Test tube
c_03,251,c_03-251,MAYP1114611__254__00555.txt,continuous_spectra,test_tube,2025-06-10,5387496.559999999,3344930.9250000003,True,False,True,Test tube,non_plastic,glass,,Test tube,Test tube
c_03,252,c_03-252,MAYP1114611__255__00556.txt,continuous_spectra,test_tube,2025-06-10,5603140.440000001,3344930.9250000003,True,False,True,Test tube,non_plastic,glass,,Test tube,Test tube
c_03,253,c_03-253,MAYP1114611__256__00557.txt,continuous_spectra,test_tube,2025-06-10,5373767.0,3344930.9250000003,True,False,True,Test tube,non_plastic,glass,,Test tube,Test tube
c_03,254,c_03-254,MAYP1114611__257__00558.txt,continuous_spectra,test_tube,2025-06-10,4312278.440000001,3344930.9250000003,True,False,True,Test tube,non_plastic,glass,,Test tube,Test tube
c_03,260,c_03-260,MAYP1114611__263__00564.txt,continuous_spectra,test_tube,2025-06-10,4281026.440000001,3344930.9250000003,True,False,True,Test tube,non_plastic,glass,,Test tube,Test tube
c_03,261,c_03-261,MAYP1114611__264__00565.txt,continuous_spectra,test_tube,2025-06-10,7836162.0,3344930.9250000003,True,False,True,Test tube,non_plastic,glass,,Test tube,Test tube
c_03,262,c_03-262,MAYP1114611__265__00566.txt,continuous_spectra,test_tube,2025-06-10,9683524.44,3344930.9250000003,True,False,True,Test tube,non_plastic,glass,,Test tube,Test tube
c_03,263,c_03-263,MAYP1114611__266__00567.txt,continuous_spectra,test_tube,2025-06-10,6779093.440000001,3344930.9250000003,True,False,True,Test tube,non_plastic,glass,,Test tube,Test tube
c_03,264,c_03-264,MAYP1114611__267__00568.txt,continuous_spectra,test_tube,2025-06-10,4918632.0,3344930.9250000003,True,False,True,Test tube,non_plastic,glass,,Test tube,Test tube
c_03,265,c_03-265,MAYP1114611__268__00569.txt,continuous_spectra,test_tube,2025-06-10,3660400.559999999,3344930.9250000003,True,False,True,Test tube,non_plastic,glass,,Test tube,Test tube
c_03,270,c_03-270,MAYP1114611__273__00574.txt,continuous_spectra,test_tube,2025-06-10,3826633.559999999,3344930.9250000003,True,False,True,Test tube,non_plastic,glass,,Test tube,Test tube
c_03,271,c_03-271,MAYP1114611__274__00575.txt,continuous_spectra,test_tube,2025-06-10,8151794.0,3344930.9250000003,True,False,True,Test tube,non_plastic,glass,,Test tube,Test tube
c_03,272,c_03-272,MAYP1114611__275__00576.txt,continuous_spectra,test_tube,2025-06-10,10750911.44,3344930.9250000003,True,False,True,Test tube,non_plastic,glass,,Test tube,Test tube
c_03,273,c_03-273,MAYP1114611__276__00577.txt,continuous_spectra,test_tube,2025-06-10,8964910.440000001,3344930.9250000003,True,False,True,Test tube,non_plastic,glass,,Test tube,Test tube
c_03,274,c_03-274,MAYP1114611__277__00578.txt,continuous_spectra,test_tube,2025-06-10,6361384.440000001,3344930.9250000003,True,False,True,Test tube,non_plastic,glass,,Test tube,Test tube
c_03,275,c_03-275,MAYP1114611__278__00579.txt,continuous_spectra,test_tube,2025-06-10,5802808.0,3344930.9250000003,True,False,True,Test tube,non_plastic,glass,,Test tube,Test tube
c_04,28,c_04-028,MAYP1114611__27__00028.txt,continuous_spectra,pehd_blue,2025-06-12,2837219.5599999996,2585348.556,True,False,True,PE-HD (blue),plastic,polymer,PE-HD,PE-HD (blue),PE-HD (blue)
c_04,29,c_04-029,MAYP1114611__28__00029.txt,continuous_spectra,pehd_blue,2025-06-12,7019015.0,2585348.556,True,False,True,PE-HD (blue),plastic,polymer,PE-HD,PE-HD (blue),PE-HD (blue)
c_04,30,c_04-030,MAYP1114611__29__00030.txt,continuous_spectra,pehd_blue,2025-06-12,9486516.0,2585348.556,True,False,True,PE-HD (blue),plastic,polymer,PE-HD,PE-HD (blue),PE-HD (blue)
c_04,31,c_04-031,MAYP1114611__30__00031.txt,continuous_spectra,pehd_blue,2025-06-12,9154136.0,2585348.556,True,False,True,PE-HD (blue),plastic,polymer,PE-HD,PE-HD (blue),PE-HD (blue)
c_04,32,c_04-032,MAYP1114611__31__00032.txt,continuous_spectra,pehd_blue,2025-06-12,6992208.559999999,2585348.556,True,False,True,PE-HD (blue),plastic,polymer,PE-HD,PE-HD (blue),PE-HD (blue)
c_04,33,c_04-033,MAYP1114611__32__00033.txt,continuous_spectra,pehd_blue,2025-06-12,8982656.0,2585348.556,True,False,True,PE-HD (blue),plastic,polymer,PE-HD,PE-HD (blue),PE-HD (blue)
c_04,34,c_04-034,MAYP1114611__33__00034.txt,continuous_spectra,pehd_blue,2025-06-12,8980624.0,2585348.556,True,False,True,PE-HD (blue),plastic,polymer,PE-HD,PE-HD (blue),PE-HD (blue)
c_04,35,c_04-035,MAYP1114611__34__00035.txt,continuous_spectra,pehd_blue,2025-06-12,6241605.559999999,2585348.556,True,False,True,PE-HD (blue),plastic,polymer,PE-HD,PE-HD (blue),PE-HD (blue)
c_04,41,c_04-041,MAYP1114611__40__00041.txt,continuous_spectra,pehd_blue,2025-06-12,7556976.0,2585348.556,True,False,True,PE-HD (blue),plastic,polymer,PE-HD,PE-HD (blue),PE-HD (blue)
c_04,42,c_04-042,MAYP1114611__41__00042.txt,continuous_spectra,pehd_blue,2025-06-12,8595589.440000001,2585348.556,True,False,True,PE-HD (blue),plastic,polymer,PE-HD,PE-HD (blue),PE-HD (blue)
c_04,43,c_04-043,MAYP1114611__42__00043.txt,continuous_spectra,pehd_blue,2025-06-12,7772699.440000001,2585348.556,True,False,True,PE-HD (blue),plastic,polymer,PE-HD,PE-HD (blue),PE-HD (blue)
c_04,44,c_04-044,MAYP1114611__43__00044.txt,continuous_spectra,pehd_blue,2025-06-12,6832627.559999999,2585348.556,True,False,True,PE-HD (blue),plastic,polymer,PE-HD,PE-HD (blue),PE-HD (blue)
c_04,45,c_04-045,MAYP1114611__44__00045.txt,continuous_spectra,pehd_blue,2025-06-12,6477501.0,2585348.556,True,False,True,PE-HD (blue),plastic,polymer,PE-HD,PE-HD (blue),PE-HD (blue)
c_04,46,c_04-046,MAYP1114611__45__00046.txt,continuous_spectra,pehd_blue,2025-06-12,7404469.559999999,2585348.556,True,False,True,PE-HD (blue),plastic,polymer,PE-HD,PE-HD (blue),PE-HD (blue)
c_04,47,c_04-047,MAYP1114611__46__00047.txt,continuous_spectra,pehd_blue,2025-06-12,4975098.559999999,2585348.556,True,False,True,PE-HD (blue),plastic,polymer,PE-HD,PE-HD (blue),PE-HD (blue)
c_04,52,c_04-052,MAYP1114611__51__00052.txt,continuous_spectra,pehd_blue,2025-06-12,5203041.559999999,2585348.556,True,False,True,PE-HD (blue),plastic,polymer,PE-HD,PE-HD (blue),PE-HD (blue)
c_04,53,c_04-053,MAYP1114611__52__00053.txt,continuous_spectra,pehd_blue,2025-06-12,8058827.559999999,2585348.556,True,False,True,PE-HD (blue),plastic,polymer,PE-HD,PE-HD (blue),PE-HD (blue)
c_04,54,c_04-054,MAYP1114611__53__00054.txt,continuous_spectra,pehd_blue,2025-06-12,5413467.0,2585348.556,True,False,True,PE-HD (blue),plastic,polymer,PE-HD,PE-HD (blue),PE-HD (blue)
c_04,55,c_04-055,MAYP1114611__54__00055.txt,continuous_spectra,pehd_blue,2025-06-12,8228089.559999999,2585348.556,True,False,True,PE-HD (blue),plastic,polymer,PE-HD,PE-HD (blue),PE-HD (blue)
c_04,56,c_04-056,MAYP1114611__55__00056.txt,continuous_spectra,pehd_blue,2025-06-12,7428316.559999999,2585348.556,True,False,True,PE-HD (blue),plastic,polymer,PE-HD,PE-HD (blue),PE-HD (blue)
c_04,57,c_04-057,MAYP1114611__56__00057.txt,continuous_spectra,pehd_blue,2025-06-12,8789154.559999999,2585348.556,True,False,True,PE-HD (blue),plastic,polymer,PE-HD,PE-HD (blue),PE-HD (blue)
c_04,58,c_04-058,MAYP1114611__57__00058.txt,continuous_spectra,pehd_blue,2025-06-12,6065136.559999999,2585348.556,True,False,True,PE-HD (blue),plastic,polymer,PE-HD,PE-HD (blue),PE-HD (blue)
c_04,63,c_04-063,MAYP1114611__62__00063.txt,continuous_spectra,pehd_blue,2025-06-12,6279040.0,2585348.556,True,False,True,PE-HD (blue),plastic,polymer,PE-HD,PE-HD (blue),PE-HD (blue)
c_04,64,c_04-064,MAYP1114611__63__00064.txt,continuous_spectra,pehd_blue,2025-06-12,7492917.559999999,2585348.556,True,False,True,PE-HD (blue),plastic,polymer,PE-HD,PE-HD (blue),PE-HD (blue)
c_04,65,c_04-065,MAYP1114611__64__00065.txt,continuous_spectra,pehd_blue,2025-06-12,5400366.440000001,2585348.556,True,False,True,PE-HD (blue),plastic,polymer,PE-HD,PE-HD (blue),PE-HD (blue)
c_04,66,c_04-066,MAYP1114611__65__00066.txt,continuous_spectra,pehd_blue,2025-06-12,6695408.559999999,2585348.556,True,False,True,PE-HD (blue),plastic,polymer,PE-HD,PE-HD (blue),PE-HD (blue)
c_04,67,c_04-067,MAYP1114611__66__00067.txt,continuous_spectra,pehd_blue,2025-06-12,6454896.559999999,2585348.556,True,False,True,PE-HD (blue),plastic,polymer,PE-HD,PE-HD (blue),PE-HD (blue)
c_04,68,c_04-068,MAYP1114611__67__00068.txt,continuous_spectra,pehd_blue,2025-06-12,10221884.56,2585348.556,True,False,True,PE-HD (blue),plastic,polymer,PE-HD,PE-HD (blue),PE-HD (blue)
c_04,69,c_04-069,MAYP1114611__68__00069.txt,continuous_spectra,pehd_blue,2025-06-12,3028685.4400000004,2585348.556,True,False,True,PE-HD (blue),plastic,polymer,PE-HD,PE-HD (blue),PE-HD (blue)
c_04,73,c_04-073,MAYP1114611__72__00073.txt,continuous_spectra,pehd_blue,2025-06-12,7443975.440000001,2585348.556,True,False,True,PE-HD (blue),plastic,polymer,PE-HD,PE-HD (blue),PE-HD (blue)
c_04,74,c_04-074,MAYP1114611__73__00074.txt,continuous_spectra,pehd_blue,2025-06-12,7617616.0,2585348.556,True,False,True,PE-HD (blue),plastic,polymer,PE-HD,PE-HD (blue),PE-HD (blue)
c_04,75,c_04-075,MAYP1114611__74__00075.txt,continuous_spectra,pehd_blue,2025-06-12,4958678.559999999,2585348.556,True,False,True,PE-HD (blue),plastic,polymer,PE-HD,PE-HD (blue),PE-HD (blue)
c_04,76,c_04-076,MAYP1114611__75__00076.txt,continuous_spectra,pehd_blue,2025-06-12,5852749.0,2585348.556,True,False,True,PE-HD (blue),plastic,polymer,PE-HD,PE-HD (blue),PE-HD (blue)
c_04,77,c_04-077,MAYP1114611__76__00077.txt,continuous_spectra,pehd_blue,2025-06-12,8634569.440000001,2585348.556,True,False,True,PE-HD (blue),plastic,polymer,PE-HD,PE-HD (blue),PE-HD (blue)
c_04,78,c_04-078,MAYP1114611__77__00078.txt,continuous_spectra,pehd_blue,2025-06-12,5763733.0,2585348.556,True,False,True,PE-HD (blue),plastic,polymer,PE-HD,PE-HD (blue),PE-HD (blue)
c_04,79,c_04-079,MAYP1114611__78__00079.txt,continuous_spectra,pehd_blue,2025-06-12,9017378.56,2585348.556,True,False,True,PE-HD (blue),plastic,polymer,PE-HD,PE-HD (blue),PE-HD (blue)
c_04,80,c_04-080,MAYP1114611__79__00080.txt,continuous_spectra,pehd_blue,2025-06-12,6025637.0,2585348.556,True,False,True,PE-HD (blue),plastic,polymer,PE-HD,PE-HD (blue),PE-HD (blue)
c_04,84,c_04-084,MAYP1114611__83__00084.txt,continuous_spectra,pehd_blue,2025-06-12,3465535.440000001,2585348.556,True,False,True,PE-HD (blue),plastic,polymer,PE-HD,PE-HD (blue),PE-HD (blue)
c_04,85,c_04-085,MAYP1114611__84__00085.txt,continuous_spectra,pehd_blue,2025-06-12,8798241.440000001,2585348.556,True,False,True,PE-HD (blue),plastic,polymer,PE-HD,PE-HD (blue),PE-HD (blue)
c_04,86,c_04-086,MAYP1114611__85__00086.txt,continuous_spectra,pehd_blue,2025-06-12,7136054.0,2585348.556,True,False,True,PE-HD (blue),plastic,polymer,PE-HD,PE-HD (blue),PE-HD (blue)
c_04,87,c_04-087,MAYP1114611__86__00087.txt,continuous_spectra,pehd_blue,2025-06-12,9261100.56,2585348.556,True,False,True,PE-HD (blue),plastic,polymer,PE-HD,PE-HD (blue),PE-HD (blue)
c_04,88,c_04-088,MAYP1114611__87__00088.txt,continuous_spectra,pehd_blue,2025-06-12,5991373.440000001,2585348.556,True,False,True,PE-HD (blue),plastic,polymer,PE-HD,PE-HD (blue),PE-HD (blue)
c_04,89,c_04-089,MAYP1114611__88__00089.txt,continuous_spectra,pehd_blue,2025-06-12,5385778.0,2585348.556,True,False,True,PE-HD (blue),plastic,polymer,PE-HD,PE-HD (blue),PE-HD (blue)
c_04,90,c_04-090,MAYP1114611__89__00090.txt,continuous_spectra,pehd_blue,2025-06-12,4423555.559999999,2585348.556,True,False,True,PE-HD (blue),plastic,polymer,PE-HD,PE-HD (blue),PE-HD (blue)
c_04,122,c_04-122,MAYP1114611__121__00122.txt,continuous_spectra,pehd_blue,2025-06-12,3838559.0,2585348.556,True,False,True,PE-HD (blue),plastic,polymer,PE-HD,PE-HD (blue),PE-HD (blue)
c_04,123,c_04-123,MAYP1114611__122__00123.txt,continuous_spectra,pehd_blue,2025-06-12,8695068.0,2585348.556,True,False,True,PE-HD (blue),plastic,polymer,PE-HD,PE-HD (blue),PE-HD (blue)
c_04,124,c_04-124,MAYP1114611__123__00124.txt,continuous_spectra,pehd_blue,2025-06-12,7320215.440000001,2585348.556,True,False,True,PE-HD (blue),plastic,polymer,PE-HD,PE-HD (blue),PE-HD (blue)
c_04,125,c_04-125,MAYP1114611__124__00125.txt,continuous_spectra,pehd_blue,2025-06-12,9189059.0,2585348.556,True,False,True,PE-HD (blue),plastic,polymer,PE-HD,PE-HD (blue),PE-HD (blue)
c_04,126,c_04-126,MAYP1114611__125__00126.txt,continuous_spectra,pehd_blue,2025-06-12,11432031.56,2585348.556,True,False,True,PE-HD (blue),plastic,polymer,PE-HD,PE-HD (blue),PE-HD (blue)
c_04,127,c_04-127,MAYP1114611__126__00127.txt,continuous_spectra,pehd_blue,2025-06-12,4896984.440000001,2585348.556,True,False,True,PE-HD (blue),plastic,polymer,PE-HD,PE-HD (blue),PE-HD (blue)
c_04,128,c_04-128,MAYP1114611__127__00128.txt,continuous_spectra,pehd_blue,2025-06-12,6777829.440000001,2585348.556,True,False,True,PE-HD (blue),plastic,polymer,PE-HD,PE-HD (blue),PE-HD (blue)
c_04,129,c_04-129,MAYP1114611__128__00129.txt,continuous_spectra,pehd_blue,2025-06-12,3845159.559999998,2585348.556,True,False,True,PE-HD (blue),plastic,polymer,PE-HD,PE-HD (blue),PE-HD (blue)
c_04,133,c_04-133,MAYP1114611__132__00133.txt,continuous_spectra,pehd_blue,2025-06-12,2792498.0,2585348.556,True,False,True,PE-HD (blue),plastic,polymer,PE-HD,PE-HD (blue),PE-HD (blue)
c_04,134,c_04-134,MAYP1114611__133__00134.txt,continuous_spectra,pehd_blue,2025-06-12,7812072.559999999,2585348.556,True,False,True,PE-HD (blue),plastic,polymer,PE-HD,PE-HD (blue),PE-HD (blue)
c_04,135,c_04-135,MAYP1114611__134__00135.txt,continuous_spectra,pehd_blue,2025-06-12,7987131.0,2585348.556,True,False,True,PE-HD (blue),plastic,polymer,PE-HD,PE-HD (blue),PE-HD (blue)
c_04,136,c_04-136,MAYP1114611__135__00136.txt,continuous_spectra,pehd_blue,2025-06-12,10136336.44,2585348.556,True,False,True,PE-HD (blue),plastic,polymer,PE-HD,PE-HD (blue),PE-HD (blue)
c_04,137,c_04-137,MAYP1114611__136__00137.txt,continuous_spectra,pehd_blue,2025-06-12,9049508.0,2585348.556,True,False,True,PE-HD (blue),plastic,polymer,PE-HD,PE-HD (blue),PE-HD (blue)
c_04,138,c_04-138,MAYP1114611__137__00138.txt,continuous_spectra,pehd_blue,2025-06-12,8606370.559999999,2585348.556,True,False,True,PE-HD (blue),plastic,polymer,PE-HD,PE-HD (blue),PE-HD (blue)
c_04,139,c_04-139,MAYP1114611__138__00139.txt,continuous_spectra,pehd_blue,2025-06-12,9271349.0,2585348.556,True,False,True,PE-HD (blue),plastic,polymer,PE-HD,PE-HD (blue),PE-HD (blue)
c_04,140,c_04-140,MAYP1114611__139__00140.txt,continuous_spectra,pehd_blue,2025-06-12,4135236.0,2585348.556,True,False,True,PE-HD (blue),plastic,polymer,PE-HD,PE-HD (blue),PE-HD (blue)
c_04,144,c_04-144,MAYP1114611__143__00144.txt,continuous_spectra,pehd_blue,2025-06-12,4255228.440000001,2585348.556,True,False,True,PE-HD (blue),plastic,polymer,PE-HD,PE-HD (blue),PE-HD (blue)
c_04,145,c_04-145,MAYP1114611__144__00145.txt,continuous_spectra,pehd_blue,2025-06-12,9398424.0,2585348.556,True,False,True,PE-HD (blue),plastic,polymer,PE-HD,PE-HD (blue),PE-HD (blue)
c_04,146,c_04-146,MAYP1114611__145__00146.txt,continuous_spectra,pehd_blue,2025-06-12,10960801.56,2585348.556,True,False,True,PE-HD (blue),plastic,polymer,PE-HD,PE-HD (blue),PE-HD (blue)
c_04,147,c_04-147,MAYP1114611__146__00147.txt,continuous_spectra,pehd_blue,2025-06-12,6949438.559999999,2585348.556,True,False,True,PE-HD (blue),plastic,polymer,PE-HD,PE-HD (blue),PE-HD (blue)
c_04,148,c_04-148,MAYP1114611__147__00148.txt,continuous_spectra,pehd_blue,2025-06-12,8731408.440000001,2585348.556,True,False,True,PE-HD (blue),plastic,polymer,PE-HD,PE-HD (blue),PE-HD (blue)
c_04,149,c_04-149,MAYP1114611__148__00149.txt,continuous_spectra,pehd_blue,2025-06-12,8829232.440000001,2585348.556,True,False,True,PE-HD (blue),plastic,polymer,PE-HD,PE-HD (blue),PE-HD (blue)
c_04,150,c_04-150,MAYP1114611__149__00150.txt,continuous_spectra,pehd_blue,2025-06-12,8568745.559999999,2585348.556,True,False,True,PE-HD (blue),plastic,polymer,PE-HD,PE-HD (blue),PE-HD (blue)
c_04,151,c_04-151,MAYP1114611__150__00151.txt,continuous_spectra,pehd_blue,2025-06-12,3129237.559999999,2585348.556,True,False,True,PE-HD (blue),plastic,polymer,PE-HD,PE-HD (blue),PE-HD (blue)
c_04,152,c_04-152,MAYP1114611__151__00152.txt,continuous_spectra,pehd_blue,2025-06-12,2589737.44,2585348.556,True,False,True,PE-HD (blue),plastic,polymer,PE-HD,PE-HD (blue),Test tube
c_04,154,c_04-154,MAYP1114611__153__00154.txt,continuous_spectra,pehd_blue,2025-06-12,5068126.440000001,2585348.556,True,False,True,PE-HD (blue),plastic,polymer,PE-HD,PE-HD (blue),PE-HD (blue)
c_04,155,c_04-155,MAYP1114611__154__00155.txt,continuous_spectra,pehd_blue,2025-06-12,6254360.559999999,2585348.556,True,False,True,PE-HD (blue),plastic,polymer,PE-HD,PE-HD (blue),PE-HD (blue)
c_04,156,c_04-156,MAYP1114611__155__00156.txt,continuous_spectra,pehd_blue,2025-06-12,11389240.44,2585348.556,True,False,True,PE-HD (blue),plastic,polymer,PE-HD,PE-HD (blue),PS
c_04,157,c_04-157,MAYP1114611__156__00157.txt,continuous_spectra,pehd_blue,2025-06-12,7594524.440000001,2585348.556,True,False,True,PE-HD (blue),plastic,polymer,PE-HD,PE-HD (blue),PE-HD (blue)
c_04,158,c_04-158,MAYP1114611__157__00158.txt,continuous_spectra,pehd_blue,2025-06-12,6629226.0,2585348.556,True,False,True,PE-HD (blue),plastic,polymer,PE-HD,PE-HD (blue),PE-HD (blue)
c_04,159,c_04-159,MAYP1114611__158__00159.txt,continuous_spectra,pehd_blue,2025-06-12,5512711.440000001,2585348.556,True,False,True,PE-HD (blue),plastic,polymer,PE-HD,PE-HD (blue),PE-HD (blue)
c_04,160,c_04-160,MAYP1114611__159__00160.txt,continuous_spectra,pehd_blue,2025-06-12,6585458.0,2585348.556,True,False,True,PE-HD (blue),plastic,polymer,PE-HD,PE-HD (blue),PE-HD (blue)
c_04,161,c_04-161,MAYP1114611__160__00161.txt,continuous_spectra,pehd_blue,2025-06-12,2922031.4400000004,2585348.556,True,False,True,PE-HD (blue),plastic,polymer,PE-HD,PE-HD (blue),PE-HD (blue)
c_04,165,c_04-165,MAYP1114611__164__00165.txt,continuous_spectra,pehd_blue,2025-06-12,2958942.5599999996,2585348.556,True,False,True,PE-HD (blue),plastic,polymer,PE-HD,PE-HD (blue),PE-HD (blue)
c_04,166,c_04-166,MAYP1114611__165__00166.txt,continuous_spectra,pehd_blue,2025-06-12,4453639.440000001,2585348.556,True,False,True,PE-HD (blue),plastic,polymer,PE-HD,PE-HD (blue),PE-HD (blue)
c_04,167,c_04-167,MAYP1114611__166__00167.txt,continuous_spectra,pehd_blue,2025-06-12,6531056.0,2585348.556,True,False,True,PE-HD (blue),plastic,polymer,PE-HD,PE-HD (blue),PE-HD (blue)
c_04,168,c_04-168,MAYP1114611__167__00168.txt,continuous_spectra,pehd_blue,2025-06-12,8653998.559999999,2585348.556,True,False,True,PE-HD (blue),plastic,polymer,PE-HD,PE-HD (blue),PE-HD (blue)
c_04,169,c_04-169,MAYP1114611__168__00169.txt,continuous_spectra,pehd_blue,2025-06-12,9540206.0,2585348.556,True,False,True,PE-HD (blue),plastic,polymer,PE-HD,PE-HD (blue),PE-HD (blue)
c_04,170,c_04-170,MAYP1114611__169__00170.txt,continuous_spectra,pehd_blue,2025-06-12,9445427.0,2585348.556,True,False,True,PE-HD (blue),plastic,polymer,PE-HD,PE-HD (blue),PE-HD (blue)
c_04,171,c_04-171,MAYP1114611__170__00171.txt,continuous_spectra,pehd_blue,2025-06-12,8757926.440000001,2585348.556,True,False,True,PE-HD (blue),plastic,polymer,PE-HD,PE-HD (blue),PE-HD (blue)
c_04,172,c_04-172,MAYP1114611__171__00172.txt,continuous_spectra,pehd_blue,2025-06-12,6016217.0,2585348.556,True,False,True,PE-HD (blue),plastic,polymer,PE-HD,PE-HD (blue),PE-HD (blue)
c_04,173,c_04-173,MAYP1114611__172__00173.txt,continuous_spectra,pehd_blue,2025-06-12,2621286.0,2585348.556,True,False,True,PE-HD (blue),plastic,polymer,PE-HD,PE-HD (blue),PP
c_04,176,c_04-176,MAYP1114611__175__00176.txt,continuous_spectra,pehd_blue,2025-06-12,2621309.56,2585348.556,True,False,True,PE-HD (blue),plastic,polymer,PE-HD,PE-HD (blue),Sand
c_04,177,c_04-177,MAYP1114611__176__00177.txt,continuous_spectra,pehd_blue,2025-06-12,5278476.559999999,2585348.556,True,False,True,PE-HD (blue),plastic,polymer,PE-HD,PE-HD (blue),PE-HD (blue)
c_04,178,c_04-178,MAYP1114611__177__00178.txt,continuous_spectra,pehd_blue,2025-06-12,7781415.559999999,2585348.556,True,False,True,PE-HD (blue),plastic,polymer,PE-HD,PE-HD (blue),PE-HD (blue)
c_04,179,c_04-179,MAYP1114611__178__00179.txt,continuous_spectra,pehd_blue,2025-06-12,8201692.0,2585348.556,True,False,True,PE-HD (blue),plastic,polymer,PE-HD,PE-HD (blue),PE-HD (blue)
c_04,180,c_04-180,MAYP1114611__179__00180.txt,continuous_spectra,pehd_blue,2025-06-12,9035405.44,2585348.556,True,False,True,PE-HD (blue),plastic,polymer,PE-HD,PE-HD (blue),PE-HD (blue)
c_04,181,c_04-181,MAYP1114611__180__00181.txt,continuous_spectra,pehd_blue,2025-06-12,7037124.559999999,2585348.556,True,False,True,PE-HD (blue),plastic,polymer,PE-HD,PE-HD (blue),PE-HD (blue)
c_04,182,c_04-182,MAYP1114611__181__00182.txt,continuous_spectra,pehd_blue,2025-06-12,9191330.0,2585348.556,True,False,True,PE-HD (blue),plastic,polymer,PE-HD,PE-HD (blue),PE-HD (blue)
c_04,183,c_04-183,MAYP1114611__182__00183.txt,continuous_spectra,pehd_blue,2025-06-12,5666125.440000001,2585348.556,True,False,True,PE-HD (blue),plastic,polymer,PE-HD,PE-HD (blue),PE-HD (blue)
c_04,214,c_04-214,MAYP1114611__213__00214.txt,continuous_spectra,pehd_blue,2025-06-12,2720709.4400000004,2585348.556,True,False,True,PE-HD (blue),plastic,polymer,PE-HD,PE-HD (blue),PE-HD (blue)
c_04,215,c_04-215,MAYP1114611__214__00215.txt,continuous_spectra,pehd_blue,2025-06-12,7256275.0,2585348.556,True,False,True,PE-HD (blue),plastic,polymer,PE-HD,PE-HD (blue),PE-HD (blue)
c_04,216,c_04-216,MAYP1114611__215__00216.txt,continuous_spectra,pehd_blue,2025-06-12,8030018.559999999,2585348.556,True,False,True,PE-HD (blue),plastic,polymer,PE-HD,PE-HD (blue),PE-HD (blue)
c_04,217,c_04-217,MAYP1114611__216__00217.txt,continuous_spectra,pehd_blue,2025-06-12,7000406.440000001,2585348.556,True,False,True,PE-HD (blue),plastic,polymer,PE-HD,PE-HD (blue),PE-HD (blue)
c_04,218,c_04-218,MAYP1114611__217__00218.txt,continuous_spectra,pehd_blue,2025-06-12,6421807.559999999,2585348.556,True,False,True,PE-HD (blue),plastic,polymer,PE-HD,PE-HD (blue),PE-HD (blue)
c_04,219,c_04-219,MAYP1114611__218__00219.txt,continuous_spectra,pehd_blue,2025-06-12,7879857.0,2585348.556,True,False,True,PE-HD (blue),plastic,polymer,PE-HD,PE-HD (blue),PE-HD (blue)
c_04,220,c_04-220,MAYP1114611__219__00220.txt,continuous_spectra,pehd_blue,2025-06-12,8174995.559999999,2585348.556,True,False,True,PE-HD (blue),plastic,polymer,PE-HD,PE-HD (blue),PE-HD (blue)
c_04,221,c_04-221,MAYP1114611__220__00221.txt,continuous_spectra,pehd_blue,2025-06-12,6855404.559999999,2585348.556,True,False,True,PE-HD (blue),plastic,polymer,PE-HD,PE-HD (blue),PE-HD (blue)
c_04,222,c_04-222,MAYP1114611__221__00222.txt,continuous_spectra,pehd_blue,2025-06-12,2743014.4400000004,2585348.556,True,False,True,PE-HD (blue),plastic,polymer,PE-HD,PE-HD (blue),PP
c_04,225,c_04-225,MAYP1114611__224__00225.txt,continuous_spectra,pehd_blue,2025-06-12,2947388.4400000004,2585348.556,True,False,True,PE-HD (blue),plastic,polymer,PE-HD,PE-HD (blue),PE-HD (blue)
c_04,226,c_04-226,MAYP1114611__225__00226.txt,continuous_spectra,pehd_blue,2025-06-12,2988974.5599999996,2585348.556,True,False,True,PE-HD (blue),plastic,polymer,PE-HD,PE-HD (blue),PE-HD (blue)
c_04,227,c_04-227,MAYP1114611__226__00227.txt,continuous_spectra,pehd_blue,2025-06-12,6404720.559999999,2585348.556,True,False,True,PE-HD (blue),plastic,polymer,PE-HD,PE-HD (blue),PE-HD (blue)
c_04,228,c_04-228,MAYP1114611__227__00228.txt,continuous_spectra,pehd_blue,2025-06-12,6841896.0,2585348.556,True,False,True,PE-HD (blue),plastic,polymer,PE-HD,PE-HD (blue),PE-HD (blue)
c_04,229,c_04-229,MAYP1114611__228__00229.txt,continuous_spectra,pehd_blue,2025-06-12,8664199.0,2585348.556,True,False,True,PE-HD (blue),plastic,polymer,PE-HD,PE-HD (blue),PE-HD (blue)
c_04,230,c_04-230,MAYP1114611__229__00230.txt,continuous_spectra,pehd_blue,2025-06-12,6596409.0,2585348.556,True,False,True,PE-HD (blue),plastic,polymer,PE-HD,PE-HD (blue),PE-HD (blue)
c_04,231,c_04-231,MAYP1114611__230__00231.txt,continuous_spectra,pehd_blue,2025-06-12,3780281.440000001,2585348.556,True,False,True,PE-HD (blue),plastic,polymer,PE-HD,PE-HD (blue),PE-HD (blue)
c_04,232,c_04-232,MAYP1114611__231__00232.txt,continuous_spectra,pehd_blue,2025-06-12,4133113.559999998,2585348.556,True,False,True,PE-HD (blue),plastic,polymer,PE-HD,PE-HD (blue),PE-HD (blue)
c_04,236,c_04-236,MAYP1114611__235__00236.txt,continuous_spectra,pehd_blue,2025-06-12,3376428.559999999,2585348.556,True,False,True,PE-HD (blue),plastic,polymer,PE-HD,PE-HD (blue),PE-HD (blue)
c_04,237,c_04-237,MAYP1114611__236__00237.txt,continuous_spectra,pehd_blue,2025-06-12,5517483.559999999,2585348.556,True,False,True,PE-HD (blue),plastic,polymer,PE-HD,PE-HD (blue),PE-HD (blue)
c_04,238,c_04-238,MAYP1114611__237__00238.txt,continuous_spectra,pehd_blue,2025-06-12,7381660.559999999,2585348.556,True,False,True,PE-HD (blue),plastic,polymer,PE-HD,PE-HD (blue),PE-HD (blue)
c_04,239,c_04-239,MAYP1114611__238__00239.txt,continuous_spectra,pehd_blue,2025-06-12,9480828.0,2585348.556,True,False,True,PE-HD (blue),plastic,polymer,PE-HD,PE-HD (blue),PE-HD (blue)
c_04,240,c_04-240,MAYP1114611__239__00240.txt,continuous_spectra,pehd_blue,2025-06-12,8417039.440000001,2585348.556,True,False,True,PE-HD (blue),plastic,polymer,PE-HD,PE-HD (blue),PE-HD (blue)
c_04,241,c_04-241,MAYP1114611__240__00241.txt,continuous_spectra,pehd_blue,2025-06-12,5728165.559999999,2585348.556,True,False,True,PE-HD (blue),plastic,polymer,PE-HD,PE-HD (blue),PE-HD (blue)
c_04,242,c_04-242,MAYP1114611__241__00242.txt,continuous_spectra,pehd_blue,2025-06-12,7806574.440000001,2585348.556,True,False,True,PE-HD (blue),plastic,polymer,PE-HD,PE-HD (blue),PE-HD (blue)
c_04,243,c_04-243,MAYP1114611__242__00243.txt,continuous_spectra,pehd_blue,2025-06-12,5053545.559999999,2585348.556,True,False,True,PE-HD (blue),plastic,polymer,PE-HD,PE-HD (blue),PE-HD (blue)
c_04,244,c_04-244,MAYP1114611__243__00244.txt,continuous_spectra,pehd_blue,2025-06-12,2634520.4400000004,2585348.556,True,False,True,PE-HD (blue),plastic,polymer,PE-HD,PE-HD (blue),PP
c_04,247,c_04-247,MAYP1114611__246__00247.txt,continuous_spectra,pehd_blue,2025-06-12,3120691.0,2585348.556,True,False,True,PE-HD (blue),plastic,polymer,PE-HD,PE-HD (blue),PE-HD (blue)
c_04,248,c_04-248,MAYP1114611__247__00248.txt,continuous_spectra,pehd_blue,2025-06-12,9370882.56,2585348.556,True,False,True,PE-HD (blue),plastic,polymer,PE-HD,PE-HD (blue),PE-HD (blue)
c_04,249,c_04-249,MAYP1114611__248__00249.txt,continuous_spectra,pehd_blue,2025-06-12,8539514.559999999,2585348.556,True,False,True,PE-HD (blue),plastic,polymer,PE-HD,PE-HD (blue),PE-HD (blue)
c_04,250,c_04-250,MAYP1114611__249__00250.txt,continuous_spectra,pehd_blue,2025-06-12,6272792.440000001,2585348.556,True,False,True,PE-HD (blue),plastic,polymer,PE-HD,PE-HD (blue),PE-HD (blue)
c_04,251,c_04-251,MAYP1114611__250__00251.txt,continuous_spectra,pehd_blue,2025-06-12,7299384.0,2585348.556,True,False,True,PE-HD (blue),plastic,polymer,PE-HD,PE-HD (blue),PE-HD (blue)
c_04,252,c_04-252,MAYP1114611__251__00252.txt,continuous_spectra,pehd_blue,2025-06-12,8787647.0,2585348.556,True,False,True,PE-HD (blue),plastic,polymer,PE-HD,PE-HD (blue),PE-HD (blue)
c_04,253,c_04-253,MAYP1114611__252__00253.txt,continuous_spectra,pehd_blue,2025-06-12,9130628.56,2585348.556,True,False,True,PE-HD (blue),plastic,polymer,PE-HD,PE-HD (blue),PE-HD (blue)
c_04,254,c_04-254,MAYP1114611__253__00254.txt,continuous_spectra,pehd_blue,2025-06-12,4490080.0,2585348.556,True,False,True,PE-HD (blue),plastic,polymer,PE-HD,PE-HD (blue),PE-HD (blue)
c_04,258,c_04-258,MAYP1114611__257__00258.txt,continuous_spectra,pehd_blue,2025-06-12,2735219.5599999996,2585348.556,True,False,True,PE-HD (blue),plastic,polymer,PE-HD,PE-HD (blue),PP
c_04,259,c_04-259,MAYP1114611__258__00259.txt,continuous_spectra,pehd_blue,2025-06-12,6255755.559999999,2585348.556,True,False,True,PE-HD (blue),plastic,polymer,PE-HD,PE-HD (blue),PE-HD (blue)
c_04,260,c_04-260,MAYP1114611__259__00260.txt,continuous_spectra,pehd_blue,2025-06-12,8409404.559999999,2585348.556,True,False,True,PE-HD (blue),plastic,polymer,PE-HD,PE-HD (blue),PE-HD (blue)
c_04,261,c_04-261,MAYP1114611__260__00261.txt,continuous_spectra,pehd_blue,2025-06-12,7586526.559999999,2585348.556,True,False,True,PE-HD (blue),plastic,polymer,PE-HD,PE-HD (blue),PE-HD (blue)
c_04,262,c_04-262,MAYP1114611__261__00262.txt,continuous_spectra,pehd_blue,2025-06-12,6015081.440000001,2585348.556,True,False,True,PE-HD (blue),plastic,polymer,PE-HD,PE-HD (blue),PE-HD (blue)
c_04,263,c_04-263,MAYP1114611__262__00263.txt,continuous_spectra,pehd_blue,2025-06-12,9724113.0,2585348.556,True,False,True,PE-HD (blue),plastic,polymer,PE-HD,PE-HD (blue),PE-HD (blue)
c_04,264,c_04-264,MAYP1114611__263__00264.txt,continuous_spectra,pehd_blue,2025-06-12,7265369.559999999,2585348.556,True,False,True,PE-HD (blue),plastic,polymer,PE-HD,PE-HD (blue),PE-HD (blue)
c_04,265,c_04-265,MAYP1114611__264__00265.txt,continuous_spectra,pehd_blue,2025-06-12,4358179.440000001,2585348.556,True,False,True,PE-HD (blue),plastic,polymer,PE-HD,PE-HD (blue),PE-HD (blue)
c_04,268,c_04-268,MAYP1114611__267__00268.txt,continuous_spectra,pehd_blue,2025-06-12,2939618.5599999996,2585348.556,True,False,True,PE-HD (blue),plastic,polymer,PE-HD,PE-HD (blue),PE-HD (blue)
c_04,269,c_04-269,MAYP1114611__268__00269.txt,continuous_spectra,pehd_blue,2025-06-12,6365513.440000001,2585348.556,True,False,True,PE-HD (blue),plastic,polymer,PE-HD,PE-HD (blue),PE-HD (blue)
c_04,270,c_04-270,MAYP1114611__269__00270.txt,continuous_spectra,pehd_blue,2025-06-12,7601266.440000001,2585348.556,True,False,True,PE-HD (blue),plastic,polymer,PE-HD,PE-HD (blue),PE-HD (blue)
c_04,271,c_04-271,MAYP1114611__270__00271.txt,continuous_spectra,pehd_blue,2025-06-12,8743967.0,2585348.556,True,False,True,PE-HD (blue),plastic,polymer,PE-HD,PE-HD (blue),PE-HD (blue)
c_04,272,c_04-272,MAYP1114611__271__00272.txt,continuous_spectra,pehd_blue,2025-06-12,8035231.440000001,2585348.556,True,False,True,PE-HD (blue),plastic,polymer,PE-HD,PE-HD (blue),PE-HD (blue)
c_04,273,c_04-273,MAYP1114611__272__00273.txt,continuous_spectra,pehd_blue,2025-06-12,8798755.0,2585348.556,True,False,True,PE-HD (blue),plastic,polymer,PE-HD,PE-HD (blue),PE-HD (blue)
c_04,274,c_04-274,MAYP1114611__273__00274.txt,continuous_spectra,pehd_blue,2025-06-12,7790310.0,2585348.556,True,False,True,PE-HD (blue),plastic,polymer,PE-HD,PE-HD (blue),PE-HD (blue)
c_04,275,c_04-275,MAYP1114611__274__00275.txt,continuous_spectra,pehd_blue,2025-06-12,8248521.440000001,2585348.556,True,False,True,PE-HD (blue),plastic,polymer,PE-HD,PE-HD (blue),PE-HD (blue)
c_05,30,c_05-030,MAYP1114611__29__00330.txt,continuous_spectra,pehd_blue,2025-06-12,6640524.559999999,3166753.5060000005,True,False,True,PE-HD (blue),plastic,polymer,PE-HD,PE-HD (blue),PE-HD (blue)
c_05,31,c_05-031,MAYP1114611__30__00331.txt,continuous_spectra,pehd_blue,2025-06-12,7231332.0,3166753.5060000005,True,False,True,PE-HD (blue),plastic,polymer,PE-HD,PE-HD (blue),PE-HD (blue)
c_05,32,c_05-032,MAYP1114611__31__00332.txt,continuous_spectra,pehd_blue,2025-06-12,8096643.440000001,3166753.5060000005,True,False,True,PE-HD (blue),plastic,polymer,PE-HD,PE-HD (blue),PE-HD (blue)
c_05,33,c_05-033,MAYP1114611__32__00333.txt,continuous_spectra,pehd_blue,2025-06-12,6223820.440000001,3166753.5060000005,True,False,True,PE-HD (blue),plastic,polymer,PE-HD,PE-HD (blue),PE-HD (blue)
c_05,34,c_05-034,MAYP1114611__33__00334.txt,continuous_spectra,pehd_blue,2025-06-12,6788921.0,3166753.5060000005,True,False,True,PE-HD (blue),plastic,polymer,PE-HD,PE-HD (blue),PE-HD (blue)
c_05,35,c_05-035,MAYP1114611__34__00335.txt,continuous_spectra,pehd_blue,2025-06-12,8841271.0,3166753.5060000005,True,False,True,PE-HD (blue),plastic,polymer,PE-HD,PE-HD (blue),PE-HD (blue)
c_05,36,c_05-036,MAYP1114611__35__00336.txt,continuous_spectra,pehd_blue,2025-06-12,7992744.0,3166753.5060000005,True,False,True,PE-HD (blue),plastic,polymer,PE-HD,PE-HD (blue),PE-HD (blue)
c_05,37,c_05-037,MAYP1114611__36__00337.txt,continuous_spectra,pehd_blue,2025-06-12,5389458.440000001,3166753.5060000005,True,False,True,PE-HD (blue),plastic,polymer,PE-HD,PE-HD (blue),PE-HD (blue)
c_05,42,c_05-042,MAYP1114611__41__00342.txt,continuous_spectra,pehd_blue,2025-06-12,6990679.559999999,3166753.5060000005,True,False,True,PE-HD (blue),plastic,polymer,PE-HD,PE-HD (blue),PE-HD (blue)
c_05,43,c_05-043,MAYP1114611__42__00343.txt,continuous_spectra,pehd_blue,2025-06-12,9000122.440000001,3166753.5060000005,True,False,True,PE-HD (blue),plastic,polymer,PE-HD,PE-HD (blue),PE-HD (blue)
c_05,44,c_05-044,MAYP1114611__43__00344.txt,continuous_spectra,pehd_blue,2025-06-12,8761843.440000001,3166753.5060000005,True,False,True,PE-HD (blue),plastic,polymer,PE-HD,PE-HD (blue),PE-HD (blue)
c_05,45,c_05-045,MAYP1114611__44__00345.txt,continuous_spectra,pehd_blue,2025-06-12,6461194.559999999,3166753.5060000005,True,False,True,PE-HD (blue),plastic,polymer,PE-HD,PE-HD (blue),PE-HD (blue)
c_05,46,c_05-046,MAYP1114611__45__00346.txt,continuous_spectra,pehd_blue,2025-06-12,8698802.440000001,3166753.5060000005,True,False,True,PE-HD (blue),plastic,polymer,PE-HD,PE-HD (blue),PE-HD (blue)
c_05,47,c_05-047,MAYP1114611__46__00347.txt,continuous_spectra,pehd_blue,2025-06-12,9165919.44,3166753.5060000005,True,False,True,PE-HD (blue),plastic,polymer,PE-HD,PE-HD (blue),PE-HD (blue)
c_05,48,c_05-048,MAYP1114611__47__00348.txt,continuous_spectra,pehd_blue,2025-06-12,3493791.559999999,3166753.5060000005,True,False,True,PE-HD (blue),plastic,polymer,PE-HD,PE-HD (blue),PE-HD (blue)
c_05,52,c_05-052,MAYP1114611__51__00352.txt,continuous_spectra,pehd_blue,2025-06-12,4557338.559999999,3166753.5060000005,True,False,True,PE-HD (blue),plastic,polymer,PE-HD,PE-HD (blue),PE-HD (blue)
c_05,53,c_05-053,MAYP1114611__52__00353.txt,continuous_spectra,pehd_blue,2025-06-12,7828789.559999999,3166753.5060000005,True,False,True,PE-HD (blue),plastic,polymer,PE-HD,PE-HD (blue),PE-HD (blue)
c_05,54,c_05-054,MAYP1114611__53__00354.txt,continuous_spectra,pehd_blue,2025-06-12,5582006.440000001,3166753.5060000005,True,False,True,PE-HD (blue),plastic,polymer,PE-HD,PE-HD (blue),PE-HD (blue)
c_05,55,c_05-055,MAYP1114611__54__00355.txt,continuous_spectra,pehd_blue,2025-06-12,3391661.0,3166753.5060000005,True,False,True,PE-HD (blue),plastic,polymer,PE-HD,PE-HD (blue),PE-HD (blue)
c_05,56,c_05-056,MAYP1114611__55__00356.txt,continuous_spectra,pehd_blue,2025-06-12,5815403.0,3166753.5060000005,True,False,True,PE-HD (blue),plastic,polymer,PE-HD,PE-HD (blue),PE-HD (blue)
c_05,57,c_05-057,MAYP1114611__56__00357.txt,continuous_spectra,pehd_blue,2025-06-12,3533438.559999999,3166753.5060000005,True,False,True,PE-HD (blue),plastic,polymer,PE-HD,PE-HD (blue),PE-HD (blue)
c_05,58,c_05-058,MAYP1114611__57__00358.txt,continuous_spectra,pehd_blue,2025-06-12,5762738.440000001,3166753.5060000005,True,False,True,PE-HD (blue),plastic,polymer,PE-HD,PE-HD (blue),PE-HD (blue)
c_05,59,c_05-059,MAYP1114611__58__00359.txt,continuous_spectra,pehd_blue,2025-06-12,7683956.440000001,3166753.5060000005,True,False,True,PE-HD (blue),plastic,polymer,PE-HD,PE-HD (blue),PE-HD (blue)
c_05,63,c_05-063,MAYP1114611__62__00363.txt,continuous_spectra,pehd_blue,2025-06-12,3276932.440000001,3166753.5060000005,True,False,True,PE-HD (blue),plastic,polymer,PE-HD,PE-HD (blue),PE-HD (blue)
c_05,64,c_05-064,MAYP1114611__63__00364.txt,continuous_spectra,pehd_blue,2025-06-12,7103763.440000001,3166753.5060000005,True,False,True,PE-HD (blue),plastic,polymer,PE-HD,PE-HD (blue),PE-HD (blue)
c_05,65,c_05-065,MAYP1114611__64__00365.txt,continuous_spectra,pehd_blue,2025-06-12,9139274.44,3166753.5060000005,True,False,True,PE-HD (blue),plastic,polymer,PE-HD,PE-HD (blue),PE-HD (blue)
c_05,66,c_05-066,MAYP1114611__65__00366.txt,continuous_spectra,pehd_blue,2025-06-12,7342774.0,3166753.5060000005,True,False,True,PE-HD (blue),plastic,polymer,PE-HD,PE-HD (blue),PE-HD (blue)
c_05,67,c_05-067,MAYP1114611__66__00367.txt,continuous_spectra,pehd_blue,2025-06-12,9852275.44,3166753.5060000005,True,False,True,PE-HD (blue),plastic,polymer,PE-HD,PE-HD (blue),PE-HD (blue)
c_05,68,c_05-068,MAYP1114611__67__00368.txt,continuous_spectra,pehd_blue,2025-06-12,8279182.440000001,3166753.5060000005,True,False,True,PE-HD (blue),plastic,polymer,PE-HD,PE-HD (blue),PE-HD (blue)
c_05,69,c_05-069,MAYP1114611__68__00369.txt,continuous_spectra,pehd_blue,2025-06-12,8392866.0,3166753.5060000005,True,False,True,PE-HD (blue),plastic,polymer,PE-HD,PE-HD (blue),PE-HD (blue)
c_05,70,c_05-070,MAYP1114611__69__00370.txt,continuous_spectra,pehd_blue,2025-06-12,8294725.559999999,3166753.5060000005,True,False,True,PE-HD (blue),plastic,polymer,PE-HD,PE-HD (blue),PE-HD (blue)
c_05,74,c_05-074,MAYP1114611__73__00374.txt,continuous_spectra,pehd_blue,2025-06-12,4805663.559999999,3166753.5060000005,True,False,True,PE-HD (blue),plastic,polymer,PE-HD,PE-HD (blue),PE-HD (blue)
c_05,75,c_05-075,MAYP1114611__74__00375.txt,continuous_spectra,pehd_blue,2025-06-12,6143932.440000001,3166753.5060000005,True,False,True,PE-HD (blue),plastic,polymer,PE-HD,PE-HD (blue),PE-HD (blue)
c_05,76,c_05-076,MAYP1114611__75__00376.txt,continuous_spectra,pehd_blue,2025-06-12,5876011.559999999,3166753.5060000005,True,False,True,PE-HD (blue),plastic,polymer,PE-HD,PE-HD (blue),PE-HD (blue)
c_05,77,c_05-077,MAYP1114611__76__00377.txt,continuous_spectra,pehd_blue,2025-06-12,5870419.0,3166753.5060000005,True,False,True,PE-HD (blue),plastic,polymer,PE-HD,PE-HD (blue),PE-HD (blue)
c_05,78,c_05-078,MAYP1114611__77__00378.txt,continuous_spectra,pehd_blue,2025-06-12,7054127.0,3166753.5060000005,True,False,True,PE-HD (blue),plastic,polymer,PE-HD,PE-HD (blue),PE-HD (blue)
c_05,79,c_05-079,MAYP1114611__78__00379.txt,continuous_spectra,pehd_blue,2025-06-12,7918831.0,3166753.5060000005,True,False,True,PE-HD (blue),plastic,polymer,PE-HD,PE-HD (blue),PE-HD (blue)
c_05,80,c_05-080,MAYP1114611__79__00380.txt,continuous_spectra,pehd_blue,2025-06-12,7256777.559999999,3166753.5060000005,True,False,True,PE-HD (blue),plastic,polymer,PE-HD,PE-HD (blue),PE-HD (blue)
c_05,81,c_05-081,MAYP1114611__80__00381.txt,continuous_spectra,pehd_blue,2025-06-12,5230689.0,3166753.5060000005,True,False,True,PE-HD (blue),plastic,polymer,PE-HD,PE-HD (blue),PE-HD (blue)
c_05,85,c_05-085,MAYP1114611__84__00385.txt,continuous_spectra,pehd_blue,2025-06-12,5461102.0,3166753.5060000005,True,False,True,PE-HD (blue),plastic,polymer,PE-HD,PE-HD (blue),PE-HD (blue)
c_05,86,c_05-086,MAYP1114611__85__00386.txt,continuous_spectra,pehd_blue,2025-06-12,7326432.0,3166753.5060000005,True,False,True,PE-HD (blue),plastic,polymer,PE-HD,PE-HD (blue),PE-HD (blue)
c_05,87,c_05-087,MAYP1114611__86__00387.txt,continuous_spectra,pehd_blue,2025-06-12,7386196.559999999,3166753.5060000005,True,False,True,PE-HD (blue),plastic,polymer,PE-HD,PE-HD (blue),PE-HD (blue)
c_05,88,c_05-088,MAYP1114611__87__00388.txt,continuous_spectra,pehd_blue,2025-06-12,6000583.0,3166753.5060000005,True,False,True,PE-HD (blue),plastic,polymer,PE-HD,PE-HD (blue),PE-HD (blue)
c_05,89,c_05-089,MAYP1114611__88__00389.txt,continuous_spectra,pehd_blue,2025-06-12,7214397.0,3166753.5060000005,True,False,True,PE-HD (blue),plastic,polymer,PE-HD,PE-HD (blue),PE-HD (blue)
c_05,90,c_05-090,MAYP1114611__89__00390.txt,continuous_spectra,pehd_blue,2025-06-12,6277712.559999999,3166753.5060000005,True,False,True,PE-HD (blue),plastic,polymer,PE-HD,PE-HD (blue),PE-HD (blue)
c_05,91,c_05-091,MAYP1114611__90__00391.txt,continuous_spectra,pehd_blue,2025-06-12,6942555.559999999,3166753.5060000005,True,False,True,PE-HD (blue),plastic,polymer,PE-HD,PE-HD (blue),PE-HD (blue)
c_05,92,c_05-092,MAYP1114611__91__00392.txt,continuous_spectra,pehd_blue,2025-06-12,3681336.559999999,3166753.5060000005,True,False,True,PE-HD (blue),plastic,polymer,PE-HD,PE-HD (blue),PE-HD (blue)
c_05,123,c_05-123,MAYP1114611__122__00423.txt,continuous_spectra,pehd_blue,2025-06-12,9827215.44,3166753.5060000005,True,False,True,PE-HD (blue),plastic,polymer,PE-HD,PE-HD (blue),PE-HD (blue)
c_05,124,c_05-124,MAYP1114611__123__00424.txt,continuous_spectra,pehd_blue,2025-06-12,11149407.0,3166753.5060000005,True,False,True,PE-HD (blue),plastic,polymer,PE-HD,PE-HD (blue),PE-HD (blue)
c_05,125,c_05-125,MAYP1114611__124__00425.txt,continuous_spectra,pehd_blue,2025-06-12,9781753.44,3166753.5060000005,True,False,True,PE-HD (blue),plastic,polymer,PE-HD,PE-HD (blue),PE-HD (blue)
c_05,126,c_05-126,MAYP1114611__125__00426.txt,continuous_spectra,pehd_blue,2025-06-12,10416386.44,3166753.5060000005,True,False,True,PE-HD (blue),plastic,polymer,PE-HD,PE-HD (blue),PE-HD (blue)
c_05,127,c_05-127,MAYP1114611__126__00427.txt,continuous_spectra,pehd_blue,2025-06-12,9312881.44,3166753.5060000005,True,False,True,PE-HD (blue),plastic,polymer,PE-HD,PE-HD (blue),PE-HD (blue)
c_05,128,c_05-128,MAYP1114611__127__00428.txt,continuous_spectra,pehd_blue,2025-06-12,8326030.0,3166753.5060000005,True,False,True,PE-HD (blue),plastic,polymer,PE-HD,PE-HD (blue),PE-HD (blue)
c_05,129,c_05-129,MAYP1114611__128__00429.txt,continuous_spectra,pehd_blue,2025-06-12,8723824.559999999,3166753.5060000005,True,False,True,PE-HD (blue),plastic,polymer,PE-HD,PE-HD (blue),PE-HD (blue)
c_05,130,c_05-130,MAYP1114611__129__00430.txt,continuous_spectra,pehd_blue,2025-06-12,4822471.559999999,3166753.5060000005,True,False,True,PE-HD (blue),plastic,polymer,PE-HD,PE-HD (blue),PE-HD (blue)
c_05,135,c_05-135,MAYP1114611__134__00435.txt,continuous_spectra,pehd_blue,2025-06-12,7153181.559999999,3166753.5060000005,True,False,True,PE-HD (blue),plastic,polymer,PE-HD,PE-HD (blue),PE-HD (blue)
c_05,136,c_05-136,MAYP1114611__135__00436.txt,continuous_spectra,pehd_blue,2025-06-12,8554406.440000001,3166753.5060000005,True,False,True,PE-HD (blue),plastic,polymer,PE-HD,PE-HD (blue),PE-HD (blue)
c_05,137,c_05-137,MAYP1114611__136__00437.txt,continuous_spectra,pehd_blue,2025-06-12,8156453.440000001,3166753.5060000005,True,False,True,PE-HD (blue),plastic,polymer,PE-HD,PE-HD (blue),PE-HD (blue)
c_05,138,c_05-138,MAYP1114611__137__00438.txt,continuous_spectra,pehd_blue,2025-06-12,8809335.0,3166753.5060000005,True,False,True,PE-HD (blue),plastic,polymer,PE-HD,PE-HD (blue),PE-HD (blue)
c_05,139,c_05-139,MAYP1114611__138__00439.txt,continuous_spectra,pehd_blue,2025-06-12,9973594.0,3166753.5060000005,True,False,True,PE-HD (blue),plastic,polymer,PE-HD,PE-HD (blue),PE-HD (blue)
c_05,140,c_05-140,MAYP1114611__139__00440.txt,continuous_spectra,pehd_blue,2025-06-12,10709672.56,3166753.5060000005,True,False,True,PE-HD (blue),plastic,polymer,PE-HD,PE-HD (blue),PE-HD (blue)
c_05,141,c_05-141,MAYP1114611__140__00441.txt,continuous_spectra,pehd_blue,2025-06-12,6943112.0,3166753.5060000005,True,False,True,PE-HD (blue),plastic,polymer,PE-HD,PE-HD (blue),PE-HD (blue)
c_05,145,c_05-145,MAYP1114611__144__00445.txt,continuous_spectra,pehd_blue,2025-06-12,6047041.0,3166753.5060000005,True,False,True,PE-HD (blue),plastic,polymer,PE-HD,PE-HD (blue),PE-HD (blue)
c_05,146,c_05-146,MAYP1114611__145__00446.txt,continuous_spectra,pehd_blue,2025-06-12,9093954.0,3166753.5060000005,True,False,True,PE-HD (blue),plastic,polymer,PE-HD,PE-HD (blue),PE-HD (blue)
c_05,147,c_05-147,MAYP1114611__146__00447.txt,continuous_spectra,pehd_blue,2025-06-12,7345171.0,3166753.5060000005,True,False,True,PE-HD (blue),plastic,polymer,PE-HD,PE-HD (blue),PE-HD (blue)
c_05,148,c_05-148,MAYP1114611__147__00448.txt,continuous_spectra,pehd_blue,2025-06-12,6884094.559999999,3166753.5060000005,True,False,True,PE-HD (blue),plastic,polymer,PE-HD,PE-HD (blue),PE-HD (blue)
c_05,149,c_05-149,MAYP1114611__148__00449.txt,continuous_spectra,pehd_blue,2025-06-12,11280666.0,3166753.5060000005,True,False,True,PE-HD (blue),plastic,polymer,PE-HD,PE-HD (blue),PE-HD (blue)
c_05,150,c_05-150,MAYP1114611__149__00450.txt,continuous_spectra,pehd_blue,2025-06-12,10349077.44,3166753.5060000005,True,False,True,PE-HD (blue),plastic,polymer,PE-HD,PE-HD (blue),PE-HD (blue)
c_05,151,c_05-151,MAYP1114611__150__00451.txt,continuous_spectra,pehd_blue,2025-06-12,10235711.44,3166753.5060000005,True,False,True,PE-HD (blue),plastic,polymer,PE-HD,PE-HD (blue),PE-HD (blue)
c_05,152,c_05-152,MAYP1114611__151__00452.txt,continuous_spectra,pehd_blue,2025-06-12,7040901.0,3166753.5060000005,True,False,True,PE-HD (blue),plastic,polymer,PE-HD,PE-HD (blue),PE-HD (blue)
c_05,155,c_05-155,MAYP1114611__154__00455.txt,continuous_spectra,pehd_blue,2025-06-12,4995264.559999999,3166753.5060000005,True,False,True,PE-HD (blue),plastic,polymer,PE-HD,PE-HD (blue),PE-HD (blue)
c_05,156,c_05-156,MAYP1114611__155__00456.txt,continuous_spectra,pehd_blue,2025-06-12,7982517.0,3166753.5060000005,True,False,True,PE-HD (blue),plastic,polymer,PE-HD,PE-HD (blue),PE-HD (blue)
c_05,157,c_05-157,MAYP1114611__156__00457.txt,continuous_spectra,pehd_blue,2025-06-12,9002669.559999999,3166753.5060000005,True,False,True,PE-HD (blue),plastic,polymer,PE-HD,PE-HD (blue),PE-HD (blue)
c_05,158,c_05-158,MAYP1114611__157__00458.txt,continuous_spectra,pehd_blue,2025-06-12,9502000.44,3166753.5060000005,True,False,True,PE-HD (blue),plastic,polymer,PE-HD,PE-HD (blue),PE-HD (blue)
c_05,159,c_05-159,MAYP1114611__158__00459.txt,continuous_spectra,pehd_blue,2025-06-12,8241633.559999999,3166753.5060000005,True,False,True,PE-HD (blue),plastic,polymer,PE-HD,PE-HD (blue),PE-HD (blue)
c_05,160,c_05-160,MAYP1114611__159__00460.txt,continuous_spectra,pehd_blue,2025-06-12,7740265.440000001,3166753.5060000005,True,False,True,PE-HD (blue),plastic,polymer,PE-HD,PE-HD (blue),PE-HD (blue)
c_05,161,c_05-161,MAYP1114611__160__00461.txt,continuous_spectra,pehd_blue,2025-06-12,9476670.44,3166753.5060000005,True,False,True,PE-HD (blue),plastic,polymer,PE-HD,PE-HD (blue),PE-HD (blue)
c_05,162,c_05-162,MAYP1114611__161__00462.txt,continuous_spectra,pehd_blue,2025-06-12,9183268.44,3166753.5060000005,True,False,True,PE-HD (blue),plastic,polymer,PE-HD,PE-HD (blue),PE-HD (blue)
c_05,163,c_05-163,MAYP1114611__162__00463.txt,continuous_spectra,pehd_blue,2025-06-12,4348272.440000001,3166753.5060000005,True,False,True,PE-HD (blue),plastic,polymer,PE-HD,PE-HD (blue),PE-HD (blue)
c_05,166,c_05-166,MAYP1114611__165__00466.txt,continuous_spectra,pehd_blue,2025-06-12,3197627.440000001,3166753.5060000005,True,False,True,PE-HD (blue),plastic,polymer,PE-HD,PE-HD (blue),PE-HD (blue)
c_05,167,c_05-167,MAYP1114611__166__00467.txt,continuous_spectra,pehd_blue,2025-06-12,8593098.0,3166753.5060000005,True,False,True,PE-HD (blue),plastic,polymer,PE-HD,PE-HD (blue),PE-HD (blue)
c_05,168,c_05-168,MAYP1114611__167__00468.txt,continuous_spectra,pehd_blue,2025-06-12,7119869.559999999,3166753.5060000005,True,False,True,PE-HD (blue),plastic,polymer,PE-HD,PE-HD (blue),PE-HD (blue)
c_05,169,c_05-169,MAYP1114611__168__00469.txt,continuous_spectra,pehd_blue,2025-06-12,9574295.0,3166753.5060000005,True,False,True,PE-HD (blue),plastic,polymer,PE-HD,PE-HD (blue),PE-HD (blue)
c_05,170,c_05-170,MAYP1114611__169__00470.txt,continuous_spectra,pehd_blue,2025-06-12,9006312.559999999,3166753.5060000005,True,False,True,PE-HD (blue),plastic,polymer,PE-HD,PE-HD (blue),PE-HD (blue)
c_05,171,c_05-171,MAYP1114611__170__00471.txt,continuous_spectra,pehd_blue,2025-06-12,8359787.440000001,3166753.5060000005,True,False,True,PE-HD (blue),plastic,polymer,PE-HD,PE-HD (blue),PE-HD (blue)
c_05,172,c_05-172,MAYP1114611__171__00472.txt,continuous_spectra,pehd_blue,2025-06-12,6933970.440000001,3166753.5060000005,True,False,True,PE-HD (blue),plastic,polymer,PE-HD,PE-HD (blue),PE-HD (blue)
c_05,173,c_05-173,MAYP1114611__172__00473.txt,continuous_spectra,pehd_blue,2025-06-12,8038883.440000001,3166753.5060000005,True,False,True,PE-HD (blue),plastic,polymer,PE-HD,PE-HD (blue),PE-HD (blue)
c_05,174,c_05-174,MAYP1114611__173__00474.txt,continuous_spectra,pehd_blue,2025-06-12,7514717.559999999,3166753.5060000005,True,False,True,PE-HD (blue),plastic,polymer,PE-HD,PE-HD (blue),PE-HD (blue)
c_05,177,c_05-177,MAYP1114611__176__00477.txt,continuous_spectra,pehd_blue,2025-06-12,4841391.440000001,3166753.5060000005,True,False,True,PE-HD (blue),plastic,polymer,PE-HD,PE-HD (blue),PE-HD (blue)
c_05,178,c_05-178,MAYP1114611__177__00478.txt,continuous_spectra,pehd_blue,2025-06-12,8110964.0,3166753.5060000005,True,False,True,PE-HD (blue),plastic,polymer,PE-HD,PE-HD (blue),PE-HD (blue)
c_05,179,c_05-179,MAYP1114611__178__00479.txt,continuous_spectra,pehd_blue,2025-06-12,9134455.0,3166753.5060000005,True,False,True,PE-HD (blue),plastic,polymer,PE-HD,PE-HD (blue),PE-HD (blue)
c_05,180,c_05-180,MAYP1114611__179__00480.txt,continuous_spectra,pehd_blue,2025-06-12,9800158.0,3166753.5060000005,True,False,True,PE-HD (blue),plastic,polymer,PE-HD,PE-HD (blue),PE-HD (blue)
c_05,181,c_05-181,MAYP1114611__180__00481.txt,continuous_spectra,pehd_blue,2025-06-12,8095501.0,3166753.5060000005,True,False,True,PE-HD (blue),plastic,polymer,PE-HD,PE-HD (blue),PE-HD (blue)
c_05,182,c_05-182,MAYP1114611__181__00482.txt,continuous_spectra,pehd_blue,2025-06-12,7689846.0,3166753.5060000005,True,False,True,PE-HD (blue),plastic,polymer,PE-HD,PE-HD (blue),PE-HD (blue)
c_05,183,c_05-183,MAYP1114611__182__00483.txt,continuous_spectra,pehd_blue,2025-06-12,8958068.440000001,3166753.5060000005,True,False,True,PE-HD (blue),plastic,polymer,PE-HD,PE-HD (blue),PE-HD (blue)
c_05,184,c_05-184,MAYP1114611__183__00484.txt,continuous_spectra,pehd_blue,2025-06-12,9334236.44,3166753.5060000005,True,False,True,PE-HD (blue),plastic,polymer,PE-HD,PE-HD (blue),PE-HD (blue)
c_05,185,c_05-185,MAYP1114611__184__00485.txt,continuous_spectra,pehd_blue,2025-06-12,4052761.440000002,3166753.5060000005,True,False,True,PE-HD (blue),plastic,polymer,PE-HD,PE-HD (blue),PE-HD (blue)
c_05,215,c_05-215,MAYP1114611__214__00515.txt,continuous_spectra,pehd_blue,2025-06-12,3214455.559999999,3166753.5060000005,True,False,True,PE-HD (blue),plastic,polymer,PE-HD,PE-HD (blue),PE-HD (blue)
c_05,216,c_05-216,MAYP1114611__215__00516.txt,continuous_spectra,pehd_blue,2025-06-12,7901983.559999999,3166753.5060000005,True,False,True,PE-HD (blue),plastic,polymer,PE-HD,PE-HD (blue),PE-HD (blue)
c_05,217,c_05-217,MAYP1114611__216__00517.txt,continuous_spectra,pehd_blue,2025-06-12,7776596.0,3166753.5060000005,True,False,True,PE-HD (blue),plastic,polymer,PE-HD,PE-HD (blue),PE-HD (blue)
c_05,218,c_05-218,MAYP1114611__217__00518.txt,continuous_spectra,pehd_blue,2025-06-12,7094858.0,3166753.5060000005,True,False,True,PE-HD (blue),plastic,polymer,PE-HD,PE-HD (blue),PE-HD (blue)
c_05,219,c_05-219,MAYP1114611__218__00519.txt,continuous_spectra,pehd_blue,2025-06-12,4983219.440000001,3166753.5060000005,True,False,True,PE-HD (blue),plastic,polymer,PE-HD,PE-HD (blue),PE-HD (blue)
c_05,220,c_05-220,MAYP1114611__219__00520.txt,continuous_spectra,pehd_blue,2025-06-12,7268387.559999999,3166753.5060000005,True,False,True,PE-HD (blue),plastic,polymer,PE-HD,PE-HD (blue),PE-HD (blue)
c_05,221,c_05-221,MAYP1114611__220__00521.txt,continuous_spectra,pehd_blue,2025-06-12,8221399.440000001,3166753.5060000005,True,False,True,PE-HD (blue),plastic,polymer,PE-HD,PE-HD (blue),PE-HD (blue)
c_05,222,c_05-222,MAYP1114611__221__00522.txt,continuous_spectra,pehd_blue,2025-06-12,7072324.440000001,3166753.5060000005,True,False,True,PE-HD (blue),plastic,polymer,PE-HD,PE-HD (blue),PE-HD (blue)
c_05,223,c_05-223,MAYP1114611__222__00523.txt,continuous_spectra,pehd_blue,2025-06-12,5577584.0,3166753.5060000005,True,False,True,PE-HD (blue),plastic,polymer,PE-HD,PE-HD (blue),PE-HD (blue)
c_05,227,c_05-227,MAYP1114611__226__00527.txt,continuous_spectra,pehd_blue,2025-06-12,3904033.0,3166753.5060000005,True,False,True,PE-HD (blue),plastic,polymer,PE-HD,PE-HD (blue),PE-HD (blue)
c_05,228,c_05-228,MAYP1114611__227__00528.txt,continuous_spectra,pehd_blue,2025-06-12,7978726.559999999,3166753.5060000005,True,False,True,PE-HD (blue),plastic,polymer,PE-HD,PE-HD (blue),PE-HD (blue)
c_05,229,c_05-229,MAYP1114611__228__00529.txt,continuous_spectra,pehd_blue,2025-06-12,8819348.0,3166753.5060000005,True,False,True,PE-HD (blue),plastic,polymer,PE-HD,PE-HD (blue),PE-HD (blue)
c_05,230,c_05-230,MAYP1114611__229__00530.txt,continuous_spectra,pehd_blue,2025-06-12,8832792.559999999,3166753.5060000005,True,False,True,PE-HD (blue),plastic,polymer,PE-HD,PE-HD (blue),PE-HD (blue)
c_05,231,c_05-231,MAYP1114611__230__00531.txt,continuous_spectra,pehd_blue,2025-06-12,8712484.440000001,3166753.5060000005,True,False,True,PE-HD (blue),plastic,polymer,PE-HD,PE-HD (blue),PE-HD (blue)
c_05,232,c_05-232,MAYP1114611__231__00532.txt,continuous_spectra,pehd_blue,2025-06-12,6332423.440000001,3166753.5060000005,True,False,True,PE-HD (blue),plastic,polymer,PE-HD,PE-HD (blue),PE-HD (blue)
c_05,233,c_05-233,MAYP1114611__232__00533.txt,continuous_spectra,pehd_blue,2025-06-12,6502165.559999999,3166753.5060000005,True,False,True,PE-HD (blue),plastic,polymer,PE-HD,PE-HD (blue),PE-HD (blue)
c_05,237,c_05-237,MAYP1114611__236__00537.txt,continuous_spectra,pehd_blue,2025-06-12,4831230.440000001,3166753.5060000005,True,False,True,PE-HD (blue),plastic,polymer,PE-HD,PE-HD (blue),PE-HD (blue)
c_05,238,c_05-238,MAYP1114611__237__00538.txt,continuous_spectra,pehd_blue,2025-06-12,7839368.0,3166753.5060000005,True,False,True,PE-HD (blue),plastic,polymer,PE-HD,PE-HD (blue),PE-HD (blue)
c_05,239,c_05-239,MAYP1114611__238__00539.txt,continuous_spectra,pehd_blue,2025-06-12,10043925.56,3166753.5060000005,True,False,True,PE-HD (blue),plastic,polymer,PE-HD,PE-HD (blue),PE-HD (blue)
c_05,240,c_05-240,MAYP1114611__239__00540.txt,continuous_spectra,pehd_blue,2025-06-12,8279145.0,3166753.5060000005,True,False,True,PE-HD (blue),plastic,polymer,PE-HD,PE-HD (blue),PE-HD (blue)
c_05,241,c_05-241,MAYP1114611__240__00541.txt,continuous_spectra,pehd_blue,2025-06-12,9755427.0,3166753.5060000005,True,False,True,PE-HD (blue),plastic,polymer,PE-HD,PE-HD (blue),PE-HD (blue)
c_05,242,c_05-242,MAYP1114611__241__00542.txt,continuous_spectra,pehd_blue,2025-06-12,6266812.0,3166753.5060000005,True,False,True,PE-HD (blue),plastic,polymer,PE-HD,PE-HD (blue),PE-HD (blue)
c_05,243,c_05-243,MAYP1114611__242__00543.txt,continuous_spectra,pehd_blue,2025-06-12,7956039.0,3166753.5060000005,True,False,True,PE-HD (blue),plastic,polymer,PE-HD,PE-HD (blue),PE-HD (blue)
c_05,244,c_05-244,MAYP1114611__243__00544.txt,continuous_spectra,pehd_blue,2025-06-12,8509268.559999999,3166753.5060000005,True,False,True,PE-HD (blue),plastic,polymer,PE-HD,PE-HD (blue),PE-HD (blue)
c_05,245,c_05-245,MAYP1114611__244__00545.txt,continuous_spectra,pehd_blue,2025-06-12,3357006.0,3166753.5060000005,True,False,True,PE-HD (blue),plastic,polymer,PE-HD,PE-HD (blue),PP
c_05,248,c_05-248,MAYP1114611__247__00548.txt,continuous_spectra,pehd_blue,2025-06-12,4995948.440000001,3166753.5060000005,True,False,True,PE-HD (blue),plastic,polymer,PE-HD,PE-HD (blue),PE-HD (blue)
c_05,249,c_05-249,MAYP1114611__248__00549.txt,continuous_spectra,pehd_blue,2025-06-12,9382938.0,3166753.5060000005,True,False,True,PE-HD (blue),plastic,polymer,PE-HD,PE-HD (blue),PE-HD (blue)
c_05,250,c_05-250,MAYP1114611__249__00550.txt,continuous_spectra,pehd_blue,2025-06-12,8575208.440000001,3166753.5060000005,True,False,True,PE-HD (blue),plastic,polymer,PE-HD,PE-HD (blue),PE-HD (blue)
c_05,251,c_05-251,MAYP1114611__250__00551.txt,continuous_spectra,pehd_blue,2025-06-12,9930293.44,3166753.5060000005,True,False,True,PE-HD (blue),plastic,polymer,PE-HD,PE-HD (blue),PE-HD (blue)
c_05,252,c_05-252,MAYP1114611__251__00552.txt,continuous_spectra,pehd_blue,2025-06-12,9104586.56,3166753.5060000005,True,False,True,PE-HD (blue),plastic,polymer,PE-HD,PE-HD (blue),PE-HD (blue)
c_05,253,c_05-253,MAYP1114611__252__00553.txt,continuous_spectra,pehd_blue,2025-06-12,8006524.440000001,3166753.5060000005,True,False,True,PE-HD (blue),plastic,polymer,PE-HD,PE-HD (blue),PE-HD (blue)
c_05,254,c_05-254,MAYP1114611__253__00554.txt,continuous_spectra,pehd_blue,2025-06-12,9127472.56,3166753.5060000005,True,False,True,PE-HD (blue),plastic,polymer,PE-HD,PE-HD (blue),PE-HD (blue)
c_05,255,c_05-255,MAYP1114611__254__00555.txt,continuous_spectra,pehd_blue,2025-06-12,5769602.559999999,3166753.5060000005,True,False,True,PE-HD (blue),plastic,polymer,PE-HD,PE-HD (blue),PE-HD (blue)
c_05,259,c_05-259,MAYP1114611__258__00559.txt,continuous_spectra,pehd_blue,2025-06-12,3719504.559999999,3166753.5060000005,True,False,True,PE-HD (blue),plastic,polymer,PE-HD,PE-HD (blue),PE-HD (blue)
c_05,260,c_05-260,MAYP1114611__259__00560.txt,continuous_spectra,pehd_blue,2025-06-12,8417745.559999999,3166753.5060000005,True,False,True,PE-HD (blue),plastic,polymer,PE-HD,PE-HD (blue),PE-HD (blue)
c_05,261,c_05-261,MAYP1114611__260__00561.txt,continuous_spectra,pehd_blue,2025-06-12,10410872.56,3166753.5060000005,True,False,True,PE-HD (blue),plastic,polymer,PE-HD,PE-HD (blue),PE-HD (blue)
c_05,262,c_05-262,MAYP1114611__261__00562.txt,continuous_spectra,pehd_blue,2025-06-12,9212796.0,3166753.5060000005,True,False,True,PE-HD (blue),plastic,polymer,PE-HD,PE-HD (blue),PE-HD (blue)
c_05,263,c_05-263,MAYP1114611__262__00563.txt,continuous_spectra,pehd_blue,2025-06-12,10316025.56,3166753.5060000005,True,False,True,PE-HD (blue),plastic,polymer,PE-HD,PE-HD (blue),PE-HD (blue)
c_05,264,c_05-264,MAYP1114611__263__00564.txt,continuous_spectra,pehd_blue,2025-06-12,9438199.56,3166753.5060000005,True,False,True,PE-HD (blue),plastic,polymer,PE-HD,PE-HD (blue),PE-HD (blue)
c_05,265,c_05-265,MAYP1114611__264__00565.txt,continuous_spectra,pehd_blue,2025-06-12,6714511.559999999,3166753.5060000005,True,False,True,PE-HD (blue),plastic,polymer,PE-HD,PE-HD (blue),PE-HD (blue)
c_05,266,c_05-266,MAYP1114611__265__00566.txt,continuous_spectra,pehd_blue,2025-06-12,4639270.440000001,3166753.5060000005,True,False,True,PE-HD (blue),plastic,polymer,PE-HD,PE-HD (blue),PE-HD (blue)
c_05,269,c_05-269,MAYP1114611__268__00569.txt,continuous_spectra,pehd_blue,2025-06-12,3903310.440000001,3166753.5060000005,True,False,True,PE-HD (blue),plastic,polymer,PE-HD,PE-HD (blue),PS
c_05,270,c_05-270,MAYP1114611__269__00570.txt,continuous_spectra,pehd_blue,2025-06-12,7274625.440000001,3166753.5060000005,True,False,True,PE-HD (blue),plastic,polymer,PE-HD,PE-HD (blue),PE-HD (blue)
c_05,271,c_05-271,MAYP1114611__270__00571.txt,continuous_spectra,pehd_blue,2025-06-12,7982511.0,3166753.5060000005,True,False,True,PE-HD (blue),plastic,polymer,PE-HD,PE-HD (blue),PE-HD (blue)
c_05,272,c_05-272,MAYP1114611__271__00572.txt,continuous_spectra,pehd_blue,2025-06-12,8836389.0,3166753.5060000005,True,False,True,PE-HD (blue),plastic,polymer,PE-HD,PE-HD (blue),PE-HD (blue)
c_05,273,c_05-273,MAYP1114611__272__00573.txt,continuous_spectra,pehd_blue,2025-06-12,8176074.559999999,3166753.5060000005,True,False,True,PE-HD (blue),plastic,polymer,PE-HD,PE-HD (blue),PE-HD (blue)
c_05,274,c_05-274,MAYP1114611__273__00574.txt,continuous_spectra,pehd_blue,2025-06-12,9342117.56,3166753.5060000005,True,False,True,PE-HD (blue),plastic,polymer,PE-HD,PE-HD (blue),PE-HD (blue)
c_05,275,c_05-275,MAYP1114611__274__00575.txt,continuous_spectra,pehd_blue,2025-06-12,7160224.559999999,3166753.5060000005,True,False,True,PE-HD (blue),plastic,polymer,PE-HD,PE-HD (blue),PE-HD (blue)
c_05,276,c_05-276,MAYP1114611__275__00576.txt,continuous_spectra,pehd_blue,2025-06-12,8972328.0,3166753.5060000005,True,False,True,PE-HD (blue),plastic,polymer,PE-HD,PE-HD (blue),PE-HD (blue)
c_05,277,c_05-277,MAYP1114611__276__00577.txt,continuous_spectra,pehd_blue,2025-06-12,3320047.440000001,3166753.5060000005,True,False,True,PE-HD (blue),plastic,polymer,PE-HD,PE-HD (blue),PE-HD (blue)
c_06,32,c_06-032,MAYP1114611__31__00632.txt,continuous_spectra,pe,2025-06-12,4015625.559999998,3318133.35,True,False,True,PE,plastic,polymer,PE,PE,PE
c_06,33,c_06-033,MAYP1114611__32__00633.txt,continuous_spectra,pe,2025-06-12,5153933.559999999,3318133.35,True,False,True,PE,plastic,polymer,PE,PE,PP
c_06,34,c_06-034,MAYP1114611__33__00634.txt,continuous_spectra,pe,2025-06-12,5310750.440000001,3318133.35,True,False,True,PE,plastic,polymer,PE,PE,PE
c_06,35,c_06-035,MAYP1114611__34__00635.txt,continuous_spectra,pe,2025-06-12,3758335.440000001,3318133.35,True,False,True,PE,plastic,polymer,PE,PE,PE
c_06,36,c_06-036,MAYP1114611__35__00636.txt,continuous_spectra,pe,2025-06-12,3976237.559999998,3318133.35,True,False,True,PE,plastic,polymer,PE,PE,PE
c_06,37,c_06-037,MAYP1114611__36__00637.txt,continuous_spectra,pe,2025-06-12,3554533.440000001,3318133.35,True,False,True,PE,plastic,polymer,PE,PE,PE
c_06,43,c_06-043,MAYP1114611__42__00643.txt,continuous_spectra,pe,2025-06-12,5220120.0,3318133.35,True,False,True,PE,plastic,polymer,PE,PE,PE
c_06,44,c_06-044,MAYP1114611__43__00644.txt,continuous_spectra,pe,2025-06-12,6363235.0,3318133.35,True,False,True,PE,plastic,polymer,PE,PE,PE
c_06,45,c_06-045,MAYP1114611__44__00645.txt,continuous_spectra,pe,2025-06-12,4068559.0,3318133.35,True,False,True,PE,plastic,polymer,PE,PE,PE
c_06,46,c_06-046,MAYP1114611__45__00646.txt,continuous_spectra,pe,2025-06-12,5463037.559999999,3318133.35,True,False,True,PE,plastic,polymer,PE,PE,PE
c_06,47,c_06-047,MAYP1114611__46__00647.txt,continuous_spectra,pe,2025-06-12,5459355.559999999,3318133.35,True,False,True,PE,plastic,polymer,PE,PE,PE
c_06,48,c_06-048,MAYP1114611__47__00648.txt,continuous_spectra,pe,2025-06-12,4739771.0,3318133.35,True,False,True,PE,plastic,polymer,PE,PE,PE
c_06,49,c_06-049,MAYP1114611__48__00649.txt,continuous_spectra,pe,2025-06-12,4390190.0,3318133.35,True,False,True,PE,plastic,polymer,PE,PE,PE
c_06,55,c_06-055,MAYP1114611__54__00655.txt,continuous_spectra,pe,2025-06-12,3649180.559999999,3318133.35,True,False,True,PE,plastic,polymer,PE,PE,PP
c_06,56,c_06-056,MAYP1114611__55__00656.txt,continuous_spectra,pe,2025-06-12,5945974.559999999,3318133.35,True,False,True,PE,plastic,polymer,PE,PE,PE
c_06,57,c_06-057,MAYP1114611__56__00657.txt,continuous_spectra,pe,2025-06-12,7069890.559999999,3318133.35,True,False,True,PE,plastic,polymer,PE,PE,PE
c_06,58,c_06-058,MAYP1114611__57__00658.txt,continuous_spectra,pe,2025-06-12,4443391.559999999,3318133.35,True,False,True,PE,plastic,polymer,PE,PE,PE
c_06,59,c_06-059,MAYP1114611__58__00659.txt,continuous_spectra,pe,2025-06-12,4315654.559999999,3318133.35,True,False,True,PE,plastic,polymer,PE,PE,PE
c_06,60,c_06-060,MAYP1114611__59__00660.txt,continuous_spectra,pe,2025-06-12,5055592.559999999,3318133.35,True,False,True,PE,plastic,polymer,PE,PE,PE
c_06,61,c_06-061,MAYP1114611__60__00661.txt,continuous_spectra,pe,2025-06-12,4024705.440000002,3318133.35,True,False,True,PE,plastic,polymer,PE,PE,PE
c_06,66,c_06-066,MAYP1114611__65__00666.txt,continuous_spectra,pe,2025-06-12,3889954.440000002,3318133.35,True,False,True,PE,plastic,polymer,PE,PE,PE
c_06,67,c_06-067,MAYP1114611__66__00667.txt,continuous_spectra,pe,2025-06-12,4996875.559999999,3318133.35,True,False,True,PE,plastic,polymer,PE,PE,PE
c_06,68,c_06-068,MAYP1114611__67__00668.txt,continuous_spectra,pe,2025-06-12,5022482.0,3318133.35,True,False,True,PE,plastic,polymer,PE,PE,PE
c_06,69,c_06-069,MAYP1114611__68__00669.txt,continuous_spectra,pe,2025-06-12,5931356.440000001,3318133.35,True,False,True,PE,plastic,polymer,PE,PE,PE
c_06,70,c_06-070,MAYP1114611__69__00670.txt,continuous_spectra,pe,2025-06-12,5946460.559999999,3318133.35,True,False,True,PE,plastic,polymer,PE,PE,PE
c_06,71,c_06-071,MAYP1114611__70__00671.txt,continuous_spectra,pe,2025-06-12,5029978.0,3318133.35,True,False,True,PE,plastic,polymer,PE,PE,PE
c_06,76,c_06-076,MAYP1114611__75__00676.txt,continuous_spectra,pe,2025-06-12,5652071.0,3318133.35,True,False,True,PE,plastic,polymer,PE,PE,PE
c_06,77,c_06-077,MAYP1114611__76__00677.txt,continuous_spectra,pe,2025-06-12,6780432.440000001,3318133.35,True,False,True,PE,plastic,polymer,PE,PE,PE
c_06,78,c_06-078,MAYP1114611__77__00678.txt,continuous_spectra,pe,2025-06-12,7196297.440000001,3318133.35,True,False,True,PE,plastic,polymer,PE,PE,PE
c_06,79,c_06-079,MAYP1114611__78__00679.txt,continuous_spectra,pe,2025-06-12,5769809.440000001,3318133.35,True,False,True,PE,plastic,polymer,PE,PE,PE
c_06,80,c_06-080,MAYP1114611__79__00680.txt,continuous_spectra,pe,2025-06-12,5095250.0,3318133.35,True,False,True,PE,plastic,polymer,PE,PE,PE
c_06,81,c_06-081,MAYP1114611__80__00681.txt,continuous_spectra,pe,2025-06-12,5320862.440000001,3318133.35,True,False,True,PE,plastic,polymer,PE,PE,PE
c_06,82,c_06-082,MAYP1114611__81__00682.txt,continuous_spectra,pe,2025-06-12,5589891.0,3318133.35,True,False,True,PE,plastic,polymer,PE,PE,PE
c_06,87,c_06-087,MAYP1114611__86__00687.txt,continuous_spectra,pe,2025-06-12,4036659.0,3318133.35,True,False,True,PE,plastic,polymer,PE,PE,PE
c_06,88,c_06-088,MAYP1114611__87__00688.txt,continuous_spectra,pe,2025-06-12,7358815.559999999,3318133.35,True,False,True,PE,plastic,polymer,PE,PE,PE
c_06,89,c_06-089,MAYP1114611__88__00689.txt,continuous_spectra,pe,2025-06-12,9274226.0,3318133.35,True,False,True,PE,plastic,polymer,PE,PE,PE
c_06,90,c_06-090,MAYP1114611__89__00690.txt,continuous_spectra,pe,2025-06-12,5055308.440000001,3318133.35,True,False,True,PE,plastic,polymer,PE,PE,PE
c_06,91,c_06-091,MAYP1114611__90__00691.txt,continuous_spectra,pe,2025-06-12,5107120.559999999,3318133.35,True,False,True,PE,plastic,polymer,PE,PE,PE
c_06,92,c_06-092,MAYP1114611__91__00692.txt,continuous_spectra,pe,2025-06-12,5043832.559999999,3318133.35,True,False,True,PE,plastic,polymer,PE,PE,PE
c_06,124,c_06-124,MAYP1114611__123__00724.txt,continuous_spectra,pe,2025-06-12,6717278.559999999,3318133.35,True,False,True,PE,plastic,polymer,PE,PE,PE
c_06,125,c_06-125,MAYP1114611__124__00725.txt,continuous_spectra,pe,2025-06-12,8187706.0,3318133.35,True,False,True,PE,plastic,polymer,PE,PE,PE
c_06,126,c_06-126,MAYP1114611__125__00726.txt,continuous_spectra,pe,2025-06-12,4897614.0,3318133.35,True,False,True,PE,plastic,polymer,PE,PE,PE
c_06,127,c_06-127,MAYP1114611__126__00727.txt,continuous_spectra,pe,2025-06-12,5420525.0,3318133.35,True,False,True,PE,plastic,polymer,PE,PE,PE
c_06,128,c_06-128,MAYP1114611__127__00728.txt,continuous_spectra,pe,2025-06-12,6812302.559999999,3318133.35,True,False,True,PE,plastic,polymer,PE,PE,PE
c_06,129,c_06-129,MAYP1114611__128__00729.txt,continuous_spectra,pe,2025-06-12,7215447.440000001,3318133.35,True,False,True,PE,plastic,polymer,PE,PE,PE
c_06,130,c_06-130,MAYP1114611__129__00730.txt,continuous_spectra,pe,2025-06-12,7459220.559999999,3318133.35,True,False,True,PE,plastic,polymer,PE,PE,PVC
c_06,131,c_06-131,MAYP1114611__130__00731.txt,continuous_spectra,pe,2025-06-12,4755338.0,3318133.35,True,False,True,PE,plastic,polymer,PE,PE,PE
c_06,136,c_06-136,MAYP1114611__135__00736.txt,continuous_spectra,pe,2025-06-12,4533547.559999999,3318133.35,True,False,True,PE,plastic,polymer,PE,PE,PE
c_06,137,c_06-137,MAYP1114611__136__00737.txt,continuous_spectra,pe,2025-06-12,6708057.440000001,3318133.35,True,False,True,PE,plastic,polymer,PE,PE,PE
c_06,138,c_06-138,MAYP1114611__137__00738.txt,continuous_spectra,pe,2025-06-12,5179725.440000001,3318133.35,True,False,True,PE,plastic,polymer,PE,PE,PE
c_06,139,c_06-139,MAYP1114611__138__00739.txt,continuous_spectra,pe,2025-06-12,5728124.559999999,3318133.35,True,False,True,PE,plastic,polymer,PE,PE,PE
c_06,140,c_06-140,MAYP1114611__139__00740.txt,continuous_spectra,pe,2025-06-12,6364183.440000001,3318133.35,True,False,True,PE,plastic,polymer,PE,PE,PE
c_06,141,c_06-141,MAYP1114611__140__00741.txt,continuous_spectra,pe,2025-06-12,6135972.0,3318133.35,True,False,True,PE,plastic,polymer,PE,PE,PE
c_06,142,c_06-142,MAYP1114611__141__00742.txt,continuous_spectra,pe,2025-06-12,4525466.440000001,3318133.35,True,False,True,PE,plastic,polymer,PE,PE,PE
c_06,147,c_06-147,MAYP1114611__146__00747.txt,continuous_spectra,pe,2025-06-12,3592177.0,3318133.35,True,False,True,PE,plastic,polymer,PE,PE,PP
c_06,148,c_06-148,MAYP1114611__147__00748.txt,continuous_spectra,pe,2025-06-12,5613706.440000001,3318133.35,True,False,True,PE,plastic,polymer,PE,PE,PE
c_06,149,c_06-149,MAYP1114611__148__00749.txt,continuous_spectra,pe,2025-06-12,6712962.0,3318133.35,True,False,True,PE,plastic,polymer,PE,PE,PE
c_06,150,c_06-150,MAYP1114611__149__00750.txt,continuous_spectra,pe,2025-06-12,6993761.0,3318133.35,True,False,True,PE,plastic,polymer,PE,PE,PE
c_06,151,c_06-151,MAYP1114611__150__00751.txt,continuous_spectra,pe,2025-06-12,5617703.559999999,3318133.35,True,False,True,PE,plastic,polymer,PE,PE,PE
c_06,152,c_06-152,MAYP1114611__151__00752.txt,continuous_spectra,pe,2025-06-12,6774409.440000001,3318133.35,True,False,True,PE,plastic,polymer,PE,PE,PE
c_06,153,c_06-153,MAYP1114611__152__00753.txt,continuous_spectra,pe,2025-06-12,4800280.440000001,3318133.35,True,False,True,PE,plastic,polymer,PE,PE,PE
c_06,158,c_06-158,MAYP1114611__157__00758.txt,continuous_spectra,pe,2025-06-12,4716487.440000001,3318133.35,True,False,True,PE,plastic,polymer,PE,PE,PE
c_06,159,c_06-159,MAYP1114611__158__00759.txt,continuous_spectra,pe,2025-06-12,6055368.440000001,3318133.35,True,False,True,PE,plastic,polymer,PE,PE,PE
c_06,160,c_06-160,MAYP1114611__159__00760.txt,continuous_spectra,pe,2025-06-12,5509237.559999999,3318133.35,True,False,True,PE,plastic,polymer,PE,PE,PE
c_06,161,c_06-161,MAYP1114611__160__00761.txt,continuous_spectra,pe,2025-06-12,5008145.559999999,3318133.35,True,False,True,PE,plastic,polymer,PE,PE,PE
c_06,162,c_06-162,MAYP1114611__161__00762.txt,continuous_spectra,pe,2025-06-12,7007165.440000001,3318133.35,True,False,True,PE,plastic,polymer,PE,PE,PE
c_06,163,c_06-163,MAYP1114611__162__00763.txt,continuous_spectra,pe,2025-06-12,5029466.440000001,3318133.35,True,False,True,PE,plastic,polymer,PE,PE,PE
c_06,164,c_06-164,MAYP1114611__163__00764.txt,continuous_spectra,pe,2025-06-12,4332084.440000001,3318133.35,True,False,True,PE,plastic,polymer,PE,PE,PE
c_06,168,c_06-168,MAYP1114611__167__00768.txt,continuous_spectra,pe,2025-06-12,4086727.559999998,3318133.35,True,False,True,PE,plastic,polymer,PE,PE,PE
c_06,169,c_06-169,MAYP1114611__168__00769.txt,continuous_spectra,pe,2025-06-12,5772301.0,3318133.35,True,False,True,PE,plastic,polymer,PE,PE,PE
c_06,170,c_06-170,MAYP1114611__169__00770.txt,continuous_spectra,pe,2025-06-12,6856612.0,3318133.35,True,False,True,PE,plastic,polymer,PE,PE,PE
c_06,171,c_06-171,MAYP1114611__170__00771.txt,continuous_spectra,pe,2025-06-12,6319909.440000001,3318133.35,True,False,True,PE,plastic,polymer,PE,PE,PE
c_06,172,c_06-172,MAYP1114611__171__00772.txt,continuous_spectra,pe,2025-06-12,5759442.440000001,3318133.35,True,False,True,PE,plastic,polymer,PE,PE,PE
c_06,173,c_06-173,MAYP1114611__172__00773.txt,continuous_spectra,pe,2025-06-12,6771153.0,3318133.35,True,False,True,PE,plastic,polymer,PE,PE,PE
c_06,174,c_06-174,MAYP1114611__173__00774.txt,continuous_spectra,pe,2025-06-12,7200708.559999999,3318133.35,True,False,True,PE,plastic,polymer,PE,PE,PE
c_06,175,c_06-175,MAYP1114611__174__00775.txt,continuous_spectra,pe,2025-06-12,4516411.440000001,3318133.35,True,False,True,PE,plastic,polymer,PE,PE,PP
c_06,177,c_06-177,MAYP1114611__176__00777.txt,continuous_spectra,pe,2025-06-12,3412163.0,3318133.35,True,False,True,PE,plastic,polymer,PE,PE,PE
c_06,178,c_06-178,MAYP1114611__177__00778.txt,continuous_spectra,pe,2025-06-12,7052587.0,3318133.35,True,False,True,PE,plastic,polymer,PE,PE,PE
c_06,179,c_06-179,MAYP1114611__178__00779.txt,continuous_spectra,pe,2025-06-12,8127824.559999999,3318133.35,True,False,True,PE,plastic,polymer,PE,PE,PE
c_06,180,c_06-180,MAYP1114611__179__00780.txt,continuous_spectra,pe,2025-06-12,7895184.440000001,3318133.35,True,False,True,PE,plastic,polymer,PE,PE,PE
c_06,181,c_06-181,MAYP1114611__180__00781.txt,continuous_spectra,pe,2025-06-12,8938398.0,3318133.35,True,False,True,PE,plastic,polymer,PE,PE,PE
c_06,182,c_06-182,MAYP1114611__181__00782.txt,continuous_spectra,pe,2025-06-12,5655757.0,3318133.35,True,False,True,PE,plastic,polymer,PE,PE,PE
c_06,183,c_06-183,MAYP1114611__182__00783.txt,continuous_spectra,pe,2025-06-12,5475054.559999999,3318133.35,True,False,True,PE,plastic,polymer,PE,PE,PE
c_06,184,c_06-184,MAYP1114611__183__00784.txt,continuous_spectra,pe,2025-06-12,5411833.440000001,3318133.35,True,False,True,PE,plastic,polymer,PE,PE,PE
c_06,185,c_06-185,MAYP1114611__184__00785.txt,continuous_spectra,pe,2025-06-12,4902917.440000001,3318133.35,True,False,True,PE,plastic,polymer,PE,PE,PE
c_06,186,c_06-186,MAYP1114611__185__00786.txt,continuous_spectra,pe,2025-06-12,5528383.440000001,3318133.35,True,False,True,PE,plastic,polymer,PE,PE,PE
c_06,217,c_06-217,MAYP1114611__216__00817.txt,continuous_spectra,pe,2025-06-12,3720728.559999998,3318133.35,True,False,True,PE,plastic,polymer,PE,PE,PE
c_06,218,c_06-218,MAYP1114611__217__00818.txt,continuous_spectra,pe,2025-06-12,5070040.559999999,3318133.35,True,False,True,PE,plastic,polymer,PE,PE,PE
c_06,219,c_06-219,MAYP1114611__218__00819.txt,continuous_spectra,pe,2025-06-12,4084557.440000002,3318133.35,True,False,True,PE,plastic,polymer,PE,PE,PE
c_06,220,c_06-220,MAYP1114611__219__00820.txt,continuous_spectra,pe,2025-06-12,6947206.440000001,3318133.35,True,False,True,PE,plastic,polymer,PE,PE,PE
c_06,221,c_06-221,MAYP1114611__220__00821.txt,continuous_spectra,pe,2025-06-12,4772534.440000001,3318133.35,True,False,True,PE,plastic,polymer,PE,PE,PE
c_06,222,c_06-222,MAYP1114611__221__00822.txt,continuous_spectra,pe,2025-06-12,5875802.559999999,3318133.35,True,False,True,PE,plastic,polymer,PE,PE,PE
c_06,223,c_06-223,MAYP1114611__222__00823.txt,continuous_spectra,pe,2025-06-12,6017895.559999999,3318133.35,True,False,True,PE,plastic,polymer,PE,PE,PE
c_06,224,c_06-224,MAYP1114611__223__00824.txt,continuous_spectra,pe,2025-06-12,5814239.0,3318133.35,True,False,True,PE,plastic,polymer,PE,PE,PE
c_06,229,c_06-229,MAYP1114611__228__00829.txt,continuous_spectra,pe,2025-06-12,3965875.440000001,3318133.35,True,False,True,PE,plastic,polymer,PE,PE,PP
c_06,230,c_06-230,MAYP1114611__229__00830.txt,continuous_spectra,pe,2025-06-12,6604089.559999999,3318133.35,True,False,True,PE,plastic,polymer,PE,PE,PE
c_06,231,c_06-231,MAYP1114611__230__00831.txt,continuous_spectra,pe,2025-06-12,5719665.559999999,3318133.35,True,False,True,PE,plastic,polymer,PE,PE,PE
c_06,232,c_06-232,MAYP1114611__231__00832.txt,continuous_spectra,pe,2025-06-12,7480465.559999999,3318133.35,True,False,True,PE,plastic,polymer,PE,PE,PE
c_06,233,c_06-233,MAYP1114611__232__00833.txt,continuous_spectra,pe,2025-06-12,7676381.440000001,3318133.35,True,False,True,PE,plastic,polymer,PE,PE,PE
c_06,234,c_06-234,MAYP1114611__233__00834.txt,continuous_spectra,pe,2025-06-12,5057672.559999999,3318133.35,True,False,True,PE,plastic,polymer,PE,PE,PE
c_06,235,c_06-235,MAYP1114611__234__00835.txt,continuous_spectra,pe,2025-06-12,4090488.440000002,3318133.35,True,False,True,PE,plastic,polymer,PE,PE,PE
c_06,239,c_06-239,MAYP1114611__238__00839.txt,continuous_spectra,pe,2025-06-12,3954780.0,3318133.35,True,False,True,PE,plastic,polymer,PE,PE,PE
c_06,240,c_06-240,MAYP1114611__239__00840.txt,continuous_spectra,pe,2025-06-12,5263203.440000001,3318133.35,True,False,True,PE,plastic,polymer,PE,PE,PE
c_06,241,c_06-241,MAYP1114611__240__00841.txt,continuous_spectra,pe,2025-06-12,6288542.559999999,3318133.35,True,False,True,PE,plastic,polymer,PE,PE,PE
c_06,242,c_06-242,MAYP1114611__241__00842.txt,continuous_spectra,pe,2025-06-12,6686524.0,3318133.35,True,False,True,PE,plastic,polymer,PE,PE,PE
c_06,243,c_06-243,MAYP1114611__242__00843.txt,continuous_spectra,pe,2025-06-12,6728327.440000001,3318133.35,True,False,True,PE,plastic,polymer,PE,PE,PE
c_06,244,c_06-244,MAYP1114611__243__00844.txt,continuous_spectra,pe,2025-06-12,6435708.559999999,3318133.35,True,False,True,PE,plastic,polymer,PE,PE,PE
c_06,245,c_06-245,MAYP1114611__244__00845.txt,continuous_spectra,pe,2025-06-12,6409454.0,3318133.35,True,False,True,PE,plastic,polymer,PE,PE,PE
c_06,246,c_06-246,MAYP1114611__245__00846.txt,continuous_spectra,pe,2025-06-12,5636242.0,3318133.35,True,False,True,PE,plastic,polymer,PE,PE,PE
c_06,250,c_06-250,MAYP1114611__249__00850.txt,continuous_spectra,pe,2025-06-12,4834832.440000001,3318133.35,True,False,True,PE,plastic,polymer,PE,PE,PE
c_06,251,c_06-251,MAYP1114611__250__00851.txt,continuous_spectra,pe,2025-06-12,5267609.559999999,3318133.35,True,False,True,PE,plastic,polymer,PE,PE,PE
c_06,252,c_06-252,MAYP1114611__251__00852.txt,continuous_spectra,pe,2025-06-12,6024855.440000001,3318133.35,True,False,True,PE,plastic,polymer,PE,PE,PE
c_06,253,c_06-253,MAYP1114611__252__00853.txt,continuous_spectra,pe,2025-06-12,6646725.559999999,3318133.35,True,False,True,PE,plastic,polymer,PE,PE,PE
c_06,254,c_06-254,MAYP1114611__253__00854.txt,continuous_spectra,pe,2025-06-12,7714091.0,3318133.35,True,False,True,PE,plastic,polymer,PE,PE,PE
c_06,255,c_06-255,MAYP1114611__254__00855.txt,continuous_spectra,pe,2025-06-12,6246374.0,3318133.35,True,False,True,PE,plastic,polymer,PE,PE,PE
c_06,256,c_06-256,MAYP1114611__255__00856.txt,continuous_spectra,pe,2025-06-12,6196220.0,3318133.35,True,False,True,PE,plastic,polymer,PE,PE,PE
c_06,257,c_06-257,MAYP1114611__256__00857.txt,continuous_spectra,pe,2025-06-12,4091214.559999998,3318133.35,True,False,True,PE,plastic,polymer,PE,PE,PE
c_06,260,c_06-260,MAYP1114611__259__00860.txt,continuous_spectra,pe,2025-06-12,3802080.0,3318133.35,True,False,True,PE,plastic,polymer,PE,PE,Microscope slide
c_06,261,c_06-261,MAYP1114611__260__00861.txt,continuous_spectra,pe,2025-06-12,6174902.559999999,3318133.35,True,False,True,PE,plastic,polymer,PE,PE,PE
c_06,262,c_06-262,MAYP1114611__261__00862.txt,continuous_spectra,pe,2025-06-12,6993909.440000001,3318133.35,True,False,True,PE,plastic,polymer,PE,PE,PE
c_06,263,c_06-263,MAYP1114611__262__00863.txt,continuous_spectra,pe,2025-06-12,7207343.559999999,3318133.35,True,False,True,PE,plastic,polymer,PE,PE,PE
c_06,264,c_06-264,MAYP1114611__263__00864.txt,continuous_spectra,pe,2025-06-12,5657789.0,3318133.35,True,False,True,PE,plastic,polymer,PE,PE,PE
c_06,265,c_06-265,MAYP1114611__264__00865.txt,continuous_spectra,pe,2025-06-12,5134159.559999999,3318133.35,True,False,True,PE,plastic,polymer,PE,PE,PE
c_06,266,c_06-266,MAYP1114611__265__00866.txt,continuous_spectra,pe,2025-06-12,7396751.0,3318133.35,True,False,True,PE,plastic,polymer,PE,PE,PE
c_06,267,c_06-267,MAYP1114611__266__00867.txt,continuous_spectra,pe,2025-06-12,6226947.0,3318133.35,True,False,True,PE,plastic,polymer,PE,PE,PE
c_06,268,c_06-268,MAYP1114611__267__00868.txt,continuous_spectra,pe,2025-06-12,4517176.0,3318133.35,True,False,True,PE,plastic,polymer,PE,PE,PE
c_06,272,c_06-272,MAYP1114611__271__00872.txt,continuous_spectra,pe,2025-06-12,3609080.0,3318133.35,True,False,True,PE,plastic,polymer,PE,PE,PP
c_06,273,c_06-273,MAYP1114611__272__00873.txt,continuous_spectra,pe,2025-06-12,8015352.559999999,3318133.35,True,False,True,PE,plastic,polymer,PE,PE,PE
c_06,274,c_06-274,MAYP1114611__273__00874.txt,continuous_spectra,pe,2025-06-12,6683285.559999999,3318133.35,True,False,True,PE,plastic,polymer,PE,PE,PE
c_06,275,c_06-275,MAYP1114611__274__00875.txt,continuous_spectra,pe,2025-06-12,7407469.440000001,3318133.35,True,False,True,PE,plastic,polymer,PE,PE,PE
c_06,276,c_06-276,MAYP1114611__275__00876.txt,continuous_spectra,pe,2025-06-12,6642730.0,3318133.35,True,False,True,PE,plastic,polymer,PE,PE,PE
c_06,277,c_06-277,MAYP1114611__276__00877.txt,continuous_spectra,pe,2025-06-12,6517778.559999999,3318133.35,True,False,True,PE,plastic,polymer,PE,PE,PE
c_06,278,c_06-278,MAYP1114611__277__00878.txt,continuous_spectra,pe,2025-06-12,5143892.0,3318133.35,True,False,True,PE,plastic,polymer,PE,PE,PE
c_06,279,c_06-279,MAYP1114611__278__00879.txt,continuous_spectra,pe,2025-06-12,3485663.0,3318133.35,True,False,True,PE,plastic,polymer,PE,PE,PE-HD (blue)
c_06,280,c_06-280,MAYP1114611__279__00880.txt,continuous_spectra,pe,2025-06-12,3463865.440000001,3318133.35,True,False,True,PE,plastic,polymer,PE,PE,PE-HD (blue)
c_07,29,c_07-029,MAYP1114611__28__00029.txt,continuous_spectra,pe,2025-06-17,3693207.0,2557855.188,True,False,True,PE,plastic,polymer,PE,PE,PE
c_07,30,c_07-030,MAYP1114611__29__00030.txt,continuous_spectra,pe,2025-06-17,4549891.0,2557855.188,True,False,True,PE,plastic,polymer,PE,PE,PE
c_07,31,c_07-031,MAYP1114611__30__00031.txt,continuous_spectra,pe,2025-06-17,5398044.0,2557855.188,True,False,True,PE,plastic,polymer,PE,PE,PE
c_07,32,c_07-032,MAYP1114611__31__00032.txt,continuous_spectra,pe,2025-06-17,5653145.440000001,2557855.188,True,False,True,PE,plastic,polymer,PE,PE,PE
c_07,33,c_07-033,MAYP1114611__32__00033.txt,continuous_spectra,pe,2025-06-17,5995824.0,2557855.188,True,False,True,PE,plastic,polymer,PE,PE,PE
c_07,34,c_07-034,MAYP1114611__33__00034.txt,continuous_spectra,pe,2025-06-17,4768614.0,2557855.188,True,False,True,PE,plastic,polymer,PE,PE,PE
c_07,35,c_07-035,MAYP1114611__34__00035.txt,continuous_spectra,pe,2025-06-17,4516721.0,2557855.188,True,False,True,PE,plastic,polymer,PE,PE,PE
c_07,36,c_07-036,MAYP1114611__35__00036.txt,continuous_spectra,pe,2025-06-17,3920035.440000002,2557855.188,True,False,True,PE,plastic,polymer,PE,PE,PE
c_07,37,c_07-037,MAYP1114611__36__00037.txt,continuous_spectra,pe,2025-06-17,3305446.440000001,2557855.188,True,False,True,PE,plastic,polymer,PE,PE,PE
c_07,41,c_07-041,MAYP1114611__40__00041.txt,continuous_spectra,pe,2025-06-17,3449737.5599999987,2557855.188,True,False,True,PE,plastic,polymer,PE,PE,PE
c_07,42,c_07-042,MAYP1114611__41__00042.txt,continuous_spectra,pe,2025-06-17,3838171.440000002,2557855.188,True,False,True,PE,plastic,polymer,PE,PE,PE
c_07,43,c_07-043,MAYP1114611__42__00043.txt,continuous_spectra,pe,2025-06-17,5141555.0,2557855.188,True,False,True,PE,plastic,polymer,PE,PE,PE
c_07,44,c_07-044,MAYP1114611__43__00044.txt,continuous_spectra,pe,2025-06-17,5501283.559999999,2557855.188,True,False,True,PE,plastic,polymer,PE,PE,PE
c_07,45,c_07-045,MAYP1114611__44__00045.txt,continuous_spectra,pe,2025-06-17,5384851.440000001,2557855.188,True,False,True,PE,plastic,polymer,PE,PE,PE
c_07,46,c_07-046,MAYP1114611__45__00046.txt,continuous_spectra,pe,2025-06-17,6149030.559999999,2557855.188,True,False,True,PE,plastic,polymer,PE,PE,PE
c_07,47,c_07-047,MAYP1114611__46__00047.txt,continuous_spectra,pe,2025-06-17,6010781.440000001,2557855.188,True,False,True,PE,plastic,polymer,PE,PE,PE
c_07,52,c_07-052,MAYP1114611__51__00052.txt,continuous_spectra,pe,2025-06-17,4443417.559999999,2557855.188,True,False,True,PE,plastic,polymer,PE,PE,PE
c_07,53,c_07-053,MAYP1114611__52__00053.txt,continuous_spectra,pe,2025-06-17,3775064.440000002,2557855.188,True,False,True,PE,plastic,polymer,PE,PE,PE
c_07,54,c_07-054,MAYP1114611__53__00054.txt,continuous_spectra,pe,2025-06-17,3771536.440000002,2557855.188,True,False,True,PE,plastic,polymer,PE,PE,PE
c_07,55,c_07-055,MAYP1114611__54__00055.txt,continuous_spectra,pe,2025-06-17,7798740.0,2557855.188,True,False,True,PE,plastic,polymer,PE,PE,PE
c_07,56,c_07-056,MAYP1114611__55__00056.txt,continuous_spectra,pe,2025-06-17,7949713.0,2557855.188,True,False,True,PE,plastic,polymer,PE,PE,PE
c_07,57,c_07-057,MAYP1114611__56__00057.txt,continuous_spectra,pe,2025-06-17,6759896.559999999,2557855.188,True,False,True,PE,plastic,polymer,PE,PE,PE
c_07,58,c_07-058,MAYP1114611__57__00058.txt,continuous_spectra,pe,2025-06-17,5475668.0,2557855.188,True,False,True,PE,plastic,polymer,PE,PE,PE
c_07,59,c_07-059,MAYP1114611__58__00059.txt,continuous_spectra,pe,2025-06-17,2824935.4400000004,2557855.188,True,False,True,PE,plastic,polymer,PE,PE,PE
c_07,63,c_07-063,MAYP1114611__62__00063.txt,continuous_spectra,pe,2025-06-17,4081956.440000002,2557855.188,True,False,True,PE,plastic,polymer,PE,PE,PE
c_07,64,c_07-064,MAYP1114611__63__00064.txt,continuous_spectra,pe,2025-06-17,5688327.440000001,2557855.188,True,False,True,PE,plastic,polymer,PE,PE,PE
c_07,65,c_07-065,MAYP1114611__64__00065.txt,continuous_spectra,pe,2025-06-17,4498921.0,2557855.188,True,False,True,PE,plastic,polymer,PE,PE,PE
c_07,66,c_07-066,MAYP1114611__65__00066.txt,continuous_spectra,pe,2025-06-17,4785993.440000001,2557855.188,True,False,True,PE,plastic,polymer,PE,PE,PE
c_07,67,c_07-067,MAYP1114611__66__00067.txt,continuous_spectra,pe,2025-06-17,6898441.0,2557855.188,True,False,True,PE,plastic,polymer,PE,PE,PE
c_07,68,c_07-068,MAYP1114611__67__00068.txt,continuous_spectra,pe,2025-06-17,6081147.440000001,2557855.188,True,False,True,PE,plastic,polymer,PE,PE,PE
c_07,69,c_07-069,MAYP1114611__68__00069.txt,continuous_spectra,pe,2025-06-17,3359892.559999999,2557855.188,True,False,True,PE,plastic,polymer,PE,PE,PE
c_07,73,c_07-073,MAYP1114611__72__00073.txt,continuous_spectra,pe,2025-06-17,6048710.0,2557855.188,True,False,True,PE,plastic,polymer,PE,PE,PE
c_07,74,c_07-074,MAYP1114611__73__00074.txt,continuous_spectra,pe,2025-06-17,7647859.0,2557855.188,True,False,True,PE,plastic,polymer,PE,PE,PE
c_07,75,c_07-075,MAYP1114611__74__00075.txt,continuous_spectra,pe,2025-06-17,3644989.559999998,2557855.188,True,False,True,PE,plastic,polymer,PE,PE,PE
c_07,76,c_07-076,MAYP1114611__75__00076.txt,continuous_spectra,pe,2025-06-17,4915832.559999999,2557855.188,True,False,True,PE,plastic,polymer,PE,PE,PE
c_07,77,c_07-077,MAYP1114611__76__00077.txt,continuous_spectra,pe,2025-06-17,5946457.0,2557855.188,True,False,True,PE,plastic,polymer,PE,PE,PE
c_07,78,c_07-078,MAYP1114611__77__00078.txt,continuous_spectra,pe,2025-06-17,4985608.0,2557855.188,True,False,True,PE,plastic,polymer,PE,PE,PE
c_07,79,c_07-079,MAYP1114611__78__00079.txt,continuous_spectra,pe,2025-06-17,6046559.440000001,2557855.188,True,False,True,PE,plastic,polymer,PE,PE,PE
c_07,80,c_07-080,MAYP1114611__79__00080.txt,continuous_spectra,pe,2025-06-17,3989360.0,2557855.188,True,False,True,PE,plastic,polymer,PE,PE,PE
c_07,84,c_07-084,MAYP1114611__83__00084.txt,continuous_spectra,pe,2025-06-17,3819846.0,2557855.188,True,False,True,PE,plastic,polymer,PE,PE,PE
c_07,85,c_07-085,MAYP1114611__84__00085.txt,continuous_spectra,pe,2025-06-17,4644261.0,2557855.188,True,False,True,PE,plastic,polymer,PE,PE,PE
c_07,86,c_07-086,MAYP1114611__85__00086.txt,continuous_spectra,pe,2025-06-17,7949434.0,2557855.188,True,False,True,PE,plastic,polymer,PE,PE,PE
c_07,87,c_07-087,MAYP1114611__86__00087.txt,continuous_spectra,pe,2025-06-17,6041237.0,2557855.188,True,False,True,PE,plastic,polymer,PE,PE,PE
c_07,88,c_07-088,MAYP1114611__87__00088.txt,continuous_spectra,pe,2025-06-17,5898891.440000001,2557855.188,True,False,True,PE,plastic,polymer,PE,PE,PE
c_07,89,c_07-089,MAYP1114611__88__00089.txt,continuous_spectra,pe,2025-06-17,4272166.559999999,2557855.188,True,False,True,PE,plastic,polymer,PE,PE,PE
c_07,90,c_07-090,MAYP1114611__89__00090.txt,continuous_spectra,pe,2025-06-17,8713025.440000001,2557855.188,True,False,True,PE,plastic,polymer,PE,PE,PE
c_07,121,c_07-121,MAYP1114611__120__00121.txt,continuous_spectra,pe,2025-06-17,3055405.5599999996,2557855.188,True,False,True,PE,plastic,polymer,PE,PE,PE
c_07,122,c_07-122,MAYP1114611__121__00122.txt,continuous_spectra,pe,2025-06-17,5523333.0,2557855.188,True,False,True,PE,plastic,polymer,PE,PE,PE
c_07,123,c_07-123,MAYP1114611__122__00123.txt,continuous_spectra,pe,2025-06-17,3827906.559999998,2557855.188,True,False,True,PE,plastic,polymer,PE,PE,PE
c_07,124,c_07-124,MAYP1114611__123__00124.txt,continuous_spectra,pe,2025-06-17,5324063.559999999,2557855.188,True,False,True,PE,plastic,polymer,PE,PE,PE
c_07,125,c_07-125,MAYP1114611__124__00125.txt,continuous_spectra,pe,2025-06-17,6598568.0,2557855.188,True,False,True,PE,plastic,polymer,PE,PE,PE
c_07,126,c_07-126,MAYP1114611__125__00126.txt,continuous_spectra,pe,2025-06-17,5358405.0,2557855.188,True,False,True,PE,plastic,polymer,PE,PE,PE
c_07,127,c_07-127,MAYP1114611__126__00127.txt,continuous_spectra,pe,2025-06-17,8365535.0,2557855.188,True,False,True,PE,plastic,polymer,PE,PE,PE
c_07,128,c_07-128,MAYP1114611__127__00128.txt,continuous_spectra,pe,2025-06-17,5521709.440000001,2557855.188,True,False,True,PE,plastic,polymer,PE,PE,PE
c_07,129,c_07-129,MAYP1114611__128__00129.txt,continuous_spectra,pe,2025-06-17,3335388.0,2557855.188,True,False,True,PE,plastic,polymer,PE,PE,PE
c_07,133,c_07-133,MAYP1114611__132__00133.txt,continuous_spectra,pe,2025-06-17,2743714.0,2557855.188,True,False,True,PE,plastic,polymer,PE,PE,PE
c_07,134,c_07-134,MAYP1114611__133__00134.txt,continuous_spectra,pe,2025-06-17,5841469.559999999,2557855.188,True,False,True,PE,plastic,polymer,PE,PE,PE
c_07,135,c_07-135,MAYP1114611__134__00135.txt,continuous_spectra,pe,2025-06-17,4851698.440000001,2557855.188,True,False,True,PE,plastic,polymer,PE,PE,PE
c_07,136,c_07-136,MAYP1114611__135__00136.txt,continuous_spectra,pe,2025-06-17,3728767.0,2557855.188,True,False,True,PE,plastic,polymer,PE,PE,PE
c_07,137,c_07-137,MAYP1114611__136__00137.txt,continuous_spectra,pe,2025-06-17,7098644.440000001,2557855.188,True,False,True,PE,plastic,polymer,PE,PE,PE
c_07,138,c_07-138,MAYP1114611__137__00138.txt,continuous_spectra,pe,2025-06-17,3876799.0,2557855.188,True,False,True,PE,plastic,polymer,PE,PE,PE
c_07,139,c_07-139,MAYP1114611__138__00139.txt,continuous_spectra,pe,2025-06-17,5179559.440000001,2557855.188,True,False,True,PE,plastic,polymer,PE,PE,PE
c_07,140,c_07-140,MAYP1114611__139__00140.txt,continuous_spectra,pe,2025-06-17,3360521.440000001,2557855.188,True,False,True,PE,plastic,polymer,PE,PE,PE
c_07,144,c_07-144,MAYP1114611__143__00144.txt,continuous_spectra,pe,2025-06-17,3673683.440000002,2557855.188,True,False,True,PE,plastic,polymer,PE,PE,PE
c_07,145,c_07-145,MAYP1114611__144__00145.txt,continuous_spectra,pe,2025-06-17,5709477.559999999,2557855.188,True,False,True,PE,plastic,polymer,PE,PE,PE
c_07,146,c_07-146,MAYP1114611__145__00146.txt,continuous_spectra,pe,2025-06-17,4911728.440000001,2557855.188,True,False,True,PE,plastic,polymer,PE,PE,PE
c_07,147,c_07-147,MAYP1114611__146__00147.txt,continuous_spectra,pe,2025-06-17,5742175.0,2557855.188,True,False,True,PE,plastic,polymer,PE,PE,PE
c_07,148,c_07-148,MAYP1114611__147__00148.txt,continuous_spectra,pe,2025-06-17,5935582.559999999,2557855.188,True,False,True,PE,plastic,polymer,PE,PE,PE
c_07,149,c_07-149,MAYP1114611__148__00149.txt,continuous_spectra,pe,2025-06-17,4868401.440000001,2557855.188,True,False,True,PE,plastic,polymer,PE,PE,PE
c_07,150,c_07-150,MAYP1114611__149__00150.txt,continuous_spectra,pe,2025-06-17,3221966.4400000004,2557855.188,True,False,True,PE,plastic,polymer,PE,PE,PE
c_07,155,c_07-155,MAYP1114611__154__00155.txt,continuous_spectra,pe,2025-06-17,5045922.440000001,2557855.188,True,False,True,PE,plastic,polymer,PE,PE,PE
c_07,156,c_07-156,MAYP1114611__155__00156.txt,continuous_spectra,pe,2025-06-17,4549997.0,2557855.188,True,False,True,PE,plastic,polymer,PE,PE,PE
c_07,157,c_07-157,MAYP1114611__156__00157.txt,continuous_spectra,pe,2025-06-17,5275993.440000001,2557855.188,True,False,True,PE,plastic,polymer,PE,PE,PE
c_07,158,c_07-158,MAYP1114611__157__00158.txt,continuous_spectra,pe,2025-06-17,6331906.440000001,2557855.188,True,False,True,PE,plastic,polymer,PE,PE,PE
c_07,159,c_07-159,MAYP1114611__158__00159.txt,continuous_spectra,pe,2025-06-17,4272098.440000001,2557855.188,True,False,True,PE,plastic,polymer,PE,PE,PE
c_07,160,c_07-160,MAYP1114611__159__00160.txt,continuous_spectra,pe,2025-06-17,5437864.0,2557855.188,True,False,True,PE,plastic,polymer,PE,PE,PE
c_07,161,c_07-161,MAYP1114611__160__00161.txt,continuous_spectra,pe,2025-06-17,4393049.0,2557855.188,True,False,True,PE,plastic,polymer,PE,PE,PE
c_07,162,c_07-162,MAYP1114611__161__00162.txt,continuous_spectra,pe,2025-06-17,3863200.0,2557855.188,True,False,True,PE,plastic,polymer,PE,PE,PE
c_07,163,c_07-163,MAYP1114611__162__00163.txt,continuous_spectra,pe,2025-06-17,2605608.44,2557855.188,True,False,True,PE,plastic,polymer,PE,PE,PE
c_07,165,c_07-165,MAYP1114611__164__00165.txt,continuous_spectra,pe,2025-06-17,3480810.5599999987,2557855.188,True,False,True,PE,plastic,polymer,PE,PE,PE
c_07,166,c_07-166,MAYP1114611__165__00166.txt,continuous_spectra,pe,2025-06-17,5019609.440000001,2557855.188,True,False,True,PE,plastic,polymer,PE,PE,PE
c_07,167,c_07-167,MAYP1114611__166__00167.txt,continuous_spectra,pe,2025-06-17,5685703.559999999,2557855.188,True,False,True,PE,plastic,polymer,PE,PE,PE
c_07,168,c_07-168,MAYP1114611__167__00168.txt,continuous_spectra,pe,2025-06-17,6613170.440000001,2557855.188,True,False,True,PE,plastic,polymer,PE,PE,PE
c_07,169,c_07-169,MAYP1114611__168__00169.txt,continuous_spectra,pe,2025-06-17,6822775.440000001,2557855.188,True,False,True,PE,plastic,polymer,PE,PE,PE
c_07,170,c_07-170,MAYP1114611__169__00170.txt,continuous_spectra,pe,2025-06-17,4599251.440000001,2557855.188,True,False,True,PE,plastic,polymer,PE,PE,PE
c_07,171,c_07-171,MAYP1114611__170__00171.txt,continuous_spectra,pe,2025-06-17,4735702.559999999,2557855.188,True,False,True,PE,plastic,polymer,PE,PE,PE
c_07,172,c_07-172,MAYP1114611__171__00172.txt,continuous_spectra,pe,2025-06-17,6513645.0,2557855.188,True,False,True,PE,plastic,polymer,PE,PE,PE
c_07,173,c_07-173,MAYP1114611__172__00173.txt,continuous_spectra,pe,2025-06-17,4842790.440000001,2557855.188,True,False,True,PE,plastic,polymer,PE,PE,PE
c_07,175,c_07-175,MAYP1114611__174__00175.txt,continuous_spectra,pe,2025-06-17,3957698.440000002,2557855.188,True,False,True,PE,plastic,polymer,PE,PE,PE
c_07,176,c_07-176,MAYP1114611__175__00176.txt,continuous_spectra,pe,2025-06-17,6788759.0,2557855.188,True,False,True,PE,plastic,polymer,PE,PE,PE
c_07,177,c_07-177,MAYP1114611__176__00177.txt,continuous_spectra,pe,2025-06-17,4259758.440000001,2557855.188,True,False,True,PE,plastic,polymer,PE,PE,PE
c_07,178,c_07-178,MAYP1114611__177__00178.txt,continuous_spectra,pe,2025-06-17,5967861.0,2557855.188,True,False,True,PE,plastic,polymer,PE,PE,PE
c_07,179,c_07-179,MAYP1114611__178__00179.txt,continuous_spectra,pe,2025-06-17,5654856.0,2557855.188,True,False,True,PE,plastic,polymer,PE,PE,PE
c_07,180,c_07-180,MAYP1114611__179__00180.txt,continuous_spectra,pe,2025-06-17,3700254.440000002,2557855.188,True,False,True,PE,plastic,polymer,PE,PE,PE
c_07,181,c_07-181,MAYP1114611__180__00181.txt,continuous_spectra,pe,2025-06-17,5219030.559999999,2557855.188,True,False,True,PE,plastic,polymer,PE,PE,PE
c_07,182,c_07-182,MAYP1114611__181__00182.txt,continuous_spectra,pe,2025-06-17,5083184.0,2557855.188,True,False,True,PE,plastic,polymer,PE,PE,PE
c_07,183,c_07-183,MAYP1114611__182__00183.txt,continuous_spectra,pe,2025-06-17,2981194.5599999996,2557855.188,True,False,True,PE,plastic,polymer,PE,PE,PE
c_07,215,c_07-215,MAYP1114611__214__00215.txt,continuous_spectra,pe,2025-06-17,3492407.5599999987,2557855.188,True,False,True,PE,plastic,polymer,PE,PE,PE
c_07,216,c_07-216,MAYP1114611__215__00216.txt,continuous_spectra,pe,2025-06-17,4351352.440000001,2557855.188,True,False,True,PE,plastic,polymer,PE,PE,PE
c_07,217,c_07-217,MAYP1114611__216__00217.txt,continuous_spectra,pe,2025-06-17,3415835.0,2557855.188,True,False,True,PE,plastic,polymer,PE,PE,PE
c_07,218,c_07-218,MAYP1114611__217__00218.txt,continuous_spectra,pe,2025-06-17,3873733.559999998,2557855.188,True,False,True,PE,plastic,polymer,PE,PE,PE
c_07,219,c_07-219,MAYP1114611__218__00219.txt,continuous_spectra,pe,2025-06-17,4369972.559999999,2557855.188,True,False,True,PE,plastic,polymer,PE,PE,PE
c_07,220,c_07-220,MAYP1114611__219__00220.txt,continuous_spectra,pe,2025-06-17,5574458.440000001,2557855.188,True,False,True,PE,plastic,polymer,PE,PE,PE
c_07,221,c_07-221,MAYP1114611__220__00221.txt,continuous_spectra,pe,2025-06-17,5733173.0,2557855.188,True,False,True,PE,plastic,polymer,PE,PE,PE
c_07,222,c_07-222,MAYP1114611__221__00222.txt,continuous_spectra,pe,2025-06-17,3731237.559999999,2557855.188,True,False,True,PE,plastic,polymer,PE,PE,PE
c_07,226,c_07-226,MAYP1114611__225__00226.txt,continuous_spectra,pe,2025-06-17,2893833.0,2557855.188,True,False,True,PE,plastic,polymer,PE,PE,PE
c_07,227,c_07-227,MAYP1114611__226__00227.txt,continuous_spectra,pe,2025-06-17,5371831.559999999,2557855.188,True,False,True,PE,plastic,polymer,PE,PE,PE
c_07,228,c_07-228,MAYP1114611__227__00228.txt,continuous_spectra,pe,2025-06-17,8084219.559999999,2557855.188,True,False,True,PE,plastic,polymer,PE,PE,PE
c_07,229,c_07-229,MAYP1114611__228__00229.txt,continuous_spectra,pe,2025-06-17,4565280.0,2557855.188,True,False,True,PE,plastic,polymer,PE,PE,PE
c_07,230,c_07-230,MAYP1114611__229__00230.txt,continuous_spectra,pe,2025-06-17,5507854.440000001,2557855.188,True,False,True,PE,plastic,polymer,PE,PE,PE
c_07,231,c_07-231,MAYP1114611__230__00231.txt,continuous_spectra,pe,2025-06-17,5004236.440000001,2557855.188,True,False,True,PE,plastic,polymer,PE,PE,PE
c_07,232,c_07-232,MAYP1114611__231__00232.txt,continuous_spectra,pe,2025-06-17,4415109.0,2557855.188,True,False,True,PE,plastic,polymer,PE,PE,PE
c_07,237,c_07-237,MAYP1114611__236__00237.txt,continuous_spectra,pe,2025-06-17,3654376.440000002,2557855.188,True,False,True,PE,plastic,polymer,PE,PE,PE
c_07,238,c_07-238,MAYP1114611__237__00238.txt,continuous_spectra,pe,2025-06-17,4750529.0,2557855.188,True,False,True,PE,plastic,polymer,PE,PE,PE
c_07,239,c_07-239,MAYP1114611__238__00239.txt,continuous_spectra,pe,2025-06-17,4072409.440000002,2557855.188,True,False,True,PE,plastic,polymer,PE,PE,PE
c_07,240,c_07-240,MAYP1114611__239__00240.txt,continuous_spectra,pe,2025-06-17,4881318.440000001,2557855.188,True,False,True,PE,plastic,polymer,PE,PE,PE
c_07,241,c_07-241,MAYP1114611__240__00241.txt,continuous_spectra,pe,2025-06-17,4506571.440000001,2557855.188,True,False,True,PE,plastic,polymer,PE,PE,PE
c_07,242,c_07-242,MAYP1114611__241__00242.txt,continuous_spectra,pe,2025-06-17,4956556.0,2557855.188,True,False,True,PE,plastic,polymer,PE,PE,PE
c_07,243,c_07-243,MAYP1114611__242__00243.txt,continuous_spectra,pe,2025-06-17,4512820.0,2557855.188,True,False,True,PE,plastic,polymer,PE,PE,PE
c_07,244,c_07-244,MAYP1114611__243__00244.txt,continuous_spectra,pe,2025-06-17,3417869.0,2557855.188,True,False,True,PE,plastic,polymer,PE,PE,PE
c_07,248,c_07-248,MAYP1114611__247__00248.txt,continuous_spectra,pe,2025-06-17,5161481.440000001,2557855.188,True,False,True,PE,plastic,polymer,PE,PE,PE
c_07,249,c_07-249,MAYP1114611__248__00249.txt,continuous_spectra,pe,2025-06-17,3889157.0,2557855.188,True,False,True,PE,plastic,polymer,PE,PE,PE
c_07,250,c_07-250,MAYP1114611__249__00250.txt,continuous_spectra,pe,2025-06-17,6068043.440000001,2557855.188,True,False,True,PE,plastic,polymer,PE,PE,PE
c_07,251,c_07-251,MAYP1114611__250__00251.txt,continuous_spectra,pe,2025-06-17,6300150.0,2557855.188,True,False,True,PE,plastic,polymer,PE,PE,PE
c_07,252,c_07-252,MAYP1114611__251__00252.txt,continuous_spectra,pe,2025-06-17,5717122.559999999,2557855.188,True,False,True,PE,plastic,polymer,PE,PE,PE
c_07,253,c_07-253,MAYP1114611__252__00253.txt,continuous_spectra,pe,2025-06-17,6002748.559999999,2557855.188,True,False,True,PE,plastic,polymer,PE,PE,PE
c_07,254,c_07-254,MAYP1114611__253__00254.txt,continuous_spectra,pe,2025-06-17,4622214.440000001,2557855.188,True,False,True,PE,plastic,polymer,PE,PE,PE
c_07,258,c_07-258,MAYP1114611__257__00258.txt,continuous_spectra,pe,2025-06-17,4071890.440000002,2557855.188,True,False,True,PE,plastic,polymer,PE,PE,PP
c_07,259,c_07-259,MAYP1114611__258__00259.txt,continuous_spectra,pe,2025-06-17,6573633.559999999,2557855.188,True,False,True,PE,plastic,polymer,PE,PE,PE
c_07,260,c_07-260,MAYP1114611__259__00260.txt,continuous_spectra,pe,2025-06-17,6418872.440000001,2557855.188,True,False,True,PE,plastic,polymer,PE,PE,PE
c_07,261,c_07-261,MAYP1114611__260__00261.txt,continuous_spectra,pe,2025-06-17,4928406.559999999,2557855.188,True,False,True,PE,plastic,polymer,PE,PE,PE
c_07,262,c_07-262,MAYP1114611__261__00262.txt,continuous_spectra,pe,2025-06-17,5024128.0,2557855.188,True,False,True,PE,plastic,polymer,PE,PE,PE
c_07,263,c_07-263,MAYP1114611__262__00263.txt,continuous_spectra,pe,2025-06-17,5955049.440000001,2557855.188,True,False,True,PE,plastic,polymer,PE,PE,PE
c_07,264,c_07-264,MAYP1114611__263__00264.txt,continuous_spectra,pe,2025-06-17,6288676.0,2557855.188,True,False,True,PE,plastic,polymer,PE,PE,PE
c_07,265,c_07-265,MAYP1114611__264__00265.txt,continuous_spectra,pe,2025-06-17,10590484.44,2557855.188,True,False,True,PE,plastic,polymer,PE,PE,PE
c_07,266,c_07-266,MAYP1114611__265__00266.txt,continuous_spectra,pe,2025-06-17,3024645.4400000004,2557855.188,True,False,True,PE,plastic,polymer,PE,PE,PP
c_07,270,c_07-270,MAYP1114611__269__00270.txt,continuous_spectra,pe,2025-06-17,3674150.0,2557855.188,True,False,True,PE,plastic,polymer,PE,PE,PE
c_07,271,c_07-271,MAYP1114611__270__00271.txt,continuous_spectra,pe,2025-06-17,5891088.559999999,2557855.188,True,False,True,PE,plastic,polymer,PE,PE,PE
c_07,272,c_07-272,MAYP1114611__271__00272.txt,continuous_spectra,pe,2025-06-17,6059399.0,2557855.188,True,False,True,PE,plastic,polymer,PE,PE,PE
c_07,273,c_07-273,MAYP1114611__272__00273.txt,continuous_spectra,pe,2025-06-17,5242597.559999999,2557855.188,True,False,True,PE,plastic,polymer,PE,PE,PE
c_07,274,c_07-274,MAYP1114611__273__00274.txt,continuous_spectra,pe,2025-06-17,5079836.0,2557855.188,True,False,True,PE,plastic,polymer,PE,PE,PE
c_07,275,c_07-275,MAYP1114611__274__00275.txt,continuous_spectra,pe,2025-06-17,8641111.559999999,2557855.188,True,False,True,PE,plastic,polymer,PE,PE,PE
c_07,276,c_07-276,MAYP1114611__275__00276.txt,continuous_spectra,pe,2025-06-17,5317448.440000001,2557855.188,True,False,True,PE,plastic,polymer,PE,PE,PE
c_08,28,c_08-028,MAYP1114611__27__00328.txt,continuous_spectra,pp,2025-06-17,3293342.559999999,3079488.825,True,False,True,PP,plastic,polymer,PP,PP,PP
c_08,29,c_08-029,MAYP1114611__28__00329.txt,continuous_spectra,pp,2025-06-17,6136967.0,3079488.825,True,False,True,PP,plastic,polymer,PP,PP,PP
c_08,30,c_08-030,MAYP1114611__29__00330.txt,continuous_spectra,pp,2025-06-17,8239606.559999999,3079488.825,True,False,True,PP,plastic,polymer,PP,PP,PP
c_08,31,c_08-031,MAYP1114611__30__00331.txt,continuous_spectra,pp,2025-06-17,7456361.559999999,3079488.825,True,False,True,PP,plastic,polymer,PP,PP,PP
c_08,32,c_08-032,MAYP1114611__31__00332.txt,continuous_spectra,pp,2025-06-17,8018609.0,3079488.825,True,False,True,PP,plastic,polymer,PP,PP,PP
c_08,33,c_08-033,MAYP1114611__32__00333.txt,continuous_spectra,pp,2025-06-17,8772367.559999999,3079488.825,True,False,True,PP,plastic,polymer,PP,PP,PP
c_08,34,c_08-034,MAYP1114611__33__00334.txt,continuous_spectra,pp,2025-06-17,12300248.0,3079488.825,True,False,True,PP,plastic,polymer,PP,PP,PP
c_08,35,c_08-035,MAYP1114611__34__00335.txt,continuous_spectra,pp,2025-06-17,7657859.559999999,3079488.825,True,False,True,PP,plastic,polymer,PP,PP,PP
c_08,36,c_08-036,MAYP1114611__35__00336.txt,continuous_spectra,pp,2025-06-17,3449301.0,3079488.825,True,False,True,PP,plastic,polymer,PP,PP,PP
c_08,41,c_08-041,MAYP1114611__40__00341.txt,continuous_spectra,pp,2025-06-17,4204448.559999999,3079488.825,True,False,True,PP,plastic,polymer,PP,PP,PP
c_08,42,c_08-042,MAYP1114611__41__00342.txt,continuous_spectra,pp,2025-06-17,7325280.559999999,3079488.825,True,False,True,PP,plastic,polymer,PP,PP,PP
c_08,43,c_08-043,MAYP1114611__42__00343.txt,continuous_spectra,pp,2025-06-17,10056163.0,3079488.825,True,False,True,PP,plastic,polymer,PP,PP,PP
c_08,44,c_08-044,MAYP1114611__43__00344.txt,continuous_spectra,pp,2025-06-17,11360934.0,3079488.825,True,False,True,PP,plastic,polymer,PP,PP,PP
c_08,45,c_08-045,MAYP1114611__44__00345.txt,continuous_spectra,pp,2025-06-17,4485261.559999999,3079488.825,True,False,True,PP,plastic,polymer,PP,PP,PP
c_08,46,c_08-046,MAYP1114611__45__00346.txt,continuous_spectra,pp,2025-06-17,3153489.440000001,3079488.825,True,False,True,PP,plastic,polymer,PP,PP,PP
c_08,51,c_08-051,MAYP1114611__50__00351.txt,continuous_spectra,pp,2025-06-17,4329198.0,3079488.825,True,False,True,PP,plastic,polymer,PP,PP,PP
c_08,52,c_08-052,MAYP1114611__51__00352.txt,continuous_spectra,pp,2025-06-17,7781779.0,3079488.825,True,False,True,PP,plastic,polymer,PP,PP,PP
c_08,53,c_08-053,MAYP1114611__52__00353.txt,continuous_spectra,pp,2025-06-17,8621932.0,3079488.825,True,False,True,PP,plastic,polymer,PP,PP,PP
c_08,54,c_08-054,MAYP1114611__53__00354.txt,continuous_spectra,pp,2025-06-17,13013592.44,3079488.825,True,False,True,PP,plastic,polymer,PP,PP,PP
c_08,55,c_08-055,MAYP1114611__54__00355.txt,continuous_spectra,pp,2025-06-17,8554239.440000001,3079488.825,True,False,True,PP,plastic,polymer,PP,PP,PP
c_08,56,c_08-056,MAYP1114611__55__00356.txt,continuous_spectra,pp,2025-06-17,10514237.56,3079488.825,True,False,True,PP,plastic,polymer,PP,PP,PP
c_08,57,c_08-057,MAYP1114611__56__00357.txt,continuous_spectra,pp,2025-06-17,10898577.44,3079488.825,True,False,True,PP,plastic,polymer,PP,PP,PP
c_08,58,c_08-058,MAYP1114611__57__00358.txt,continuous_spectra,pp,2025-06-17,11469739.44,3079488.825,True,False,True,PP,plastic,polymer,PP,PP,PP
c_08,62,c_08-062,MAYP1114611__61__00362.txt,continuous_spectra,pp,2025-06-17,3151704.559999999,3079488.825,True,False,True,PP,plastic,polymer,PP,PP,PP
c_08,63,c_08-063,MAYP1114611__62__00363.txt,continuous_spectra,pp,2025-06-17,6546362.440000001,3079488.825,True,False,True,PP,plastic,polymer,PP,PP,PP
c_08,64,c_08-064,MAYP1114611__63__00364.txt,continuous_spectra,pp,2025-06-17,8419702.0,3079488.825,True,False,True,PP,plastic,polymer,PP,PP,PP
c_08,65,c_08-065,MAYP1114611__64__00365.txt,continuous_spectra,pp,2025-06-17,7541609.440000001,3079488.825,True,False,True,PP,plastic,polymer,PP,PP,PP
c_08,66,c_08-066,MAYP1114611__65__00366.txt,continuous_spectra,pp,2025-06-17,10009593.56,3079488.825,True,False,True,PP,plastic,polymer,PP,PP,PP
c_08,67,c_08-067,MAYP1114611__66__00367.txt,continuous_spectra,pp,2025-06-17,9594947.56,3079488.825,True,False,True,PP,plastic,polymer,PP,PP,PP
c_08,68,c_08-068,MAYP1114611__67__00368.txt,continuous_spectra,pp,2025-06-17,3992798.440000001,3079488.825,True,False,True,PP,plastic,polymer,PP,PP,PP
c_08,72,c_08-072,MAYP1114611__71__00372.txt,continuous_spectra,pp,2025-06-17,3750706.440000001,3079488.825,True,False,True,PP,plastic,polymer,PP,PP,PP
c_08,73,c_08-073,MAYP1114611__72__00373.txt,continuous_spectra,pp,2025-06-17,7305237.440000001,3079488.825,True,False,True,PP,plastic,polymer,PP,PP,PP
c_08,74,c_08-074,MAYP1114611__73__00374.txt,continuous_spectra,pp,2025-06-17,12601248.0,3079488.825,True,False,True,PP,plastic,polymer,PP,PP,PP
c_08,75,c_08-075,MAYP1114611__74__00375.txt,continuous_spectra,pp,2025-06-17,11906829.44,3079488.825,True,False,True,PP,plastic,polymer,PP,PP,PP
c_08,76,c_08-076,MAYP1114611__75__00376.txt,continuous_spectra,pp,2025-06-17,13291858.56,3079488.825,True,False,True,PP,plastic,polymer,PP,PP,PP
c_08,77,c_08-077,MAYP1114611__76__00377.txt,continuous_spectra,pp,2025-06-17,11574451.0,3079488.825,True,False,True,PP,plastic,polymer,PP,PP,PP
c_08,78,c_08-078,MAYP1114611__77__00378.txt,continuous_spectra,pp,2025-06-17,6440361.559999999,3079488.825,True,False,True,PP,plastic,polymer,PP,PP,PP
c_08,79,c_08-079,MAYP1114611__78__00379.txt,continuous_spectra,pp,2025-06-17,3294102.440000001,3079488.825,True,False,True,PP,plastic,polymer,PP,PP,PP
c_08,83,c_08-083,MAYP1114611__82__00383.txt,continuous_spectra,pp,2025-06-17,3619848.559999999,3079488.825,True,False,True,PP,plastic,polymer,PP,PP,PP
c_08,84,c_08-084,MAYP1114611__83__00384.txt,continuous_spectra,pp,2025-06-17,11936956.56,3079488.825,True,False,True,PP,plastic,polymer,PP,PP,PP
c_08,85,c_08-085,MAYP1114611__84__00385.txt,continuous_spectra,pp,2025-06-17,14588822.0,3079488.825,True,False,True,PP,plastic,polymer,PP,PP,PP
c_08,86,c_08-086,MAYP1114611__85__00386.txt,continuous_spectra,pp,2025-06-17,9077945.56,3079488.825,True,False,True,PP,plastic,polymer,PP,PP,PP
c_08,87,c_08-087,MAYP1114611__86__00387.txt,continuous_spectra,pp,2025-06-17,8621059.0,3079488.825,True,False,True,PP,plastic,polymer,PP,PP,PP
c_08,88,c_08-088,MAYP1114611__87__00388.txt,continuous_spectra,pp,2025-06-17,8716397.0,3079488.825,True,False,True,PP,plastic,polymer,PP,PP,PP
c_08,89,c_08-089,MAYP1114611__88__00389.txt,continuous_spectra,pp,2025-06-17,8173618.559999999,3079488.825,True,False,True,PP,plastic,polymer,PP,PP,PP
c_08,90,c_08-090,MAYP1114611__89__00390.txt,continuous_spectra,pp,2025-06-17,3767002.559999999,3079488.825,True,False,True,PP,plastic,polymer,PP,PP,PP
c_08,121,c_08-121,MAYP1114611__120__00421.txt,continuous_spectra,pp,2025-06-17,6983276.0,3079488.825,True,False,True,PP,plastic,polymer,PP,PP,PP
c_08,122,c_08-122,MAYP1114611__121__00422.txt,continuous_spectra,pp,2025-06-17,13354196.44,3079488.825,True,False,True,PP,plastic,polymer,PP,PP,PP
c_08,123,c_08-123,MAYP1114611__122__00423.txt,continuous_spectra,pp,2025-06-17,10881165.56,3079488.825,True,False,True,PP,plastic,polymer,PP,PP,PP
c_08,124,c_08-124,MAYP1114611__123__00424.txt,continuous_spectra,pp,2025-06-17,10739353.56,3079488.825,True,False,True,PP,plastic,polymer,PP,PP,PP
c_08,125,c_08-125,MAYP1114611__124__00425.txt,continuous_spectra,pp,2025-06-17,8039883.440000001,3079488.825,True,False,True,PP,plastic,polymer,PP,PP,PP
c_08,126,c_08-126,MAYP1114611__125__00426.txt,continuous_spectra,pp,2025-06-17,7218526.440000001,3079488.825,True,False,True,PP,plastic,polymer,PP,PP,PP
c_08,127,c_08-127,MAYP1114611__126__00427.txt,continuous_spectra,pp,2025-06-17,8053511.559999999,3079488.825,True,False,True,PP,plastic,polymer,PP,PP,PP
c_08,128,c_08-128,MAYP1114611__127__00428.txt,continuous_spectra,pp,2025-06-17,5952249.559999999,3079488.825,True,False,True,PP,plastic,polymer,PP,PP,PP
c_08,133,c_08-133,MAYP1114611__132__00433.txt,continuous_spectra,pp,2025-06-17,6233773.559999999,3079488.825,True,False,True,PP,plastic,polymer,PP,PP,PP
c_08,134,c_08-134,MAYP1114611__133__00434.txt,continuous_spectra,pp,2025-06-17,9246192.0,3079488.825,True,False,True,PP,plastic,polymer,PP,PP,PP
c_08,135,c_08-135,MAYP1114611__134__00435.txt,continuous_spectra,pp,2025-06-17,8787518.440000001,3079488.825,True,False,True,PP,plastic,polymer,PP,PP,PP
c_08,136,c_08-136,MAYP1114611__135__00436.txt,continuous_spectra,pp,2025-06-17,6696220.0,3079488.825,True,False,True,PP,plastic,polymer,PP,PP,PP
c_08,137,c_08-137,MAYP1114611__136__00437.txt,continuous_spectra,pp,2025-06-17,9415242.0,3079488.825,True,False,True,PP,plastic,polymer,PP,PP,PP
c_08,138,c_08-138,MAYP1114611__137__00438.txt,continuous_spectra,pp,2025-06-17,10493500.44,3079488.825,True,False,True,PP,plastic,polymer,PP,PP,PP
c_08,139,c_08-139,MAYP1114611__138__00439.txt,continuous_spectra,pp,2025-06-17,5887645.440000001,3079488.825,True,False,True,PP,plastic,polymer,PP,PP,PP
c_08,143,c_08-143,MAYP1114611__142__00443.txt,continuous_spectra,pp,2025-06-17,4021127.0,3079488.825,True,False,True,PP,plastic,polymer,PP,PP,PP
c_08,144,c_08-144,MAYP1114611__143__00444.txt,continuous_spectra,pp,2025-06-17,5500094.559999999,3079488.825,True,False,True,PP,plastic,polymer,PP,PP,PP
c_08,145,c_08-145,MAYP1114611__144__00445.txt,continuous_spectra,pp,2025-06-17,9710127.44,3079488.825,True,False,True,PP,plastic,polymer,PP,PP,PP
c_08,146,c_08-146,MAYP1114611__145__00446.txt,continuous_spectra,pp,2025-06-17,9849947.56,3079488.825,True,False,True,PP,plastic,polymer,PP,PP,PP
c_08,147,c_08-147,MAYP1114611__146__00447.txt,continuous_spectra,pp,2025-06-17,7687752.440000001,3079488.825,True,False,True,PP,plastic,polymer,PP,PP,PP
c_08,148,c_08-148,MAYP1114611__147__00448.txt,continuous_spectra,pp,2025-06-17,10291943.0,3079488.825,True,False,True,PP,plastic,polymer,PP,PP,PP
c_08,149,c_08-149,MAYP1114611__148__00449.txt,continuous_spectra,pp,2025-06-17,12926492.0,3079488.825,True,False,True,PP,plastic,polymer,PP,PP,PP
c_08,150,c_08-150,MAYP1114611__149__00450.txt,continuous_spectra,pp,2025-06-17,5740252.0,3079488.825,True,False,True,PP,plastic,polymer,PP,PP,PP
c_08,155,c_08-155,MAYP1114611__154__00455.txt,continuous_spectra,pp,2025-06-17,10124837.44,3079488.825,True,False,True,PP,plastic,polymer,PP,PP,PP
c_08,156,c_08-156,MAYP1114611__155__00456.txt,continuous_spectra,pp,2025-06-17,11168421.0,3079488.825,True,False,True,PP,plastic,polymer,PP,PP,PP
c_08,157,c_08-157,MAYP1114611__156__00457.txt,continuous_spectra,pp,2025-06-17,9297322.44,3079488.825,True,False,True,PP,plastic,polymer,PP,PP,PP
c_08,158,c_08-158,MAYP1114611__157__00458.txt,continuous_spectra,pp,2025-06-17,10647620.44,3079488.825,True,False,True,PP,plastic,polymer,PP,PP,PP
c_08,159,c_08-159,MAYP1114611__158__00459.txt,continuous_spectra,pp,2025-06-17,12688679.0,3079488.825,True,False,True,PP,plastic,polymer,PP,PP,PP
c_08,160,c_08-160,MAYP1114611__159__00460.txt,continuous_spectra,pp,2025-06-17,8465301.440000001,3079488.825,True,False,True,PP,plastic,polymer,PP,PP,PP
c_08,161,c_08-161,MAYP1114611__160__00461.txt,continuous_spectra,pp,2025-06-17,5968394.0,3079488.825,True,False,True,PP,plastic,polymer,PP,PP,PP
c_08,162,c_08-162,MAYP1114611__161__00462.txt,continuous_spectra,pp,2025-06-17,3438057.440000001,3079488.825,True,False,True,PP,plastic,polymer,PP,PP,PP
c_08,165,c_08-165,MAYP1114611__164__00465.txt,continuous_spectra,pp,2025-06-17,3403084.440000001,3079488.825,True,False,True,PP,plastic,polymer,PP,PP,PP
c_08,166,c_08-166,MAYP1114611__165__00466.txt,continuous_spectra,pp,2025-06-17,11635846.56,3079488.825,True,False,True,PP,plastic,polymer,PP,PP,PP
c_08,167,c_08-167,MAYP1114611__166__00467.txt,continuous_spectra,pp,2025-06-17,10690429.44,3079488.825,True,False,True,PP,plastic,polymer,PP,PP,PP
c_08,168,c_08-168,MAYP1114611__167__00468.txt,continuous_spectra,pp,2025-06-17,9895528.56,3079488.825,True,False,True,PP,plastic,polymer,PP,PP,PP
c_08,169,c_08-169,MAYP1114611__168__00469.txt,continuous_spectra,pp,2025-06-17,11307885.56,3079488.825,True,False,True,PP,plastic,polymer,PP,PP,PP
c_08,170,c_08-170,MAYP1114611__169__00470.txt,continuous_spectra,pp,2025-06-17,6908446.559999999,3079488.825,True,False,True,PP,plastic,polymer,PP,PP,PP
c_08,171,c_08-171,MAYP1114611__170__00471.txt,continuous_spectra,pp,2025-06-17,8307571.559999999,3079488.825,True,False,True,PP,plastic,polymer,PP,PP,PP
c_08,172,c_08-172,MAYP1114611__171__00472.txt,continuous_spectra,pp,2025-06-17,4714391.0,3079488.825,True,False,True,PP,plastic,polymer,PP,PP,PP
c_08,176,c_08-176,MAYP1114611__175__00476.txt,continuous_spectra,pp,2025-06-17,3285672.559999999,3079488.825,True,False,True,PP,plastic,polymer,PP,PP,PP
c_08,177,c_08-177,MAYP1114611__176__00477.txt,continuous_spectra,pp,2025-06-17,5834629.0,3079488.825,True,False,True,PP,plastic,polymer,PP,PP,PP
c_08,178,c_08-178,MAYP1114611__177__00478.txt,continuous_spectra,pp,2025-06-17,8963553.559999999,3079488.825,True,False,True,PP,plastic,polymer,PP,PP,PP
c_08,179,c_08-179,MAYP1114611__178__00479.txt,continuous_spectra,pp,2025-06-17,11063264.0,3079488.825,True,False,True,PP,plastic,polymer,PP,PP,PP
c_08,180,c_08-180,MAYP1114611__179__00480.txt,continuous_spectra,pp,2025-06-17,9573939.56,3079488.825,True,False,True,PP,plastic,polymer,PP,PP,PP
c_08,181,c_08-181,MAYP1114611__180__00481.txt,continuous_spectra,pp,2025-06-17,10056066.56,3079488.825,True,False,True,PP,plastic,polymer,PP,PP,PP
c_08,182,c_08-182,MAYP1114611__181__00482.txt,continuous_spectra,pp,2025-06-17,8729685.440000001,3079488.825,True,False,True,PP,plastic,polymer,PP,PP,PP
c_08,183,c_08-183,MAYP1114611__182__00483.txt,continuous_spectra,pp,2025-06-17,5569977.559999999,3079488.825,True,False,True,PP,plastic,polymer,PP,PP,PP
c_08,214,c_08-214,MAYP1114611__213__00514.txt,continuous_spectra,pp,2025-06-17,3334041.0,3079488.825,True,False,True,PP,plastic,polymer,PP,PP,PP
c_08,215,c_08-215,MAYP1114611__214__00515.txt,continuous_spectra,pp,2025-06-17,4764972.440000001,3079488.825,True,False,True,PP,plastic,polymer,PP,PP,PP
c_08,216,c_08-216,MAYP1114611__215__00516.txt,continuous_spectra,pp,2025-06-17,6374531.0,3079488.825,True,False,True,PP,plastic,polymer,PP,PP,PP
c_08,217,c_08-217,MAYP1114611__216__00517.txt,continuous_spectra,pp,2025-06-17,5665906.440000001,3079488.825,True,False,True,PP,plastic,polymer,PP,PP,PP
c_08,218,c_08-218,MAYP1114611__217__00518.txt,continuous_spectra,pp,2025-06-17,6735462.559999999,3079488.825,True,False,True,PP,plastic,polymer,PP,PP,PP
c_08,219,c_08-219,MAYP1114611__218__00519.txt,continuous_spectra,pp,2025-06-17,8654042.440000001,3079488.825,True,False,True,PP,plastic,polymer,PP,PP,PP
c_08,220,c_08-220,MAYP1114611__219__00520.txt,continuous_spectra,pp,2025-06-17,7293671.440000001,3079488.825,True,False,True,PP,plastic,polymer,PP,PP,PP
c_08,221,c_08-221,MAYP1114611__220__00521.txt,continuous_spectra,pp,2025-06-17,4805739.559999999,3079488.825,True,False,True,PP,plastic,polymer,PP,PP,PP
c_08,225,c_08-225,MAYP1114611__224__00525.txt,continuous_spectra,pp,2025-06-17,3612185.0,3079488.825,True,False,True,PP,plastic,polymer,PP,PP,PP
c_08,226,c_08-226,MAYP1114611__225__00526.txt,continuous_spectra,pp,2025-06-17,6598724.559999999,3079488.825,True,False,True,PP,plastic,polymer,PP,PP,PP
c_08,227,c_08-227,MAYP1114611__226__00527.txt,continuous_spectra,pp,2025-06-17,8215258.559999999,3079488.825,True,False,True,PP,plastic,polymer,PP,PP,PP
c_08,228,c_08-228,MAYP1114611__227__00528.txt,continuous_spectra,pp,2025-06-17,5057089.0,3079488.825,True,False,True,PP,plastic,polymer,PP,PP,PP
c_08,229,c_08-229,MAYP1114611__228__00529.txt,continuous_spectra,pp,2025-06-17,6905822.0,3079488.825,True,False,True,PP,plastic,polymer,PP,PP,PP
c_08,230,c_08-230,MAYP1114611__229__00530.txt,continuous_spectra,pp,2025-06-17,6248809.440000001,3079488.825,True,False,True,PP,plastic,polymer,PP,PP,PP
c_08,231,c_08-231,MAYP1114611__230__00531.txt,continuous_spectra,pp,2025-06-17,6351505.0,3079488.825,True,False,True,PP,plastic,polymer,PP,PP,PP
c_08,232,c_08-232,MAYP1114611__231__00532.txt,continuous_spectra,pp,2025-06-17,3994277.440000001,3079488.825,True,False,True,PP,plastic,polymer,PP,PP,PP
c_08,236,c_08-236,MAYP1114611__235__00536.txt,continuous_spectra,pp,2025-06-17,3529353.440000001,3079488.825,True,False,True,PP,plastic,polymer,PP,PP,PP
c_08,237,c_08-237,MAYP1114611__236__00537.txt,continuous_spectra,pp,2025-06-17,4252467.559999999,3079488.825,True,False,True,PP,plastic,polymer,PP,PP,PP
c_08,238,c_08-238,MAYP1114611__237__00538.txt,continuous_spectra,pp,2025-06-17,4236465.559999999,3079488.825,True,False,True,PP,plastic,polymer,PP,PP,PP
c_08,239,c_08-239,MAYP1114611__238__00539.txt,continuous_spectra,pp,2025-06-17,5972333.0,3079488.825,True,False,True,PP,plastic,polymer,PP,PP,PP
c_08,240,c_08-240,MAYP1114611__239__00540.txt,continuous_spectra,pp,2025-06-17,8481794.0,3079488.825,True,False,True,PP,plastic,polymer,PP,PP,PP
c_08,241,c_08-241,MAYP1114611__240__00541.txt,continuous_spectra,pp,2025-06-17,10200583.56,3079488.825,True,False,True,PP,plastic,polymer,PP,PP,PP
c_08,242,c_08-242,MAYP1114611__241__00542.txt,continuous_spectra,pp,2025-06-17,4800571.440000001,3079488.825,True,False,True,PP,plastic,polymer,PP,PP,PP
c_08,243,c_08-243,MAYP1114611__242__00543.txt,continuous_spectra,pp,2025-06-17,4259746.440000001,3079488.825,True,False,True,PP,plastic,polymer,PP,PP,PP
c_08,247,c_08-247,MAYP1114611__246__00547.txt,continuous_spectra,pp,2025-06-17,5248151.0,3079488.825,True,False,True,PP,plastic,polymer,PP,PP,PP
c_08,248,c_08-248,MAYP1114611__247__00548.txt,continuous_spectra,pp,2025-06-17,7924518.559999999,3079488.825,True,False,True,PP,plastic,polymer,PP,PP,PP
c_08,249,c_08-249,MAYP1114611__248__00549.txt,continuous_spectra,pp,2025-06-17,4097421.440000001,3079488.825,True,False,True,PP,plastic,polymer,PP,PP,PP
c_08,250,c_08-250,MAYP1114611__249__00550.txt,continuous_spectra,pp,2025-06-17,8298630.440000001,3079488.825,True,False,True,PP,plastic,polymer,PP,PP,PP
c_08,251,c_08-251,MAYP1114611__250__00551.txt,continuous_spectra,pp,2025-06-17,5984032.559999999,3079488.825,True,False,True,PP,plastic,polymer,PP,PP,PP
c_08,252,c_08-252,MAYP1114611__251__00552.txt,continuous_spectra,pp,2025-06-17,8191864.440000001,3079488.825,True,False,True,PP,plastic,polymer,PP,PP,PP
c_08,253,c_08-253,MAYP1114611__252__00553.txt,continuous_spectra,pp,2025-06-17,8541107.440000001,3079488.825,True,False,True,PP,plastic,polymer,PP,PP,PP
c_08,258,c_08-258,MAYP1114611__257__00558.txt,continuous_spectra,pp,2025-06-17,3492672.559999999,3079488.825,True,False,True,PP,plastic,polymer,PP,PP,PP
c_08,259,c_08-259,MAYP1114611__258__00559.txt,continuous_spectra,pp,2025-06-17,7446600.440000001,3079488.825,True,False,True,PP,plastic,polymer,PP,PP,PP
c_08,260,c_08-260,MAYP1114611__259__00560.txt,continuous_spectra,pp,2025-06-17,11707808.56,3079488.825,True,False,True,PP,plastic,polymer,PP,PP,PP
c_08,261,c_08-261,MAYP1114611__260__00561.txt,continuous_spectra,pp,2025-06-17,7053550.0,3079488.825,True,False,True,PP,plastic,polymer,PP,PP,PP
c_08,262,c_08-262,MAYP1114611__261__00562.txt,continuous_spectra,pp,2025-06-17,6904304.440000001,3079488.825,True,False,True,PP,plastic,polymer,PP,PP,PP
c_08,263,c_08-263,MAYP1114611__262__00563.txt,continuous_spectra,pp,2025-06-17,8477114.0,3079488.825,True,False,True,PP,plastic,polymer,PP,PP,PP
c_08,264,c_08-264,MAYP1114611__263__00564.txt,continuous_spectra,pp,2025-06-17,5982097.0,3079488.825,True,False,True,PP,plastic,polymer,PP,PP,PP
c_08,265,c_08-265,MAYP1114611__264__00565.txt,continuous_spectra,pp,2025-06-17,3595614.559999999,3079488.825,True,False,True,PP,plastic,polymer,PP,PP,PP
c_08,269,c_08-269,MAYP1114611__268__00569.txt,continuous_spectra,pp,2025-06-17,5283152.559999999,3079488.825,True,False,True,PP,plastic,polymer,PP,PP,PP
c_08,270,c_08-270,MAYP1114611__269__00570.txt,continuous_spectra,pp,2025-06-17,10392838.0,3079488.825,True,False,True,PP,plastic,polymer,PP,PP,PP
c_08,271,c_08-271,MAYP1114611__270__00571.txt,continuous_spectra,pp,2025-06-17,5798921.559999999,3079488.825,True,False,True,PP,plastic,polymer,PP,PP,PP
c_08,272,c_08-272,MAYP1114611__271__00572.txt,continuous_spectra,pp,2025-06-17,4806407.440000001,3079488.825,True,False,True,PP,plastic,polymer,PP,PP,PP
c_08,273,c_08-273,MAYP1114611__272__00573.txt,continuous_spectra,pp,2025-06-17,12033994.56,3079488.825,True,False,True,PP,plastic,polymer,PP,PP,PP
c_08,274,c_08-274,MAYP1114611__273__00574.txt,continuous_spectra,pp,2025-06-17,8575234.559999999,3079488.825,True,False,True,PP,plastic,polymer,PP,PP,PP
c_08,275,c_08-275,MAYP1114611__274__00575.txt,continuous_spectra,pp,2025-06-17,6086785.440000001,3079488.825,True,False,True,PP,plastic,polymer,PP,PP,PP
c_08,277,c_08-277,MAYP1114611__276__00577.txt,continuous_spectra,pp,2025-06-17,3239370.4400000004,3079488.825,True,False,True,PP,plastic,polymer,PP,PP,PE-HD (blue)
c_09,27,c_09-027,MAYP1114611__26__00627.txt,continuous_spectra,pp,2025-06-17,3578573.559999999,3320612.8620000007,True,False,True,PP,plastic,polymer,PP,PP,PP
c_09,28,c_09-028,MAYP1114611__27__00628.txt,continuous_spectra,pp,2025-06-17,10054926.0,3320612.8620000007,True,False,True,PP,plastic,polymer,PP,PP,PP
c_09,29,c_09-029,MAYP1114611__28__00629.txt,continuous_spectra,pp,2025-06-17,11336086.56,3320612.8620000007,True,False,True,PP,plastic,polymer,PP,PP,PP
c_09,30,c_09-030,MAYP1114611__29__00630.txt,continuous_spectra,pp,2025-06-17,12650511.44,3320612.8620000007,True,False,True,PP,plastic,polymer,PP,PP,PP
c_09,31,c_09-031,MAYP1114611__30__00631.txt,continuous_spectra,pp,2025-06-17,10602424.56,3320612.8620000007,True,False,True,PP,plastic,polymer,PP,PP,PP
c_09,32,c_09-032,MAYP1114611__31__00632.txt,continuous_spectra,pp,2025-06-17,10184114.0,3320612.8620000007,True,False,True,PP,plastic,polymer,PP,PP,PP
c_09,33,c_09-033,MAYP1114611__32__00633.txt,continuous_spectra,pp,2025-06-17,9794093.0,3320612.8620000007,True,False,True,PP,plastic,polymer,PP,PP,PP
c_09,34,c_09-034,MAYP1114611__33__00634.txt,continuous_spectra,pp,2025-06-17,9885145.44,3320612.8620000007,True,False,True,PP,plastic,polymer,PP,PP,PP
c_09,35,c_09-035,MAYP1114611__34__00635.txt,continuous_spectra,pp,2025-06-17,6385949.440000001,3320612.8620000007,True,False,True,PP,plastic,polymer,PP,PP,PP
c_09,39,c_09-039,MAYP1114611__38__00639.txt,continuous_spectra,pp,2025-06-17,3336774.440000001,3320612.8620000007,True,False,True,PP,plastic,polymer,PP,PP,PP
c_09,40,c_09-040,MAYP1114611__39__00640.txt,continuous_spectra,pp,2025-06-17,5942048.0,3320612.8620000007,True,False,True,PP,plastic,polymer,PP,PP,PP
c_09,41,c_09-041,MAYP1114611__40__00641.txt,continuous_spectra,pp,2025-06-17,11405455.44,3320612.8620000007,True,False,True,PP,plastic,polymer,PP,PP,PP
c_09,42,c_09-042,MAYP1114611__41__00642.txt,continuous_spectra,pp,2025-06-17,13766994.0,3320612.8620000007,True,False,True,PP,plastic,polymer,PP,PP,PP
c_09,43,c_09-043,MAYP1114611__42__00643.txt,continuous_spectra,pp,2025-06-17,10238885.44,3320612.8620000007,True,False,True,PP,plastic,polymer,PP,PP,PP
c_09,44,c_09-044,MAYP1114611__43__00644.txt,continuous_spectra,pp,2025-06-17,6875728.0,3320612.8620000007,True,False,True,PP,plastic,polymer,PP,PP,PP
c_09,45,c_09-045,MAYP1114611__44__00645.txt,continuous_spectra,pp,2025-06-17,4496564.440000001,3320612.8620000007,True,False,True,PP,plastic,polymer,PP,PP,PP
c_09,46,c_09-046,MAYP1114611__45__00646.txt,continuous_spectra,pp,2025-06-17,3805013.440000001,3320612.8620000007,True,False,True,PP,plastic,polymer,PP,PP,PP
c_09,50,c_09-050,MAYP1114611__49__00650.txt,continuous_spectra,pp,2025-06-17,7267228.440000001,3320612.8620000007,True,False,True,PP,plastic,polymer,PP,PP,PP
c_09,51,c_09-051,MAYP1114611__50__00651.txt,continuous_spectra,pp,2025-06-17,11132078.0,3320612.8620000007,True,False,True,PP,plastic,polymer,PP,PP,PP
c_09,52,c_09-052,MAYP1114611__51__00652.txt,continuous_spectra,pp,2025-06-17,11565073.56,3320612.8620000007,True,False,True,PP,plastic,polymer,PP,PP,PP
c_09,53,c_09-053,MAYP1114611__52__00653.txt,continuous_spectra,pp,2025-06-17,11068466.56,3320612.8620000007,True,False,True,PP,plastic,polymer,PP,PP,PP
c_09,54,c_09-054,MAYP1114611__53__00654.txt,continuous_spectra,pp,2025-06-17,13571393.56,3320612.8620000007,True,False,True,PP,plastic,polymer,PP,PP,PP
c_09,55,c_09-055,MAYP1114611__54__00655.txt,continuous_spectra,pp,2025-06-17,8788187.0,3320612.8620000007,True,False,True,PP,plastic,polymer,PP,PP,PP
c_09,56,c_09-056,MAYP1114611__55__00656.txt,continuous_spectra,pp,2025-06-17,9570141.56,3320612.8620000007,True,False,True,PP,plastic,polymer,PP,PP,PP
c_09,57,c_09-057,MAYP1114611__56__00657.txt,continuous_spectra,pp,2025-06-17,11487442.56,3320612.8620000007,True,False,True,PP,plastic,polymer,PP,PP,PP
c_09,58,c_09-058,MAYP1114611__57__00658.txt,continuous_spectra,pp,2025-06-17,5093051.0,3320612.8620000007,True,False,True,PP,plastic,polymer,PP,PP,PP
c_09,62,c_09-062,MAYP1114611__61__00662.txt,continuous_spectra,pp,2025-06-17,9662933.44,3320612.8620000007,True,False,True,PP,plastic,polymer,PP,PP,PP
c_09,63,c_09-063,MAYP1114611__62__00663.txt,continuous_spectra,pp,2025-06-17,11668060.0,3320612.8620000007,True,False,True,PP,plastic,polymer,PP,PP,PP
c_09,64,c_09-064,MAYP1114611__63__00664.txt,continuous_spectra,pp,2025-06-17,12851016.56,3320612.8620000007,True,False,True,PP,plastic,polymer,PP,PP,PP
c_09,65,c_09-065,MAYP1114611__64__00665.txt,continuous_spectra,pp,2025-06-17,8894803.440000001,3320612.8620000007,True,False,True,PP,plastic,polymer,PP,PP,PP
c_09,66,c_09-066,MAYP1114611__65__00666.txt,continuous_spectra,pp,2025-06-17,10243845.0,3320612.8620000007,True,False,True,PP,plastic,polymer,PP,PP,PP
c_09,67,c_09-067,MAYP1114611__66__00667.txt,continuous_spectra,pp,2025-06-17,7778228.440000001,3320612.8620000007,True,False,True,PP,plastic,polymer,PP,PP,PP
c_09,68,c_09-068,MAYP1114611__67__00668.txt,continuous_spectra,pp,2025-06-17,4504438.440000001,3320612.8620000007,True,False,True,PP,plastic,polymer,PP,PP,PP
c_09,72,c_09-072,MAYP1114611__71__00672.txt,continuous_spectra,pp,2025-06-17,15506744.0,3320612.8620000007,True,False,True,PP,plastic,polymer,PP,PP,PP
c_09,73,c_09-073,MAYP1114611__72__00673.txt,continuous_spectra,pp,2025-06-17,12264080.44,3320612.8620000007,True,False,True,PP,plastic,polymer,PP,PP,PP
c_09,74,c_09-074,MAYP1114611__73__00674.txt,continuous_spectra,pp,2025-06-17,10492998.56,3320612.8620000007,True,False,True,PP,plastic,polymer,PP,PP,PP
c_09,75,c_09-075,MAYP1114611__74__00675.txt,continuous_spectra,pp,2025-06-17,10243604.0,3320612.8620000007,True,False,True,PP,plastic,polymer,PP,PP,PP
c_09,76,c_09-076,MAYP1114611__75__00676.txt,continuous_spectra,pp,2025-06-17,12095095.0,3320612.8620000007,True,False,True,PP,plastic,polymer,PP,PP,PP
c_09,77,c_09-077,MAYP1114611__76__00677.txt,continuous_spectra,pp,2025-06-17,11892816.44,3320612.8620000007,True,False,True,PP,plastic,polymer,PP,PP,PP
c_09,78,c_09-078,MAYP1114611__77__00678.txt,continuous_spectra,pp,2025-06-17,5756900.0,3320612.8620000007,True,False,True,PP,plastic,polymer,PP,PP,PP
c_09,83,c_09-083,MAYP1114611__82__00683.txt,continuous_spectra,pp,2025-06-17,6340623.440000001,3320612.8620000007,True,False,True,PP,plastic,polymer,PP,PP,PP
c_09,84,c_09-084,MAYP1114611__83__00684.txt,continuous_spectra,pp,2025-06-17,11723144.0,3320612.8620000007,True,False,True,PP,plastic,polymer,PP,PP,PP
c_09,85,c_09-085,MAYP1114611__84__00685.txt,continuous_spectra,pp,2025-06-17,10030840.0,3320612.8620000007,True,False,True,PP,plastic,polymer,PP,PP,PP
c_09,86,c_09-086,MAYP1114611__85__00686.txt,continuous_spectra,pp,2025-06-17,8417898.559999999,3320612.8620000007,True,False,True,PP,plastic,polymer,PP,PP,PP
c_09,87,c_09-087,MAYP1114611__86__00687.txt,continuous_spectra,pp,2025-06-17,10597186.44,3320612.8620000007,True,False,True,PP,plastic,polymer,PP,PP,PP
c_09,88,c_09-088,MAYP1114611__87__00688.txt,continuous_spectra,pp,2025-06-17,11285002.44,3320612.8620000007,True,False,True,PP,plastic,polymer,PP,PP,PP
c_09,89,c_09-089,MAYP1114611__88__00689.txt,continuous_spectra,pp,2025-06-17,4132235.0,3320612.8620000007,True,False,True,PP,plastic,polymer,PP,PP,PP
c_09,120,c_09-120,MAYP1114611__119__00720.txt,continuous_spectra,pp,2025-06-17,4982875.440000001,3320612.8620000007,True,False,True,PP,plastic,polymer,PP,PP,PP
c_09,121,c_09-121,MAYP1114611__120__00721.txt,continuous_spectra,pp,2025-06-17,10653997.0,3320612.8620000007,True,False,True,PP,plastic,polymer,PP,PP,PP
c_09,122,c_09-122,MAYP1114611__121__00722.txt,continuous_spectra,pp,2025-06-17,10936757.56,3320612.8620000007,True,False,True,PP,plastic,polymer,PP,PP,PP
c_09,123,c_09-123,MAYP1114611__122__00723.txt,continuous_spectra,pp,2025-06-17,6814571.440000001,3320612.8620000007,True,False,True,PP,plastic,polymer,PP,PP,PP
c_09,124,c_09-124,MAYP1114611__123__00724.txt,continuous_spectra,pp,2025-06-17,10347643.0,3320612.8620000007,True,False,True,PP,plastic,polymer,PP,PP,PP
c_09,125,c_09-125,MAYP1114611__124__00725.txt,continuous_spectra,pp,2025-06-17,10582416.56,3320612.8620000007,True,False,True,PP,plastic,polymer,PP,PP,PP
c_09,126,c_09-126,MAYP1114611__125__00726.txt,continuous_spectra,pp,2025-06-17,11394214.56,3320612.8620000007,True,False,True,PP,plastic,polymer,PP,PP,PP
c_09,127,c_09-127,MAYP1114611__126__00727.txt,continuous_spectra,pp,2025-06-17,5459564.0,3320612.8620000007,True,False,True,PP,plastic,polymer,PP,PP,PP
c_09,132,c_09-132,MAYP1114611__131__00732.txt,continuous_spectra,pp,2025-06-17,3778580.440000001,3320612.8620000007,True,False,True,PP,plastic,polymer,PP,PP,PP
c_09,133,c_09-133,MAYP1114611__132__00733.txt,continuous_spectra,pp,2025-06-17,5027232.0,3320612.8620000007,True,False,True,PP,plastic,polymer,PP,PP,PP
c_09,134,c_09-134,MAYP1114611__133__00734.txt,continuous_spectra,pp,2025-06-17,3751053.440000001,3320612.8620000007,True,False,True,PP,plastic,polymer,PP,PP,PP
c_09,135,c_09-135,MAYP1114611__134__00735.txt,continuous_spectra,pp,2025-06-17,7230291.440000001,3320612.8620000007,True,False,True,PP,plastic,polymer,PP,PP,PP
c_09,136,c_09-136,MAYP1114611__135__00736.txt,continuous_spectra,pp,2025-06-17,11375600.44,3320612.8620000007,True,False,True,PP,plastic,polymer,PP,PP,PP
c_09,137,c_09-137,MAYP1114611__136__00737.txt,continuous_spectra,pp,2025-06-17,12639511.44,3320612.8620000007,True,False,True,PP,plastic,polymer,PP,PP,PP
c_09,138,c_09-138,MAYP1114611__137__00738.txt,continuous_spectra,pp,2025-06-17,11512569.56,3320612.8620000007,True,False,True,PP,plastic,polymer,PP,PP,PP
c_09,139,c_09-139,MAYP1114611__138__00739.txt,continuous_spectra,pp,2025-06-17,5200334.440000001,3320612.8620000007,True,False,True,PP,plastic,polymer,PP,PP,PP
c_09,142,c_09-142,MAYP1114611__141__00742.txt,continuous_spectra,pp,2025-06-17,4127790.559999998,3320612.8620000007,True,False,True,PP,plastic,polymer,PP,PP,PP
c_09,143,c_09-143,MAYP1114611__142__00743.txt,continuous_spectra,pp,2025-06-17,8610739.440000001,3320612.8620000007,True,False,True,PP,plastic,polymer,PP,PP,PP
c_09,144,c_09-144,MAYP1114611__143__00744.txt,continuous_spectra,pp,2025-06-17,8130194.0,3320612.8620000007,True,False,True,PP,plastic,polymer,PP,PP,PP
c_09,145,c_09-145,MAYP1114611__144__00745.txt,continuous_spectra,pp,2025-06-17,10016081.44,3320612.8620000007,True,False,True,PP,plastic,polymer,PP,PP,PP
c_09,146,c_09-146,MAYP1114611__145__00746.txt,continuous_spectra,pp,2025-06-17,7201440.440000001,3320612.8620000007,True,False,True,PP,plastic,polymer,PP,PP,PP
c_09,147,c_09-147,MAYP1114611__146__00747.txt,continuous_spectra,pp,2025-06-17,4810389.559999999,3320612.8620000007,True,False,True,PP,plastic,polymer,PP,PP,PP
c_09,148,c_09-148,MAYP1114611__147__00748.txt,continuous_spectra,pp,2025-06-17,5092944.440000001,3320612.8620000007,True,False,True,PP,plastic,polymer,PP,PP,PP
c_09,149,c_09-149,MAYP1114611__148__00749.txt,continuous_spectra,pp,2025-06-17,4130590.440000001,3320612.8620000007,True,False,True,PP,plastic,polymer,PP,PP,PP
c_09,154,c_09-154,MAYP1114611__153__00754.txt,continuous_spectra,pp,2025-06-17,9577480.56,3320612.8620000007,True,False,True,PP,plastic,polymer,PP,PP,PP
c_09,155,c_09-155,MAYP1114611__154__00755.txt,continuous_spectra,pp,2025-06-17,10058716.44,3320612.8620000007,True,False,True,PP,plastic,polymer,PP,PP,PP
c_09,156,c_09-156,MAYP1114611__155__00756.txt,continuous_spectra,pp,2025-06-17,10222473.44,3320612.8620000007,True,False,True,PP,plastic,polymer,PP,PP,PP
c_09,157,c_09-157,MAYP1114611__156__00757.txt,continuous_spectra,pp,2025-06-17,9216664.56,3320612.8620000007,True,False,True,PP,plastic,polymer,PP,PP,PP
c_09,158,c_09-158,MAYP1114611__157__00758.txt,continuous_spectra,pp,2025-06-17,7699200.559999999,3320612.8620000007,True,False,True,PP,plastic,polymer,PP,PP,PP
c_09,159,c_09-159,MAYP1114611__158__00759.txt,continuous_spectra,pp,2025-06-17,8885181.440000001,3320612.8620000007,True,False,True,PP,plastic,polymer,PP,PP,PP
c_09,160,c_09-160,MAYP1114611__159__00760.txt,continuous_spectra,pp,2025-06-17,6947757.559999999,3320612.8620000007,True,False,True,PP,plastic,polymer,PP,PP,PP
c_09,161,c_09-161,MAYP1114611__160__00761.txt,continuous_spectra,pp,2025-06-17,7001517.0,3320612.8620000007,True,False,True,PP,plastic,polymer,PP,PP,PP
c_09,165,c_09-165,MAYP1114611__164__00765.txt,continuous_spectra,pp,2025-06-17,7354291.440000001,3320612.8620000007,True,False,True,PP,plastic,polymer,PP,PP,PP
c_09,166,c_09-166,MAYP1114611__165__00766.txt,continuous_spectra,pp,2025-06-17,8092268.440000001,3320612.8620000007,True,False,True,PP,plastic,polymer,PP,PP,PP
c_09,167,c_09-167,MAYP1114611__166__00767.txt,continuous_spectra,pp,2025-06-17,9265811.44,3320612.8620000007,True,False,True,PP,plastic,polymer,PP,PP,PP
c_09,168,c_09-168,MAYP1114611__167__00768.txt,continuous_spectra,pp,2025-06-17,8881873.440000001,3320612.8620000007,True,False,True,PP,plastic,polymer,PP,PP,PP
c_09,169,c_09-169,MAYP1114611__168__00769.txt,continuous_spectra,pp,2025-06-17,12870267.56,3320612.8620000007,True,False,True,PP,plastic,polymer,PP,PP,PP
c_09,170,c_09-170,MAYP1114611__169__00770.txt,continuous_spectra,pp,2025-06-17,11258256.0,3320612.8620000007,True,False,True,PP,plastic,polymer,PP,PP,PP
c_09,171,c_09-171,MAYP1114611__170__00771.txt,continuous_spectra,pp,2025-06-17,9372624.44,3320612.8620000007,True,False,True,PP,plastic,polymer,PP,PP,PP
c_09,172,c_09-172,MAYP1114611__171__00772.txt,continuous_spectra,pp,2025-06-17,3460601.0,3320612.8620000007,True,False,True,PP,plastic,polymer,PP,PP,PP
c_09,176,c_09-176,MAYP1114611__175__00776.txt,continuous_spectra,pp,2025-06-17,10793110.0,3320612.8620000007,True,False,True,PP,plastic,polymer,PP,PP,PP
c_09,177,c_09-177,MAYP1114611__176__00777.txt,continuous_spectra,pp,2025-06-17,13737980.0,3320612.8620000007,True,False,True,PP,plastic,polymer,PP,PP,PP
c_09,178,c_09-178,MAYP1114611__177__00778.txt,continuous_spectra,pp,2025-06-17,9730912.44,3320612.8620000007,True,False,True,PP,plastic,polymer,PP,PP,PP
c_09,179,c_09-179,MAYP1114611__178__00779.txt,continuous_spectra,pp,2025-06-17,9876616.56,3320612.8620000007,True,False,True,PP,plastic,polymer,PP,PP,PP
c_09,180,c_09-180,MAYP1114611__179__00780.txt,continuous_spectra,pp,2025-06-17,11899114.56,3320612.8620000007,True,False,True,PP,plastic,polymer,PP,PP,PP
c_09,181,c_09-181,MAYP1114611__180__00781.txt,continuous_spectra,pp,2025-06-17,5339442.440000001,3320612.8620000007,True,False,True,PP,plastic,polymer,PP,PP,PP
c_09,182,c_09-182,MAYP1114611__181__00782.txt,continuous_spectra,pp,2025-06-17,4407691.559999999,3320612.8620000007,True,False,True,PP,plastic,polymer,PP,PP,PP
c_09,213,c_09-213,MAYP1114611__212__00813.txt,continuous_spectra,pp,2025-06-17,5049100.0,3320612.8620000007,True,False,True,PP,plastic,polymer,PP,PP,PP
c_09,214,c_09-214,MAYP1114611__213__00814.txt,continuous_spectra,pp,2025-06-17,6223112.440000001,3320612.8620000007,True,False,True,PP,plastic,polymer,PP,PP,PP
c_09,215,c_09-215,MAYP1114611__214__00815.txt,continuous_spectra,pp,2025-06-17,6899318.0,3320612.8620000007,True,False,True,PP,plastic,polymer,PP,PP,PP
c_09,216,c_09-216,MAYP1114611__215__00816.txt,continuous_spectra,pp,2025-06-17,9146202.44,3320612.8620000007,True,False,True,PP,plastic,polymer,PP,PP,PP
c_09,217,c_09-217,MAYP1114611__216__00817.txt,continuous_spectra,pp,2025-06-17,5617346.559999999,3320612.8620000007,True,False,True,PP,plastic,polymer,PP,PP,PP
c_09,218,c_09-218,MAYP1114611__217__00818.txt,continuous_spectra,pp,2025-06-17,10250961.56,3320612.8620000007,True,False,True,PP,plastic,polymer,PP,PP,PP
c_09,219,c_09-219,MAYP1114611__218__00819.txt,continuous_spectra,pp,2025-06-17,7874771.0,3320612.8620000007,True,False,True,PP,plastic,polymer,PP,PP,PP
c_09,220,c_09-220,MAYP1114611__219__00820.txt,continuous_spectra,pp,2025-06-17,7683667.440000001,3320612.8620000007,True,False,True,PP,plastic,polymer,PP,PP,PP
c_09,221,c_09-221,MAYP1114611__220__00821.txt,continuous_spectra,pp,2025-06-17,4437633.559999999,3320612.8620000007,True,False,True,PP,plastic,polymer,PP,PP,PP
c_09,225,c_09-225,MAYP1114611__224__00825.txt,continuous_spectra,pp,2025-06-17,4037272.559999999,3320612.8620000007,True,False,True,PP,plastic,polymer,PP,PP,PP
c_09,226,c_09-226,MAYP1114611__225__00826.txt,continuous_spectra,pp,2025-06-17,6679320.559999999,3320612.8620000007,True,False,True,PP,plastic,polymer,PP,PP,PP
c_09,227,c_09-227,MAYP1114611__226__00827.txt,continuous_spectra,pp,2025-06-17,6510412.440000001,3320612.8620000007,True,False,True,PP,plastic,polymer,PP,PP,PP
c_09,228,c_09-228,MAYP1114611__227__00828.txt,continuous_spectra,pp,2025-06-17,5813091.440000001,3320612.8620000007,True,False,True,PP,plastic,polymer,PP,PP,PP
c_09,229,c_09-229,MAYP1114611__228__00829.txt,continuous_spectra,pp,2025-06-17,6649729.0,3320612.8620000007,True,False,True,PP,plastic,polymer,PP,PP,PP
c_09,230,c_09-230,MAYP1114611__229__00830.txt,continuous_spectra,pp,2025-06-17,4434550.559999999,3320612.8620000007,True,False,True,PP,plastic,polymer,PP,PP,PP
c_09,231,c_09-231,MAYP1114611__230__00831.txt,continuous_spectra,pp,2025-06-17,3982230.440000001,3320612.8620000007,True,False,True,PP,plastic,polymer,PP,PP,PP
c_09,235,c_09-235,MAYP1114611__234__00835.txt,continuous_spectra,pp,2025-06-17,3614826.559999999,3320612.8620000007,True,False,True,PP,plastic,polymer,PP,PP,PP
c_09,236,c_09-236,MAYP1114611__235__00836.txt,continuous_spectra,pp,2025-06-17,8109257.559999999,3320612.8620000007,True,False,True,PP,plastic,polymer,PP,PP,PP
c_09,237,c_09-237,MAYP1114611__236__00837.txt,continuous_spectra,pp,2025-06-17,9560817.56,3320612.8620000007,True,False,True,PP,plastic,polymer,PP,PP,PP
c_09,238,c_09-238,MAYP1114611__237__00838.txt,continuous_spectra,pp,2025-06-17,7487834.559999999,3320612.8620000007,True,False,True,PP,plastic,polymer,PP,PP,PP
c_09,239,c_09-239,MAYP1114611__238__00839.txt,continuous_spectra,pp,2025-06-17,12065162.56,3320612.8620000007,True,False,True,PP,plastic,polymer,PP,PP,PP
c_09,240,c_09-240,MAYP1114611__239__00840.txt,continuous_spectra,pp,2025-06-17,9089000.44,3320612.8620000007,True,False,True,PP,plastic,polymer,PP,PP,PP
c_09,241,c_09-241,MAYP1114611__240__00841.txt,continuous_spectra,pp,2025-06-17,9098900.56,3320612.8620000007,True,False,True,PP,plastic,polymer,PP,PP,PP
c_09,242,c_09-242,MAYP1114611__241__00842.txt,continuous_spectra,pp,2025-06-17,6390365.0,3320612.8620000007,True,False,True,PP,plastic,polymer,PP,PP,PP
c_09,246,c_09-246,MAYP1114611__245__00846.txt,continuous_spectra,pp,2025-06-17,3559815.0,3320612.8620000007,True,False,True,PP,plastic,polymer,PP,PP,PP
c_09,247,c_09-247,MAYP1114611__246__00847.txt,continuous_spectra,pp,2025-06-17,10280345.56,3320612.8620000007,True,False,True,PP,plastic,polymer,PP,PP,PP
c_09,248,c_09-248,MAYP1114611__247__00848.txt,continuous_spectra,pp,2025-06-17,6138381.559999999,3320612.8620000007,True,False,True,PP,plastic,polymer,PP,PP,PP
c_09,249,c_09-249,MAYP1114611__248__00849.txt,continuous_spectra,pp,2025-06-17,7004780.0,3320612.8620000007,True,False,True,PP,plastic,polymer,PP,PP,PP
c_09,250,c_09-250,MAYP1114611__249__00850.txt,continuous_spectra,pp,2025-06-17,8048165.440000001,3320612.8620000007,True,False,True,PP,plastic,polymer,PP,PP,PP
c_09,251,c_09-251,MAYP1114611__250__00851.txt,continuous_spectra,pp,2025-06-17,9041507.44,3320612.8620000007,True,False,True,PP,plastic,polymer,PP,PP,PP
c_09,252,c_09-252,MAYP1114611__251__00852.txt,continuous_spectra,pp,2025-06-17,7705050.559999999,3320612.8620000007,True,False,True,PP,plastic,polymer,PP,PP,PP
c_09,253,c_09-253,MAYP1114611__252__00853.txt,continuous_spectra,pp,2025-06-17,5168006.440000001,3320612.8620000007,True,False,True,PP,plastic,polymer,PP,PP,PP
c_09,257,c_09-257,MAYP1114611__256__00857.txt,continuous_spectra,pp,2025-06-17,3609670.440000001,3320612.8620000007,True,False,True,PP,plastic,polymer,PP,PP,PP
c_09,258,c_09-258,MAYP1114611__257__00858.txt,continuous_spectra,pp,2025-06-17,6171440.0,3320612.8620000007,True,False,True,PP,plastic,polymer,PP,PP,PP
c_09,259,c_09-259,MAYP1114611__258__00859.txt,continuous_spectra,pp,2025-06-17,7832934.440000001,3320612.8620000007,True,False,True,PP,plastic,polymer,PP,PP,PP
c_09,260,c_09-260,MAYP1114611__259__00860.txt,continuous_spectra,pp,2025-06-17,9551179.0,3320612.8620000007,True,False,True,PP,plastic,polymer,PP,PP,PP
c_09,261,c_09-261,MAYP1114611__260__00861.txt,continuous_spectra,pp,2025-06-17,10741349.0,3320612.8620000007,True,False,True,PP,plastic,polymer,PP,PP,PP
c_09,262,c_09-262,MAYP1114611__261__00862.txt,continuous_spectra,pp,2025-06-17,7970505.440000001,3320612.8620000007,True,False,True,PP,plastic,polymer,PP,PP,PP
c_09,263,c_09-263,MAYP1114611__262__00863.txt,continuous_spectra,pp,2025-06-17,5295195.0,3320612.8620000007,True,False,True,PP,plastic,polymer,PP,PP,PP
c_09,264,c_09-264,MAYP1114611__263__00864.txt,continuous_spectra,pp,2025-06-17,7889503.559999999,3320612.8620000007,True,False,True,PP,plastic,polymer,PP,PP,PP
c_09,268,c_09-268,MAYP1114611__267__00868.txt,continuous_spectra,pp,2025-06-17,8209212.440000001,3320612.8620000007,True,False,True,PP,plastic,polymer,PP,PP,PP
c_09,269,c_09-269,MAYP1114611__268__00869.txt,continuous_spectra,pp,2025-06-17,12897365.56,3320612.8620000007,True,False,True,PP,plastic,polymer,PP,PP,PP
c_09,270,c_09-270,MAYP1114611__269__00870.txt,continuous_spectra,pp,2025-06-17,8202809.559999999,3320612.8620000007,True,False,True,PP,plastic,polymer,PP,PP,PP
c_09,271,c_09-271,MAYP1114611__270__00871.txt,continuous_spectra,pp,2025-06-17,7143864.440000001,3320612.8620000007,True,False,True,PP,plastic,polymer,PP,PP,PE-HD
c_09,272,c_09-272,MAYP1114611__271__00872.txt,continuous_spectra,pp,2025-06-17,9492786.0,3320612.8620000007,True,False,True,PP,plastic,polymer,PP,PP,PP
c_09,273,c_09-273,MAYP1114611__272__00873.txt,continuous_spectra,pp,2025-06-17,12462880.0,3320612.8620000007,True,False,True,PP,plastic,polymer,PP,PP,PP
c_09,274,c_09-274,MAYP1114611__273__00874.txt,continuous_spectra,pp,2025-06-17,11221075.56,3320612.8620000007,True,False,True,PP,plastic,polymer,PP,PP,PP
c_09,275,c_09-275,MAYP1114611__274__00875.txt,continuous_spectra,pp,2025-06-17,6357380.440000001,3320612.8620000007,True,False,True,PP,plastic,polymer,PP,PP,PP
c_10,28,c_10-028,MAYP1114611__27__00028.txt,continuous_spectra,wood,2025-06-17,5505158.0,3767279.187000001,True,False,True,Wood,non_plastic,wood,,Wood,Wood
c_10,29,c_10-029,MAYP1114611__28__00029.txt,continuous_spectra,wood,2025-06-17,4855460.440000001,3767279.187000001,True,False,True,Wood,non_plastic,wood,,Wood,Wood
c_10,30,c_10-030,MAYP1114611__29__00030.txt,continuous_spectra,wood,2025-06-17,4970433.559999999,3767279.187000001,True,False,True,Wood,non_plastic,wood,,Wood,Wood
c_10,31,c_10-031,MAYP1114611__30__00031.txt,continuous_spectra,wood,2025-06-17,4531111.559999999,3767279.187000001,True,False,True,Wood,non_plastic,wood,,Wood,Wood
c_10,32,c_10-032,MAYP1114611__31__00032.txt,continuous_spectra,wood,2025-06-17,4606726.440000001,3767279.187000001,True,False,True,Wood,non_plastic,wood,,Wood,Wood
c_10,33,c_10-033,MAYP1114611__32__00033.txt,continuous_spectra,wood,2025-06-17,5812983.440000001,3767279.187000001,True,False,True,Wood,non_plastic,wood,,Wood,Wood
c_10,34,c_10-034,MAYP1114611__33__00034.txt,continuous_spectra,wood,2025-06-17,4542554.559999999,3767279.187000001,True,False,True,Wood,non_plastic,wood,,Wood,Wood
c_10,35,c_10-035,MAYP1114611__34__00035.txt,continuous_spectra,wood,2025-06-17,4073006.440000002,3767279.187000001,True,False,True,Wood,non_plastic,wood,,Wood,Wood
c_10,40,c_10-040,MAYP1114611__39__00040.txt,continuous_spectra,wood,2025-06-17,3983108.440000002,3767279.187000001,True,False,True,Wood,non_plastic,wood,,Wood,Wood
c_10,41,c_10-041,MAYP1114611__40__00041.txt,continuous_spectra,wood,2025-06-17,5452648.440000001,3767279.187000001,True,False,True,Wood,non_plastic,wood,,Wood,Wood
c_10,42,c_10-042,MAYP1114611__41__00042.txt,continuous_spectra,wood,2025-06-17,6095234.440000001,3767279.187000001,True,False,True,Wood,non_plastic,wood,,Wood,Wood
c_10,43,c_10-043,MAYP1114611__42__00043.txt,continuous_spectra,wood,2025-06-17,5046697.0,3767279.187000001,True,False,True,Wood,non_plastic,wood,,Wood,Wood
c_10,44,c_10-044,MAYP1114611__43__00044.txt,continuous_spectra,wood,2025-06-17,5357134.440000001,3767279.187000001,True,False,True,Wood,non_plastic,wood,,Wood,Wood
c_10,45,c_10-045,MAYP1114611__44__00045.txt,continuous_spectra,wood,2025-06-17,5528397.559999999,3767279.187000001,True,False,True,Wood,non_plastic,wood,,Wood,Wood
c_10,46,c_10-046,MAYP1114611__45__00046.txt,continuous_spectra,wood,2025-06-17,3804742.0,3767279.187000001,True,False,True,Wood,non_plastic,wood,,Wood,Wood
c_10,50,c_10-050,MAYP1114611__49__00050.txt,continuous_spectra,wood,2025-06-17,3852895.440000002,3767279.187000001,True,False,True,Wood,non_plastic,wood,,Wood,Wood
c_10,51,c_10-051,MAYP1114611__50__00051.txt,continuous_spectra,wood,2025-06-17,5679248.440000001,3767279.187000001,True,False,True,Wood,non_plastic,wood,,Wood,Wood
c_10,52,c_10-052,MAYP1114611__51__00052.txt,continuous_spectra,wood,2025-06-17,5441245.0,3767279.187000001,True,False,True,Wood,non_plastic,wood,,Wood,Wood
c_10,53,c_10-053,MAYP1114611__52__00053.txt,continuous_spectra,wood,2025-06-17,5629838.0,3767279.187000001,True,False,True,Wood,non_plastic,wood,,Wood,Wood
c_10,54,c_10-054,MAYP1114611__53__00054.txt,continuous_spectra,wood,2025-06-17,6506925.440000001,3767279.187000001,True,False,True,Wood,non_plastic,wood,,Wood,Wood
c_10,55,c_10-055,MAYP1114611__54__00055.txt,continuous_spectra,wood,2025-06-17,7127138.559999999,3767279.187000001,True,False,True,Wood,non_plastic,wood,,Wood,Wood
c_10,56,c_10-056,MAYP1114611__55__00056.txt,continuous_spectra,wood,2025-06-17,6026083.0,3767279.187000001,True,False,True,Wood,non_plastic,wood,,Wood,Wood
c_10,57,c_10-057,MAYP1114611__56__00057.txt,continuous_spectra,wood,2025-06-17,5828827.0,3767279.187000001,True,False,True,Wood,non_plastic,wood,,Wood,Wood
c_10,58,c_10-058,MAYP1114611__57__00058.txt,continuous_spectra,wood,2025-06-17,4871444.440000001,3767279.187000001,True,False,True,Wood,non_plastic,wood,,Wood,Wood
c_10,62,c_10-062,MAYP1114611__61__00062.txt,continuous_spectra,wood,2025-06-17,4542272.0,3767279.187000001,True,False,True,Wood,non_plastic,wood,,Wood,Wood
c_10,64,c_10-064,MAYP1114611__63__00064.txt,continuous_spectra,wood,2025-06-17,5359006.440000001,3767279.187000001,True,False,True,Wood,non_plastic,wood,,Wood,Wood
c_10,65,c_10-065,MAYP1114611__64__00065.txt,continuous_spectra,wood,2025-06-17,5178868.559999999,3767279.187000001,True,False,True,Wood,non_plastic,wood,,Wood,Wood
c_10,66,c_10-066,MAYP1114611__65__00066.txt,continuous_spectra,wood,2025-06-17,4729995.559999999,3767279.187000001,True,False,True,Wood,non_plastic,wood,,Wood,Wood
c_10,67,c_10-067,MAYP1114611__66__00067.txt,continuous_spectra,wood,2025-06-17,4194200.0,3767279.187000001,True,False,True,Wood,non_plastic,wood,,Wood,Wood
c_10,72,c_10-072,MAYP1114611__71__00072.txt,continuous_spectra,wood,2025-06-17,4382676.0,3767279.187000001,True,False,True,Wood,non_plastic,wood,,Wood,Wood
c_10,73,c_10-073,MAYP1114611__72__00073.txt,continuous_spectra,wood,2025-06-17,4247558.0,3767279.187000001,True,False,True,Wood,non_plastic,wood,,Wood,Wood
c_10,74,c_10-074,MAYP1114611__73__00074.txt,continuous_spectra,wood,2025-06-17,5669624.559999999,3767279.187000001,True,False,True,Wood,non_plastic,wood,,Wood,Wood
c_10,75,c_10-075,MAYP1114611__74__00075.txt,continuous_spectra,wood,2025-06-17,4898311.0,3767279.187000001,True,False,True,Wood,non_plastic,wood,,Wood,Wood
c_10,76,c_10-076,MAYP1114611__75__00076.txt,continuous_spectra,wood,2025-06-17,4155053.0,3767279.187000001,True,False,True,Wood,non_plastic,wood,,Wood,Wood
c_10,77,c_10-077,MAYP1114611__76__00077.txt,continuous_spectra,wood,2025-06-17,5552577.559999999,3767279.187000001,True,False,True,Wood,non_plastic,wood,,Wood,Wood
c_10,78,c_10-078,MAYP1114611__77__00078.txt,continuous_spectra,wood,2025-06-17,4189801.559999998,3767279.187000001,True,False,True,Wood,non_plastic,wood,,Wood,Wood
c_10,79,c_10-079,MAYP1114611__78__00079.txt,continuous_spectra,wood,2025-06-17,4151059.440000002,3767279.187000001,True,False,True,Wood,non_plastic,wood,,Wood,Wood
c_10,83,c_10-083,MAYP1114611__82__00083.txt,continuous_spectra,wood,2025-06-17,4190551.559999998,3767279.187000001,True,False,True,Wood,non_plastic,wood,,Wood,Wood
c_10,84,c_10-084,MAYP1114611__83__00084.txt,continuous_spectra,wood,2025-06-17,4679091.440000001,3767279.187000001,True,False,True,Wood,non_plastic,wood,,Wood,Wood
c_10,85,c_10-085,MAYP1114611__84__00085.txt,continuous_spectra,wood,2025-06-17,4459060.559999999,3767279.187000001,True,False,True,Wood,non_plastic,wood,,Wood,Wood
c_10,86,c_10-086,MAYP1114611__85__00086.txt,continuous_spectra,wood,2025-06-17,4807727.440000001,3767279.187000001,True,False,True,Wood,non_plastic,wood,,Wood,Wood
c_10,87,c_10-087,MAYP1114611__86__00087.txt,continuous_spectra,wood,2025-06-17,5704173.440000001,3767279.187000001,True,False,True,Wood,non_plastic,wood,,Wood,Wood
c_10,88,c_10-088,MAYP1114611__87__00088.txt,continuous_spectra,wood,2025-06-17,4615346.440000001,3767279.187000001,True,False,True,Wood,non_plastic,wood,,Wood,Wood
c_10,89,c_10-089,MAYP1114611__88__00089.txt,continuous_spectra,wood,2025-06-17,4764089.440000001,3767279.187000001,True,False,True,Wood,non_plastic,wood,,Wood,Wood
c_10,90,c_10-090,MAYP1114611__89__00090.txt,continuous_spectra,wood,2025-06-17,4129156.559999998,3767279.187000001,True,False,True,Wood,non_plastic,wood,,Wood,Wood
c_10,120,c_10-120,MAYP1114611__119__00120.txt,continuous_spectra,wood,2025-06-17,3849466.0,3767279.187000001,True,False,True,Wood,non_plastic,wood,,Wood,Wood
c_10,121,c_10-121,MAYP1114611__120__00121.txt,continuous_spectra,wood,2025-06-17,4950089.0,3767279.187000001,True,False,True,Wood,non_plastic,wood,,Wood,Wood
c_10,122,c_10-122,MAYP1114611__121__00122.txt,continuous_spectra,wood,2025-06-17,4178009.559999998,3767279.187000001,True,False,True,Wood,non_plastic,wood,,Wood,Wood
c_10,123,c_10-123,MAYP1114611__122__00123.txt,continuous_spectra,wood,2025-06-17,4701543.0,3767279.187000001,True,False,True,Wood,non_plastic,wood,,Wood,Wood
c_10,124,c_10-124,MAYP1114611__123__00124.txt,continuous_spectra,wood,2025-06-17,4523495.440000001,3767279.187000001,True,False,True,Wood,non_plastic,wood,,Wood,Wood
c_10,125,c_10-125,MAYP1114611__124__00125.txt,continuous_spectra,wood,2025-06-17,5434632.559999999,3767279.187000001,True,False,True,Wood,non_plastic,wood,,Wood,Wood
c_10,126,c_10-126,MAYP1114611__125__00126.txt,continuous_spectra,wood,2025-06-17,5173134.0,3767279.187000001,True,False,True,Wood,non_plastic,wood,,Wood,Wood
c_10,127,c_10-127,MAYP1114611__126__00127.txt,continuous_spectra,wood,2025-06-17,5332534.559999999,3767279.187000001,True,False,True,Wood,non_plastic,wood,,Wood,Wood
c_10,128,c_10-128,MAYP1114611__127__00128.txt,continuous_spectra,wood,2025-06-17,4250406.440000001,3767279.187000001,True,False,True,Wood,non_plastic,wood,,Wood,Wood
c_10,133,c_10-133,MAYP1114611__132__00133.txt,continuous_spectra,wood,2025-06-17,5371346.0,3767279.187000001,True,False,True,Wood,non_plastic,wood,,Wood,Wood
c_10,134,c_10-134,MAYP1114611__133__00134.txt,continuous_spectra,wood,2025-06-17,4839458.440000001,3767279.187000001,True,False,True,Wood,non_plastic,wood,,Wood,Wood
c_10,136,c_10-136,MAYP1114611__135__00136.txt,continuous_spectra,wood,2025-06-17,5094002.559999999,3767279.187000001,True,False,True,Wood,non_plastic,wood,,Wood,Wood
c_10,137,c_10-137,MAYP1114611__136__00137.txt,continuous_spectra,wood,2025-06-17,6109100.559999999,3767279.187000001,True,False,True,Wood,non_plastic,wood,,Wood,Wood
c_10,138,c_10-138,MAYP1114611__137__00138.txt,continuous_spectra,wood,2025-06-17,4194776.440000001,3767279.187000001,True,False,True,Wood,non_plastic,wood,,Wood,Wood
c_10,142,c_10-142,MAYP1114611__141__00142.txt,continuous_spectra,wood,2025-06-17,5193876.0,3767279.187000001,True,False,True,Wood,non_plastic,wood,,Wood,Wood
c_10,143,c_10-143,MAYP1114611__142__00143.txt,continuous_spectra,wood,2025-06-17,4672623.559999999,3767279.187000001,True,False,True,Wood,non_plastic,wood,,Wood,Wood
c_10,144,c_10-144,MAYP1114611__143__00144.txt,continuous_spectra,wood,2025-06-17,5466895.440000001,3767279.187000001,True,False,True,Wood,non_plastic,wood,,Wood,Wood
c_10,145,c_10-145,MAYP1114611__144__00145.txt,continuous_spectra,wood,2025-06-17,5805551.440000001,3767279.187000001,True,False,True,Wood,non_plastic,wood,,Wood,Wood
c_10,146,c_10-146,MAYP1114611__145__00146.txt,continuous_spectra,wood,2025-06-17,4677843.559999999,3767279.187000001,True,False,True,Wood,non_plastic,wood,,Wood,Wood
c_10,147,c_10-147,MAYP1114611__146__00147.txt,continuous_spectra,wood,2025-06-17,4959602.559999999,3767279.187000001,True,False,True,Wood,non_plastic,wood,,Wood,Wood
c_10,148,c_10-148,MAYP1114611__147__00148.txt,continuous_spectra,wood,2025-06-17,6021744.559999999,3767279.187000001,True,False,True,Wood,non_plastic,wood,,Wood,Wood
c_10,149,c_10-149,MAYP1114611__148__00149.txt,continuous_spectra,wood,2025-06-17,4408977.559999999,3767279.187000001,True,False,True,Wood,non_plastic,wood,,Wood,Wood
c_10,154,c_10-154,MAYP1114611__153__00154.txt,continuous_spectra,wood,2025-06-17,4438560.0,3767279.187000001,True,False,True,Wood,non_plastic,wood,,Wood,Wood
c_10,155,c_10-155,MAYP1114611__154__00155.txt,continuous_spectra,wood,2025-06-17,6345180.0,3767279.187000001,True,False,True,Wood,non_plastic,wood,,Wood,Wood
c_10,156,c_10-156,MAYP1114611__155__00156.txt,continuous_spectra,wood,2025-06-17,5177613.440000001,3767279.187000001,True,False,True,Wood,non_plastic,wood,,Wood,Wood
c_10,157,c_10-157,MAYP1114611__156__00157.txt,continuous_spectra,wood,2025-06-17,5040085.559999999,3767279.187000001,True,False,True,Wood,non_plastic,wood,,Wood,Wood
c_10,158,c_10-158,MAYP1114611__157__00158.txt,continuous_spectra,wood,2025-06-17,5687184.0,3767279.187000001,True,False,True,Wood,non_plastic,wood,,Wood,Wood
c_10,159,c_10-159,MAYP1114611__158__00159.txt,continuous_spectra,wood,2025-06-17,4983991.440000001,3767279.187000001,True,False,True,Wood,non_plastic,wood,,Wood,Wood
c_10,160,c_10-160,MAYP1114611__159__00160.txt,continuous_spectra,wood,2025-06-17,5748955.559999999,3767279.187000001,True,False,True,Wood,non_plastic,wood,,Wood,Wood
c_10,161,c_10-161,MAYP1114611__160__00161.txt,continuous_spectra,wood,2025-06-17,3956026.440000002,3767279.187000001,True,False,True,Wood,non_plastic,wood,,Wood,Wood
c_10,162,c_10-162,MAYP1114611__161__00162.txt,continuous_spectra,wood,2025-06-17,4915195.440000001,3767279.187000001,True,False,True,Wood,non_plastic,wood,,Wood,Wood
c_10,164,c_10-164,MAYP1114611__163__00164.txt,continuous_spectra,wood,2025-06-17,4123405.559999998,3767279.187000001,True,False,True,Wood,non_plastic,wood,,Wood,Wood
c_10,165,c_10-165,MAYP1114611__164__00165.txt,continuous_spectra,wood,2025-06-17,3836439.559999998,3767279.187000001,True,False,True,Wood,non_plastic,wood,,Wood,Wood
c_10,166,c_10-166,MAYP1114611__165__00166.txt,continuous_spectra,wood,2025-06-17,5720550.559999999,3767279.187000001,True,False,True,Wood,non_plastic,wood,,Wood,Wood
c_10,167,c_10-167,MAYP1114611__166__00167.txt,continuous_spectra,wood,2025-06-17,5402777.0,3767279.187000001,True,False,True,Wood,non_plastic,wood,,Wood,Wood
c_10,168,c_10-168,MAYP1114611__167__00168.txt,continuous_spectra,wood,2025-06-17,5143495.559999999,3767279.187000001,True,False,True,Wood,non_plastic,wood,,Wood,Wood
c_10,169,c_10-169,MAYP1114611__168__00169.txt,continuous_spectra,wood,2025-06-17,6530090.0,3767279.187000001,True,False,True,Wood,non_plastic,wood,,Wood,Wood
c_10,170,c_10-170,MAYP1114611__169__00170.txt,continuous_spectra,wood,2025-06-17,5136381.0,3767279.187000001,True,False,True,Wood,non_plastic,wood,,Wood,Wood
c_10,171,c_10-171,MAYP1114611__170__00171.txt,continuous_spectra,wood,2025-06-17,5686401.0,3767279.187000001,True,False,True,Wood,non_plastic,wood,,Wood,Wood
c_10,172,c_10-172,MAYP1114611__171__00172.txt,continuous_spectra,wood,2025-06-17,4165120.440000002,3767279.187000001,True,False,True,Wood,non_plastic,wood,,Wood,Wood
c_10,174,c_10-174,MAYP1114611__173__00174.txt,continuous_spectra,wood,2025-06-17,4304745.559999999,3767279.187000001,True,False,True,Wood,non_plastic,wood,,Wood,Wood
c_10,175,c_10-175,MAYP1114611__174__00175.txt,continuous_spectra,wood,2025-06-17,4684331.440000001,3767279.187000001,True,False,True,Wood,non_plastic,wood,,Wood,Wood
c_10,176,c_10-176,MAYP1114611__175__00176.txt,continuous_spectra,wood,2025-06-17,4986550.559999999,3767279.187000001,True,False,True,Wood,non_plastic,wood,,Wood,Wood
c_10,177,c_10-177,MAYP1114611__176__00177.txt,continuous_spectra,wood,2025-06-17,6749294.0,3767279.187000001,True,False,True,Wood,non_plastic,wood,,Wood,Wood
c_10,178,c_10-178,MAYP1114611__177__00178.txt,continuous_spectra,wood,2025-06-17,6162317.440000001,3767279.187000001,True,False,True,Wood,non_plastic,wood,,Wood,Wood
c_10,179,c_10-179,MAYP1114611__178__00179.txt,continuous_spectra,wood,2025-06-17,4901706.440000001,3767279.187000001,True,False,True,Wood,non_plastic,wood,,Wood,Wood
c_10,180,c_10-180,MAYP1114611__179__00180.txt,continuous_spectra,wood,2025-06-17,3804708.559999998,3767279.187000001,True,False,True,Wood,non_plastic,wood,,Wood,Wood
c_10,181,c_10-181,MAYP1114611__180__00181.txt,continuous_spectra,wood,2025-06-17,4451542.559999999,3767279.187000001,True,False,True,Wood,non_plastic,wood,,Wood,Wood
c_10,182,c_10-182,MAYP1114611__181__00182.txt,continuous_spectra,wood,2025-06-17,4834940.559999999,3767279.187000001,True,False,True,Wood,non_plastic,wood,,Wood,Wood
c_10,183,c_10-183,MAYP1114611__182__00183.txt,continuous_spectra,wood,2025-06-17,3912490.559999998,3767279.187000001,True,False,True,Wood,non_plastic,wood,,Wood,Wood
c_10,214,c_10-214,MAYP1114611__213__00214.txt,continuous_spectra,wood,2025-06-17,3772995.559999998,3767279.187000001,True,False,True,Wood,non_plastic,wood,,Wood,Wood
c_10,216,c_10-216,MAYP1114611__215__00216.txt,continuous_spectra,wood,2025-06-17,4150572.440000002,3767279.187000001,True,False,True,Wood,non_plastic,wood,,Wood,Wood
c_10,217,c_10-217,MAYP1114611__216__00217.txt,continuous_spectra,wood,2025-06-17,5339995.440000001,3767279.187000001,True,False,True,Wood,non_plastic,wood,,Wood,Wood
c_10,218,c_10-218,MAYP1114611__217__00218.txt,continuous_spectra,wood,2025-06-17,4981267.440000001,3767279.187000001,True,False,True,Wood,non_plastic,wood,,Wood,Wood
c_10,219,c_10-219,MAYP1114611__218__00219.txt,continuous_spectra,wood,2025-06-17,4287757.0,3767279.187000001,True,False,True,Wood,non_plastic,wood,,Wood,Wood
c_10,220,c_10-220,MAYP1114611__219__00220.txt,continuous_spectra,wood,2025-06-17,3823088.440000002,3767279.187000001,True,False,True,Wood,non_plastic,wood,,Wood,Wood
c_10,225,c_10-225,MAYP1114611__224__00225.txt,continuous_spectra,wood,2025-06-17,4198555.559999999,3767279.187000001,True,False,True,Wood,non_plastic,wood,,Wood,Wood
c_10,226,c_10-226,MAYP1114611__225__00226.txt,continuous_spectra,wood,2025-06-17,4915296.0,3767279.187000001,True,False,True,Wood,non_plastic,wood,,Wood,Wood
c_10,227,c_10-227,MAYP1114611__226__00227.txt,continuous_spectra,wood,2025-06-17,4998790.440000001,3767279.187000001,True,False,True,Wood,non_plastic,wood,,Wood,Wood
c_10,228,c_10-228,MAYP1114611__227__00228.txt,continuous_spectra,wood,2025-06-17,5070225.559999999,3767279.187000001,True,False,True,Wood,non_plastic,wood,,Wood,Wood
c_10,229,c_10-229,MAYP1114611__228__00229.txt,continuous_spectra,wood,2025-06-17,4667921.0,3767279.187000001,True,False,True,Wood,non_plastic,wood,,Wood,Wood
c_10,230,c_10-230,MAYP1114611__229__00230.txt,continuous_spectra,wood,2025-06-17,4250300.0,3767279.187000001,True,False,True,Wood,non_plastic,wood,,Wood,Wood
c_10,231,c_10-231,MAYP1114611__230__00231.txt,continuous_spectra,wood,2025-06-17,4126313.559999998,3767279.187000001,True,False,True,Wood,non_plastic,wood,,Wood,Wood
c_10,236,c_10-236,MAYP1114611__235__00236.txt,continuous_spectra,wood,2025-06-17,3804367.440000002,3767279.187000001,True,False,True,Wood,non_plastic,wood,,Wood,Wood
c_10,237,c_10-237,MAYP1114611__236__00237.txt,continuous_spectra,wood,2025-06-17,4815180.559999999,3767279.187000001,True,False,True,Wood,non_plastic,wood,,Wood,Wood
c_10,238,c_10-238,MAYP1114611__237__00238.txt,continuous_spectra,wood,2025-06-17,5812459.559999999,3767279.187000001,True,False,True,Wood,non_plastic,wood,,Wood,Wood
c_10,239,c_10-239,MAYP1114611__238__00239.txt,continuous_spectra,wood,2025-06-17,4088827.0,3767279.187000001,True,False,True,Wood,non_plastic,wood,,Wood,Wood
c_10,240,c_10-240,MAYP1114611__239__00240.txt,continuous_spectra,wood,2025-06-17,5991815.559999999,3767279.187000001,True,False,True,Wood,non_plastic,wood,,Wood,Wood
c_10,241,c_10-241,MAYP1114611__240__00241.txt,continuous_spectra,wood,2025-06-17,4309375.0,3767279.187000001,True,False,True,Wood,non_plastic,wood,,Wood,Wood
c_10,242,c_10-242,MAYP1114611__241__00242.txt,continuous_spectra,wood,2025-06-17,4243873.0,3767279.187000001,True,False,True,Wood,non_plastic,wood,,Wood,Wood
c_10,246,c_10-246,MAYP1114611__245__00246.txt,continuous_spectra,wood,2025-06-17,4598321.559999999,3767279.187000001,True,False,True,Wood,non_plastic,wood,,Wood,Wood
c_10,247,c_10-247,MAYP1114611__246__00247.txt,continuous_spectra,wood,2025-06-17,4174575.559999998,3767279.187000001,True,False,True,Wood,non_plastic,wood,,Wood,Wood
c_10,248,c_10-248,MAYP1114611__247__00248.txt,continuous_spectra,wood,2025-06-17,5684261.0,3767279.187000001,True,False,True,Wood,non_plastic,wood,,Wood,Wood
c_10,249,c_10-249,MAYP1114611__248__00249.txt,continuous_spectra,wood,2025-06-17,6190326.559999999,3767279.187000001,True,False,True,Wood,non_plastic,wood,,Wood,Wood
c_10,250,c_10-250,MAYP1114611__249__00250.txt,continuous_spectra,wood,2025-06-17,5835375.0,3767279.187000001,True,False,True,Wood,non_plastic,wood,,Wood,Wood
c_10,251,c_10-251,MAYP1114611__250__00251.txt,continuous_spectra,wood,2025-06-17,5413028.0,3767279.187000001,True,False,True,Wood,non_plastic,wood,,Wood,Wood
c_10,252,c_10-252,MAYP1114611__251__00252.txt,continuous_spectra,wood,2025-06-17,5736032.559999999,3767279.187000001,True,False,True,Wood,non_plastic,wood,,Wood,Wood
c_10,253,c_10-253,MAYP1114611__252__00253.txt,continuous_spectra,wood,2025-06-17,5307531.559999999,3767279.187000001,True,False,True,Wood,non_plastic,wood,,Wood,Wood
c_10,258,c_10-258,MAYP1114611__257__00258.txt,continuous_spectra,wood,2025-06-17,3882024.559999998,3767279.187000001,True,False,True,Wood,non_plastic,wood,,Wood,Wood
c_10,259,c_10-259,MAYP1114611__258__00259.txt,continuous_spectra,wood,2025-06-17,5384961.0,3767279.187000001,True,False,True,Wood,non_plastic,wood,,Wood,Wood
c_10,260,c_10-260,MAYP1114611__259__00260.txt,continuous_spectra,wood,2025-06-17,5926874.0,3767279.187000001,True,False,True,Wood,non_plastic,wood,,Wood,Wood
c_10,261,c_10-261,MAYP1114611__260__00261.txt,continuous_spectra,wood,2025-06-17,4443515.559999999,3767279.187000001,True,False,True,Wood,non_plastic,wood,,Wood,Wood
c_10,262,c_10-262,MAYP1114611__261__00262.txt,continuous_spectra,wood,2025-06-17,4504259.440000001,3767279.187000001,True,False,True,Wood,non_plastic,wood,,Wood,Wood
c_10,263,c_10-263,MAYP1114611__262__00263.txt,continuous_spectra,wood,2025-06-17,4587355.0,3767279.187000001,True,False,True,Wood,non_plastic,wood,,Wood,Wood
c_10,264,c_10-264,MAYP1114611__263__00264.txt,continuous_spectra,wood,2025-06-17,4407185.0,3767279.187000001,True,False,True,Wood,non_plastic,wood,,Wood,Wood
c_10,268,c_10-268,MAYP1114611__267__00268.txt,continuous_spectra,wood,2025-06-17,5043078.440000001,3767279.187000001,True,False,True,Wood,non_plastic,wood,,Wood,Wood
c_10,269,c_10-269,MAYP1114611__268__00269.txt,continuous_spectra,wood,2025-06-17,4918300.0,3767279.187000001,True,False,True,Wood,non_plastic,wood,,Wood,Wood
c_10,270,c_10-270,MAYP1114611__269__00270.txt,continuous_spectra,wood,2025-06-17,5611187.559999999,3767279.187000001,True,False,True,Wood,non_plastic,wood,,Wood,Wood
c_10,271,c_10-271,MAYP1114611__270__00271.txt,continuous_spectra,wood,2025-06-17,6201463.440000001,3767279.187000001,True,False,True,Wood,non_plastic,wood,,Wood,Wood
c_10,272,c_10-272,MAYP1114611__271__00272.txt,continuous_spectra,wood,2025-06-17,5987348.559999999,3767279.187000001,True,False,True,Wood,non_plastic,wood,,Wood,Wood
c_10,273,c_10-273,MAYP1114611__272__00273.txt,continuous_spectra,wood,2025-06-17,4504711.440000001,3767279.187000001,True,False,True,Wood,non_plastic,wood,,Wood,Wood
c_10,274,c_10-274,MAYP1114611__273__00274.txt,continuous_spectra,wood,2025-06-17,4310032.440000001,3767279.187000001,True,False,True,Wood,non_plastic,wood,,Wood,Wood
c_10,275,c_10-275,MAYP1114611__274__00275.txt,continuous_spectra,wood,2025-06-17,3984050.440000002,3767279.187000001,True,False,True,Wood,non_plastic,wood,,Wood,Wood
c_10,276,c_10-276,MAYP1114611__275__00276.txt,continuous_spectra,wood,2025-06-17,3868467.440000002,3767279.187000001,True,False,True,Wood,non_plastic,wood,,Wood,Wood
c_11,28,c_11-028,MAYP1114611__27__00028.txt,continuous_spectra,test_tube,2025-07-10,2655582.4400000004,2242903.4250000003,True,False,True,Test tube,non_plastic,glass,,Test tube,Test tube
c_11,29,c_11-029,MAYP1114611__28__00029.txt,continuous_spectra,test_tube,2025-07-10,6062341.559999999,2242903.4250000003,True,False,True,Test tube,non_plastic,glass,,Test tube,Test tube
c_11,30,c_11-030,MAYP1114611__29__00030.txt,continuous_spectra,test_tube,2025-07-10,6859315.440000001,2242903.4250000003,True,False,True,Test tube,non_plastic,glass,,Test tube,Test tube
c_11,31,c_11-031,MAYP1114611__30__00031.txt,continuous_spectra,test_tube,2025-07-10,9378587.44,2242903.4250000003,True,False,True,Test tube,non_plastic,glass,,Test tube,Test tube
c_11,32,c_11-032,MAYP1114611__31__00032.txt,continuous_spectra,test_tube,2025-07-10,12237573.44,2242903.4250000003,True,False,True,Test tube,non_plastic,glass,,Test tube,Test tube
c_11,33,c_11-033,MAYP1114611__32__00033.txt,continuous_spectra,test_tube,2025-07-10,16776305.44,2242903.4250000003,True,False,True,Test tube,non_plastic,glass,,Test tube,Test tube
c_11,34,c_11-034,MAYP1114611__33__00034.txt,continuous_spectra,test_tube,2025-07-10,10910567.44,2242903.4250000003,True,False,True,Test tube,non_plastic,glass,,Test tube,Test tube
c_11,35,c_11-035,MAYP1114611__34__00035.txt,continuous_spectra,test_tube,2025-07-10,4478673.440000001,2242903.4250000003,True,False,True,Test tube,non_plastic,glass,,Test tube,Test tube
c_11,36,c_11-036,MAYP1114611__35__00036.txt,continuous_spectra,test_tube,2025-07-10,3310563.559999999,2242903.4250000003,True,False,True,Test tube,non_plastic,glass,,Test tube,Test tube
c_11,41,c_11-041,MAYP1114611__40__00041.txt,continuous_spectra,test_tube,2025-07-10,3731290.440000001,2242903.4250000003,True,False,True,Test tube,non_plastic,glass,,Test tube,Test tube
c_11,42,c_11-042,MAYP1114611__41__00042.txt,continuous_spectra,test_tube,2025-07-10,5577344.0,2242903.4250000003,True,False,True,Test tube,non_plastic,glass,,Test tube,Test tube
c_11,43,c_11-043,MAYP1114611__42__00043.txt,continuous_spectra,test_tube,2025-07-10,8442091.440000001,2242903.4250000003,True,False,True,Test tube,non_plastic,glass,,Test tube,Test tube
c_11,44,c_11-044,MAYP1114611__43__00044.txt,continuous_spectra,test_tube,2025-07-10,6281787.559999999,2242903.4250000003,True,False,True,Test tube,non_plastic,glass,,Test tube,Test tube
c_11,45,c_11-045,MAYP1114611__44__00045.txt,continuous_spectra,test_tube,2025-07-10,4715681.559999999,2242903.4250000003,True,False,True,Test tube,non_plastic,glass,,Test tube,Test tube
c_11,46,c_11-046,MAYP1114611__45__00046.txt,continuous_spectra,test_tube,2025-07-10,3799238.0,2242903.4250000003,True,False,True,Test tube,non_plastic,glass,,Test tube,Test tube
c_11,51,c_11-051,MAYP1114611__50__00051.txt,continuous_spectra,test_tube,2025-07-10,2818567.0,2242903.4250000003,True,False,True,Test tube,non_plastic,glass,,Test tube,Test tube
c_11,52,c_11-052,MAYP1114611__51__00052.txt,continuous_spectra,test_tube,2025-07-10,2970486.5599999996,2242903.4250000003,True,False,True,Test tube,non_plastic,glass,,Test tube,Test tube
c_11,53,c_11-053,MAYP1114611__52__00053.txt,continuous_spectra,test_tube,2025-07-10,9262863.56,2242903.4250000003,True,False,True,Test tube,non_plastic,glass,,Test tube,Test tube
c_11,54,c_11-054,MAYP1114611__53__00054.txt,continuous_spectra,test_tube,2025-07-10,7647064.559999999,2242903.4250000003,True,False,True,Test tube,non_plastic,glass,,Test tube,Test tube
c_11,55,c_11-055,MAYP1114611__54__00055.txt,continuous_spectra,test_tube,2025-07-10,12070237.56,2242903.4250000003,True,False,True,Test tube,non_plastic,glass,,Test tube,Test tube
c_11,56,c_11-056,MAYP1114611__55__00056.txt,continuous_spectra,test_tube,2025-07-10,8952833.559999999,2242903.4250000003,True,False,True,Test tube,non_plastic,glass,,Test tube,Test tube
c_11,57,c_11-057,MAYP1114611__56__00057.txt,continuous_spectra,test_tube,2025-07-10,3143254.440000001,2242903.4250000003,True,False,True,Test tube,non_plastic,glass,,Test tube,Test tube
c_11,63,c_11-063,MAYP1114611__62__00063.txt,continuous_spectra,test_tube,2025-07-10,4659393.559999999,2242903.4250000003,True,False,True,Test tube,non_plastic,glass,,Test tube,Test tube
c_11,64,c_11-064,MAYP1114611__63__00064.txt,continuous_spectra,test_tube,2025-07-10,10766392.560000002,2242903.4250000003,True,False,True,Test tube,non_plastic,glass,,Test tube,Test tube
c_11,65,c_11-065,MAYP1114611__64__00065.txt,continuous_spectra,test_tube,2025-07-10,10779805.0,2242903.4250000003,True,False,True,Test tube,non_plastic,glass,,Test tube,Test tube
c_11,66,c_11-066,MAYP1114611__65__00066.txt,continuous_spectra,test_tube,2025-07-10,12268831.44,2242903.4250000003,True,False,True,Test tube,non_plastic,glass,,Test tube,Test tube
c_11,67,c_11-067,MAYP1114611__66__00067.txt,continuous_spectra,test_tube,2025-07-10,8446404.440000001,2242903.4250000003,True,False,True,Test tube,non_plastic,glass,,Test tube,Test tube
c_11,68,c_11-068,MAYP1114611__67__00068.txt,continuous_spectra,test_tube,2025-07-10,6780735.559999999,2242903.4250000003,True,False,True,Test tube,non_plastic,glass,,Test tube,Test tube
c_11,69,c_11-069,MAYP1114611__68__00069.txt,continuous_spectra,test_tube,2025-07-10,2379051.0,2242903.4250000003,True,False,True,Test tube,non_plastic,glass,,Test tube,Test tube
c_11,73,c_11-073,MAYP1114611__72__00073.txt,continuous_spectra,test_tube,2025-07-10,2554671.0,2242903.4250000003,True,False,True,Test tube,non_plastic,glass,,Test tube,Test tube
c_11,74,c_11-074,MAYP1114611__73__00074.txt,continuous_spectra,test_tube,2025-07-10,3303885.5599999996,2242903.4250000003,True,False,True,Test tube,non_plastic,glass,,Test tube,Test tube
c_11,75,c_11-075,MAYP1114611__74__00075.txt,continuous_spectra,test_tube,2025-07-10,4229020.440000001,2242903.4250000003,True,False,True,Test tube,non_plastic,glass,,Test tube,Test tube
c_11,76,c_11-076,MAYP1114611__75__00076.txt,continuous_spectra,test_tube,2025-07-10,4095145.0,2242903.4250000003,True,False,True,Test tube,non_plastic,glass,,Test tube,Test tube
c_11,77,c_11-077,MAYP1114611__76__00077.txt,continuous_spectra,test_tube,2025-07-10,5895651.0,2242903.4250000003,True,False,True,Test tube,non_plastic,glass,,Test tube,Test tube
c_11,78,c_11-078,MAYP1114611__77__00078.txt,continuous_spectra,test_tube,2025-07-10,3911567.559999998,2242903.4250000003,True,False,True,Test tube,non_plastic,glass,,Test tube,Test tube
c_11,84,c_11-084,MAYP1114611__83__00084.txt,continuous_spectra,test_tube,2025-07-10,3606232.559999999,2242903.4250000003,True,False,True,Test tube,non_plastic,glass,,Test tube,Test tube
c_11,85,c_11-085,MAYP1114611__84__00085.txt,continuous_spectra,test_tube,2025-07-10,9356564.0,2242903.4250000003,True,False,True,Test tube,non_plastic,glass,,Test tube,Test tube
c_11,86,c_11-086,MAYP1114611__85__00086.txt,continuous_spectra,test_tube,2025-07-10,11856728.56,2242903.4250000003,True,False,True,Test tube,non_plastic,glass,,Test tube,Test tube
c_11,87,c_11-087,MAYP1114611__86__00087.txt,continuous_spectra,test_tube,2025-07-10,11533887.0,2242903.4250000003,True,False,True,Test tube,non_plastic,glass,,Test tube,Test tube
c_11,88,c_11-088,MAYP1114611__87__00088.txt,continuous_spectra,test_tube,2025-07-10,11532547.44,2242903.4250000003,True,False,True,Test tube,non_plastic,glass,,Test tube,Test tube
c_11,89,c_11-089,MAYP1114611__88__00089.txt,continuous_spectra,test_tube,2025-07-10,8671658.0,2242903.4250000003,True,False,True,Test tube,non_plastic,glass,,Test tube,Test tube
c_11,90,c_11-090,MAYP1114611__89__00090.txt,continuous_spectra,test_tube,2025-07-10,3722525.0,2242903.4250000003,True,False,True,Test tube,non_plastic,glass,,Test tube,Test tube
c_11,122,c_11-122,MAYP1114611__121__00122.txt,continuous_spectra,test_tube,2025-07-10,3019424.4400000004,2242903.4250000003,True,False,True,Test tube,non_plastic,glass,,Test tube,Test tube
c_11,123,c_11-123,MAYP1114611__122__00123.txt,continuous_spectra,test_tube,2025-07-10,5317079.440000001,2242903.4250000003,True,False,True,Test tube,non_plastic,glass,,Test tube,Test tube
c_11,124,c_11-124,MAYP1114611__123__00124.txt,continuous_spectra,test_tube,2025-07-10,6673171.559999999,2242903.4250000003,True,False,True,Test tube,non_plastic,glass,,Test tube,Test tube
c_11,125,c_11-125,MAYP1114611__124__00125.txt,continuous_spectra,test_tube,2025-07-10,7521089.559999999,2242903.4250000003,True,False,True,Test tube,non_plastic,glass,,Test tube,Test tube
c_11,126,c_11-126,MAYP1114611__125__00126.txt,continuous_spectra,test_tube,2025-07-10,10053367.56,2242903.4250000003,True,False,True,Test tube,non_plastic,glass,,Test tube,Test tube
c_11,127,c_11-127,MAYP1114611__126__00127.txt,continuous_spectra,test_tube,2025-07-10,7383455.440000001,2242903.4250000003,True,False,True,Test tube,non_plastic,glass,,Test tube,Test tube
c_11,128,c_11-128,MAYP1114611__127__00128.txt,continuous_spectra,test_tube,2025-07-10,2957679.4400000004,2242903.4250000003,True,False,True,Test tube,non_plastic,glass,,Test tube,Test tube
c_11,133,c_11-133,MAYP1114611__132__00133.txt,continuous_spectra,test_tube,2025-07-10,3470320.440000001,2242903.4250000003,True,False,True,Test tube,non_plastic,glass,,Test tube,Test tube
c_11,134,c_11-134,MAYP1114611__133__00134.txt,continuous_spectra,test_tube,2025-07-10,9290875.56,2242903.4250000003,True,False,True,Test tube,non_plastic,glass,,Test tube,Test tube
c_11,135,c_11-135,MAYP1114611__134__00135.txt,continuous_spectra,test_tube,2025-07-10,7882383.559999999,2242903.4250000003,True,False,True,Test tube,non_plastic,glass,,Test tube,Test tube
c_11,136,c_11-136,MAYP1114611__135__00136.txt,continuous_spectra,test_tube,2025-07-10,6937207.559999999,2242903.4250000003,True,False,True,Test tube,non_plastic,glass,,Test tube,Test tube
c_11,137,c_11-137,MAYP1114611__136__00137.txt,continuous_spectra,test_tube,2025-07-10,13670053.0,2242903.4250000003,True,False,True,Test tube,non_plastic,glass,,Test tube,Test tube
c_11,138,c_11-138,MAYP1114611__137__00138.txt,continuous_spectra,test_tube,2025-07-10,5652361.0,2242903.4250000003,True,False,True,Test tube,non_plastic,glass,,Test tube,Test tube
c_11,139,c_11-139,MAYP1114611__138__00139.txt,continuous_spectra,test_tube,2025-07-10,3138744.4400000004,2242903.4250000003,True,False,True,Test tube,non_plastic,glass,,Test tube,Test tube
c_11,140,c_11-140,MAYP1114611__139__00140.txt,continuous_spectra,test_tube,2025-07-10,2353092.0,2242903.4250000003,True,False,True,Test tube,non_plastic,glass,,Test tube,Test tube
c_11,143,c_11-143,MAYP1114611__142__00143.txt,continuous_spectra,test_tube,2025-07-10,2254676.0,2242903.4250000003,True,False,True,Test tube,non_plastic,glass,,Test tube,Test tube
c_11,144,c_11-144,MAYP1114611__143__00144.txt,continuous_spectra,test_tube,2025-07-10,4045843.440000002,2242903.4250000003,True,False,True,Test tube,non_plastic,glass,,Test tube,Test tube
c_11,145,c_11-145,MAYP1114611__144__00145.txt,continuous_spectra,test_tube,2025-07-10,8208000.440000001,2242903.4250000003,True,False,True,Test tube,non_plastic,glass,,Test tube,Test tube
c_11,146,c_11-146,MAYP1114611__145__00146.txt,continuous_spectra,test_tube,2025-07-10,7341453.0,2242903.4250000003,True,False,True,Test tube,non_plastic,glass,,Test tube,Test tube
c_11,147,c_11-147,MAYP1114611__146__00147.txt,continuous_spectra,test_tube,2025-07-10,9479116.0,2242903.4250000003,True,False,True,Test tube,non_plastic,glass,,Test tube,Test tube
c_11,148,c_11-148,MAYP1114611__147__00148.txt,continuous_spectra,test_tube,2025-07-10,10844588.0,2242903.4250000003,True,False,True,Test tube,non_plastic,glass,,Test tube,Test tube
c_11,149,c_11-149,MAYP1114611__148__00149.txt,continuous_spectra,test_tube,2025-07-10,8587549.559999999,2242903.4250000003,True,False,True,Test tube,non_plastic,glass,,Test tube,Test tube
c_11,150,c_11-150,MAYP1114611__149__00150.txt,continuous_spectra,test_tube,2025-07-10,3567251.0,2242903.4250000003,True,False,True,Test tube,non_plastic,glass,,Test tube,Test tube
c_11,152,c_11-152,MAYP1114611__151__00152.txt,continuous_spectra,test_tube,2025-07-10,2385005.44,2242903.4250000003,True,False,True,Test tube,non_plastic,glass,,Test tube,PE-HD (blue)
c_11,154,c_11-154,MAYP1114611__153__00154.txt,continuous_spectra,test_tube,2025-07-10,2722586.0,2242903.4250000003,True,False,True,Test tube,non_plastic,glass,,Test tube,Test tube
c_11,155,c_11-155,MAYP1114611__154__00155.txt,continuous_spectra,test_tube,2025-07-10,5065432.559999999,2242903.4250000003,True,False,True,Test tube,non_plastic,glass,,Test tube,Test tube
c_11,156,c_11-156,MAYP1114611__155__00156.txt,continuous_spectra,test_tube,2025-07-10,11147482.44,2242903.4250000003,True,False,True,Test tube,non_plastic,glass,,Test tube,Test tube
c_11,157,c_11-157,MAYP1114611__156__00157.txt,continuous_spectra,test_tube,2025-07-10,8756874.0,2242903.4250000003,True,False,True,Test tube,non_plastic,glass,,Test tube,Test tube
c_11,158,c_11-158,MAYP1114611__157__00158.txt,continuous_spectra,test_tube,2025-07-10,9072393.0,2242903.4250000003,True,False,True,Test tube,non_plastic,glass,,Test tube,Test tube
c_11,159,c_11-159,MAYP1114611__158__00159.txt,continuous_spectra,test_tube,2025-07-10,9921643.44,2242903.4250000003,True,False,True,Test tube,non_plastic,glass,,Test tube,Test tube
c_11,160,c_11-160,MAYP1114611__159__00160.txt,continuous_spectra,test_tube,2025-07-10,6723076.559999999,2242903.4250000003,True,False,True,Test tube,non_plastic,glass,,Test tube,Test tube
c_11,161,c_11-161,MAYP1114611__160__00161.txt,continuous_spectra,test_tube,2025-07-10,4627652.440000001,2242903.4250000003,True,False,True,Test tube,non_plastic,glass,,Test tube,Test tube
c_11,165,c_11-165,MAYP1114611__164__00165.txt,continuous_spectra,test_tube,2025-07-10,2438080.56,2242903.4250000003,True,False,True,Test tube,non_plastic,glass,,Test tube,Test tube
c_11,166,c_11-166,MAYP1114611__165__00166.txt,continuous_spectra,test_tube,2025-07-10,5288564.440000001,2242903.4250000003,True,False,True,Test tube,non_plastic,glass,,Test tube,Test tube
c_11,167,c_11-167,MAYP1114611__166__00167.txt,continuous_spectra,test_tube,2025-07-10,6201599.559999999,2242903.4250000003,True,False,True,Test tube,non_plastic,glass,,Test tube,Test tube
c_11,168,c_11-168,MAYP1114611__167__00168.txt,continuous_spectra,test_tube,2025-07-10,6111322.559999999,2242903.4250000003,True,False,True,Test tube,non_plastic,glass,,Test tube,Test tube
c_11,169,c_11-169,MAYP1114611__168__00169.txt,continuous_spectra,test_tube,2025-07-10,5919183.440000001,2242903.4250000003,True,False,True,Test tube,non_plastic,glass,,Test tube,Test tube
c_11,170,c_11-170,MAYP1114611__169__00170.txt,continuous_spectra,test_tube,2025-07-10,8091864.559999999,2242903.4250000003,True,False,True,Test tube,non_plastic,glass,,Test tube,Test tube
c_11,171,c_11-171,MAYP1114611__170__00171.txt,continuous_spectra,test_tube,2025-07-10,7036789.559999999,2242903.4250000003,True,False,True,Test tube,non_plastic,glass,,Test tube,Test tube
c_11,172,c_11-172,MAYP1114611__171__00172.txt,continuous_spectra,test_tube,2025-07-10,3660898.440000001,2242903.4250000003,True,False,True,Test tube,non_plastic,glass,,Test tube,Test tube
c_11,176,c_11-176,MAYP1114611__175__00176.txt,continuous_spectra,test_tube,2025-07-10,2644625.44,2242903.4250000003,True,False,True,Test tube,non_plastic,glass,,Test tube,Test tube
c_11,177,c_11-177,MAYP1114611__176__00177.txt,continuous_spectra,test_tube,2025-07-10,4902042.559999999,2242903.4250000003,True,False,True,Test tube,non_plastic,glass,,Test tube,Test tube
c_11,178,c_11-178,MAYP1114611__177__00178.txt,continuous_spectra,test_tube,2025-07-10,6489528.440000001,2242903.4250000003,True,False,True,Test tube,non_plastic,glass,,Test tube,Test tube
c_11,179,c_11-179,MAYP1114611__178__00179.txt,continuous_spectra,test_tube,2025-07-10,5275997.559999999,2242903.4250000003,True,False,True,Test tube,non_plastic,glass,,Test tube,Test tube
c_11,180,c_11-180,MAYP1114611__179__00180.txt,continuous_spectra,test_tube,2025-07-10,3978124.0,2242903.4250000003,True,False,True,Test tube,non_plastic,glass,,Test tube,Test tube
c_11,181,c_11-181,MAYP1114611__180__00181.txt,continuous_spectra,test_tube,2025-07-10,5538536.440000001,2242903.4250000003,True,False,True,Test tube,non_plastic,glass,,Test tube,Test tube
c_11,182,c_11-182,MAYP1114611__181__00182.txt,continuous_spectra,test_tube,2025-07-10,6619192.559999999,2242903.4250000003,True,False,True,Test tube,non_plastic,glass,,Test tube,Test tube
c_11,183,c_11-183,MAYP1114611__182__00183.txt,continuous_spectra,test_tube,2025-07-10,2551254.0,2242903.4250000003,True,False,True,Test tube,non_plastic,glass,,Test tube,Test tube
c_11,214,c_11-214,MAYP1114611__213__00214.txt,continuous_spectra,test_tube,2025-07-10,2422999.44,2242903.4250000003,True,False,True,Test tube,non_plastic,glass,,Test tube,Test tube
c_11,215,c_11-215,MAYP1114611__214__00215.txt,continuous_spectra,test_tube,2025-07-10,2720076.0,2242903.4250000003,True,False,True,Test tube,non_plastic,glass,,Test tube,Test tube
c_11,216,c_11-216,MAYP1114611__215__00216.txt,continuous_spectra,test_tube,2025-07-10,5364196.0,2242903.4250000003,True,False,True,Test tube,non_plastic,glass,,Test tube,Test tube
c_11,217,c_11-217,MAYP1114611__216__00217.txt,continuous_spectra,test_tube,2025-07-10,6854753.0,2242903.4250000003,True,False,True,Test tube,non_plastic,glass,,Test tube,Test tube
c_11,218,c_11-218,MAYP1114611__217__00218.txt,continuous_spectra,test_tube,2025-07-10,6301713.559999999,2242903.4250000003,True,False,True,Test tube,non_plastic,glass,,Test tube,Test tube
c_11,219,c_11-219,MAYP1114611__218__00219.txt,continuous_spectra,test_tube,2025-07-10,7430600.0,2242903.4250000003,True,False,True,Test tube,non_plastic,glass,,Test tube,Test tube
c_11,220,c_11-220,MAYP1114611__219__00220.txt,continuous_spectra,test_tube,2025-07-10,4265768.559999999,2242903.4250000003,True,False,True,Test tube,non_plastic,glass,,Test tube,Test tube
c_11,221,c_11-221,MAYP1114611__220__00221.txt,continuous_spectra,test_tube,2025-07-10,3372459.5599999996,2242903.4250000003,True,False,True,Test tube,non_plastic,glass,,Test tube,Test tube
c_11,222,c_11-222,MAYP1114611__221__00222.txt,continuous_spectra,test_tube,2025-07-10,2383992.44,2242903.4250000003,True,False,True,Test tube,non_plastic,glass,,Test tube,Test tube
c_11,225,c_11-225,MAYP1114611__224__00225.txt,continuous_spectra,test_tube,2025-07-10,2637424.0,2242903.4250000003,True,False,True,Test tube,non_plastic,glass,,Test tube,Test tube
c_11,226,c_11-226,MAYP1114611__225__00226.txt,continuous_spectra,test_tube,2025-07-10,4830883.559999999,2242903.4250000003,True,False,True,Test tube,non_plastic,glass,,Test tube,Test tube
c_11,227,c_11-227,MAYP1114611__226__00227.txt,continuous_spectra,test_tube,2025-07-10,9952560.56,2242903.4250000003,True,False,True,Test tube,non_plastic,glass,,Test tube,Test tube
c_11,228,c_11-228,MAYP1114611__227__00228.txt,continuous_spectra,test_tube,2025-07-10,9185789.44,2242903.4250000003,True,False,True,Test tube,non_plastic,glass,,Test tube,Test tube
c_11,229,c_11-229,MAYP1114611__228__00229.txt,continuous_spectra,test_tube,2025-07-10,10705295.0,2242903.4250000003,True,False,True,Test tube,non_plastic,glass,,Test tube,Test tube
c_11,230,c_11-230,MAYP1114611__229__00230.txt,continuous_spectra,test_tube,2025-07-10,10261395.56,2242903.4250000003,True,False,True,Test tube,non_plastic,glass,,Test tube,Test tube
c_11,231,c_11-231,MAYP1114611__230__00231.txt,continuous_spectra,test_tube,2025-07-10,9579865.0,2242903.4250000003,True,False,True,Test tube,non_plastic,glass,,Test tube,Test tube
c_11,232,c_11-232,MAYP1114611__231__00232.txt,continuous_spectra,test_tube,2025-07-10,9081100.0,2242903.4250000003,True,False,True,Test tube,non_plastic,glass,,Test tube,Test tube
c_11,233,c_11-233,MAYP1114611__232__00233.txt,continuous_spectra,test_tube,2025-07-10,2678016.0,2242903.4250000003,True,False,True,Test tube,non_plastic,glass,,Test tube,Test tube
c_11,236,c_11-236,MAYP1114611__235__00236.txt,continuous_spectra,test_tube,2025-07-10,2718415.4400000004,2242903.4250000003,True,False,True,Test tube,non_plastic,glass,,Test tube,Test tube
c_11,237,c_11-237,MAYP1114611__236__00237.txt,continuous_spectra,test_tube,2025-07-10,8577318.559999999,2242903.4250000003,True,False,True,Test tube,non_plastic,glass,,Test tube,Test tube
c_11,238,c_11-238,MAYP1114611__237__00238.txt,continuous_spectra,test_tube,2025-07-10,9814422.56,2242903.4250000003,True,False,True,Test tube,non_plastic,glass,,Test tube,Test tube
c_11,239,c_11-239,MAYP1114611__238__00239.txt,continuous_spectra,test_tube,2025-07-10,10475039.0,2242903.4250000003,True,False,True,Test tube,non_plastic,glass,,Test tube,Test tube
c_11,240,c_11-240,MAYP1114611__239__00240.txt,continuous_spectra,test_tube,2025-07-10,12813566.44,2242903.4250000003,True,False,True,Test tube,non_plastic,glass,,Test tube,Test tube
c_11,241,c_11-241,MAYP1114611__240__00241.txt,continuous_spectra,test_tube,2025-07-10,10112632.0,2242903.4250000003,True,False,True,Test tube,non_plastic,glass,,Test tube,Test tube
c_11,242,c_11-242,MAYP1114611__241__00242.txt,continuous_spectra,test_tube,2025-07-10,8953849.0,2242903.4250000003,True,False,True,Test tube,non_plastic,glass,,Test tube,Test tube
c_11,243,c_11-243,MAYP1114611__242__00243.txt,continuous_spectra,test_tube,2025-07-10,6217778.440000001,2242903.4250000003,True,False,True,Test tube,non_plastic,glass,,Test tube,Test tube
c_11,244,c_11-244,MAYP1114611__243__00244.txt,continuous_spectra,test_tube,2025-07-10,3090654.5599999996,2242903.4250000003,True,False,True,Test tube,non_plastic,glass,,Test tube,Test tube
c_11,247,c_11-247,MAYP1114611__246__00247.txt,continuous_spectra,test_tube,2025-07-10,7129444.0,2242903.4250000003,True,False,True,Test tube,non_plastic,glass,,Test tube,Test tube
c_11,248,c_11-248,MAYP1114611__247__00248.txt,continuous_spectra,test_tube,2025-07-10,11146976.0,2242903.4250000003,True,False,True,Test tube,non_plastic,glass,,Test tube,Test tube
c_11,249,c_11-249,MAYP1114611__248__00249.txt,continuous_spectra,test_tube,2025-07-10,10580087.0,2242903.4250000003,True,False,True,Test tube,non_plastic,glass,,Test tube,Test tube
c_11,250,c_11-250,MAYP1114611__249__00250.txt,continuous_spectra,test_tube,2025-07-10,8970229.0,2242903.4250000003,True,False,True,Test tube,non_plastic,glass,,Test tube,Test tube
c_11,251,c_11-251,MAYP1114611__250__00251.txt,continuous_spectra,test_tube,2025-07-10,8463546.0,2242903.4250000003,True,False,True,Test tube,non_plastic,glass,,Test tube,Test tube
c_11,252,c_11-252,MAYP1114611__251__00252.txt,continuous_spectra,test_tube,2025-07-10,9313939.0,2242903.4250000003,True,False,True,Test tube,non_plastic,glass,,Test tube,Test tube
c_11,253,c_11-253,MAYP1114611__252__00253.txt,continuous_spectra,test_tube,2025-07-10,6986862.440000001,2242903.4250000003,True,False,True,Test tube,non_plastic,glass,,Test tube,Test tube
c_11,254,c_11-254,MAYP1114611__253__00254.txt,continuous_spectra,test_tube,2025-07-10,3794208.559999999,2242903.4250000003,True,False,True,Test tube,non_plastic,glass,,Test tube,Test tube
c_11,257,c_11-257,MAYP1114611__256__00257.txt,continuous_spectra,test_tube,2025-07-10,2351476.56,2242903.4250000003,True,False,True,Test tube,non_plastic,glass,,Test tube,Test tube
c_11,258,c_11-258,MAYP1114611__257__00258.txt,continuous_spectra,test_tube,2025-07-10,3788929.0,2242903.4250000003,True,False,True,Test tube,non_plastic,glass,,Test tube,Test tube
c_11,259,c_11-259,MAYP1114611__258__00259.txt,continuous_spectra,test_tube,2025-07-10,9787235.56,2242903.4250000003,True,False,True,Test tube,non_plastic,glass,,Test tube,Test tube
c_11,260,c_11-260,MAYP1114611__259__00260.txt,continuous_spectra,test_tube,2025-07-10,11595896.0,2242903.4250000003,True,False,True,Test tube,non_plastic,glass,,Test tube,Test tube
c_11,261,c_11-261,MAYP1114611__260__00261.txt,continuous_spectra,test_tube,2025-07-10,8133257.0,2242903.4250000003,True,False,True,Test tube,non_plastic,glass,,Test tube,Test tube
c_11,262,c_11-262,MAYP1114611__261__00262.txt,continuous_spectra,test_tube,2025-07-10,10446979.0,2242903.4250000003,True,False,True,Test tube,non_plastic,glass,,Test tube,Test tube
c_11,263,c_11-263,MAYP1114611__262__00263.txt,continuous_spectra,test_tube,2025-07-10,8843905.440000001,2242903.4250000003,True,False,True,Test tube,non_plastic,glass,,Test tube,Test tube
c_11,264,c_11-264,MAYP1114611__263__00264.txt,continuous_spectra,test_tube,2025-07-10,8516357.559999999,2242903.4250000003,True,False,True,Test tube,non_plastic,glass,,Test tube,Test tube
c_11,265,c_11-265,MAYP1114611__264__00265.txt,continuous_spectra,test_tube,2025-07-10,5091812.0,2242903.4250000003,True,False,True,Test tube,non_plastic,glass,,Test tube,Test tube
c_11,269,c_11-269,MAYP1114611__268__00269.txt,continuous_spectra,test_tube,2025-07-10,5990873.559999999,2242903.4250000003,True,False,True,Test tube,non_plastic,glass,,Test tube,Test tube
c_11,270,c_11-270,MAYP1114611__269__00270.txt,continuous_spectra,test_tube,2025-07-10,8662625.559999999,2242903.4250000003,True,False,True,Test tube,non_plastic,glass,,Test tube,Test tube
c_11,271,c_11-271,MAYP1114611__270__00271.txt,continuous_spectra,test_tube,2025-07-10,11899025.0,2242903.4250000003,True,False,True,Test tube,non_plastic,glass,,Test tube,Test tube
c_11,272,c_11-272,MAYP1114611__271__00272.txt,continuous_spectra,test_tube,2025-07-10,13069265.0,2242903.4250000003,True,False,True,Test tube,non_plastic,glass,,Test tube,Test tube
c_11,273,c_11-273,MAYP1114611__272__00273.txt,continuous_spectra,test_tube,2025-07-10,10225761.56,2242903.4250000003,True,False,True,Test tube,non_plastic,glass,,Test tube,Test tube
c_11,274,c_11-274,MAYP1114611__273__00274.txt,continuous_spectra,test_tube,2025-07-10,9895726.44,2242903.4250000003,True,False,True,Test tube,non_plastic,glass,,Test tube,Test tube
c_11,275,c_11-275,MAYP1114611__274__00275.txt,continuous_spectra,test_tube,2025-07-10,5441369.0,2242903.4250000003,True,False,True,Test tube,non_plastic,glass,,Test tube,Test tube
c_11,276,c_11-276,MAYP1114611__275__00276.txt,continuous_spectra,test_tube,2025-07-10,2673907.56,2242903.4250000003,True,False,True,Test tube,non_plastic,glass,,Test tube,Test tube
c_12,28,c_12-028,MAYP1114611__27__00328.txt,continuous_spectra,pvc,2025-07-10,3733374.559999998,3418854.6,True,False,True,PVC,plastic,polymer,PVC,PVC,PVC
c_12,29,c_12-029,MAYP1114611__28__00329.txt,continuous_spectra,pvc,2025-07-10,7365066.0,3418854.6,True,False,True,PVC,plastic,polymer,PVC,PVC,PVC
c_12,30,c_12-030,MAYP1114611__29__00330.txt,continuous_spectra,pvc,2025-07-10,7902339.440000001,3418854.6,True,False,True,PVC,plastic,polymer,PVC,PVC,PVC
c_12,31,c_12-031,MAYP1114611__30__00331.txt,continuous_spectra,pvc,2025-07-10,9259365.44,3418854.6,True,False,True,PVC,plastic,polymer,PVC,PVC,PVC
c_12,32,c_12-032,MAYP1114611__31__00332.txt,continuous_spectra,pvc,2025-07-10,7274618.440000001,3418854.6,True,False,True,PVC,plastic,polymer,PVC,PVC,PVC
c_12,33,c_12-033,MAYP1114611__32__00333.txt,continuous_spectra,pvc,2025-07-10,9754065.0,3418854.6,True,False,True,PVC,plastic,polymer,PVC,PVC,PVC
c_12,34,c_12-034,MAYP1114611__33__00334.txt,continuous_spectra,pvc,2025-07-10,9631862.0,3418854.6,True,False,True,PVC,plastic,polymer,PVC,PVC,PVC
c_12,35,c_12-035,MAYP1114611__34__00335.txt,continuous_spectra,pvc,2025-07-10,6469316.559999999,3418854.6,True,False,True,PVC,plastic,polymer,PVC,PVC,PVC
c_12,36,c_12-036,MAYP1114611__35__00336.txt,continuous_spectra,pvc,2025-07-10,4190075.0,3418854.6,True,False,True,PVC,plastic,polymer,PVC,PVC,PVC
c_12,37,c_12-037,MAYP1114611__36__00337.txt,continuous_spectra,pvc,2025-07-10,3713504.440000002,3418854.6,True,False,True,PVC,plastic,polymer,PVC,PVC,PVC
c_12,42,c_12-042,MAYP1114611__41__00342.txt,continuous_spectra,pvc,2025-07-10,9047261.0,3418854.6,True,False,True,PVC,plastic,polymer,PVC,PVC,PVC
c_12,43,c_12-043,MAYP1114611__42__00343.txt,continuous_spectra,pvc,2025-07-10,11501725.0,3418854.6,True,False,True,PVC,plastic,polymer,PVC,PVC,PVC
c_12,44,c_12-044,MAYP1114611__43__00344.txt,continuous_spectra,pvc,2025-07-10,8318133.440000001,3418854.6,True,False,True,PVC,plastic,polymer,PVC,PVC,PVC
c_12,45,c_12-045,MAYP1114611__44__00345.txt,continuous_spectra,pvc,2025-07-10,9856990.0,3418854.6,True,False,True,PVC,plastic,polymer,PVC,PVC,PVC
c_12,46,c_12-046,MAYP1114611__45__00346.txt,continuous_spectra,pvc,2025-07-10,5690008.0,3418854.6,True,False,True,PVC,plastic,polymer,PVC,PVC,PVC
c_12,51,c_12-051,MAYP1114611__50__00351.txt,continuous_spectra,pvc,2025-07-10,3943631.559999999,3418854.6,True,False,True,PVC,plastic,polymer,PVC,PVC,PVC
c_12,52,c_12-052,MAYP1114611__51__00352.txt,continuous_spectra,pvc,2025-07-10,5532175.0,3418854.6,True,False,True,PVC,plastic,polymer,PVC,PVC,PVC
c_12,53,c_12-053,MAYP1114611__52__00353.txt,continuous_spectra,pvc,2025-07-10,7043969.440000001,3418854.6,True,False,True,PVC,plastic,polymer,PVC,PVC,PVC
c_12,54,c_12-054,MAYP1114611__53__00354.txt,continuous_spectra,pvc,2025-07-10,5161483.440000001,3418854.6,True,False,True,PVC,plastic,polymer,PVC,PVC,PVC
c_12,55,c_12-055,MAYP1114611__54__00355.txt,continuous_spectra,pvc,2025-07-10,7678484.440000001,3418854.6,True,False,True,PVC,plastic,polymer,PVC,PVC,PVC
c_12,56,c_12-056,MAYP1114611__55__00356.txt,continuous_spectra,pvc,2025-07-10,8551561.0,3418854.6,True,False,True,PVC,plastic,polymer,PVC,PVC,PVC
c_12,57,c_12-057,MAYP1114611__56__00357.txt,continuous_spectra,pvc,2025-07-10,9977041.44,3418854.6,True,False,True,PVC,plastic,polymer,PVC,PVC,PVC
c_12,58,c_12-058,MAYP1114611__57__00358.txt,continuous_spectra,pvc,2025-07-10,4588315.0,3418854.6,True,False,True,PVC,plastic,polymer,PVC,PVC,PVC
c_12,62,c_12-062,MAYP1114611__61__00362.txt,continuous_spectra,pvc,2025-07-10,3438729.4400000004,3418854.6,True,False,True,PVC,plastic,polymer,PVC,PVC,PVC
c_12,63,c_12-063,MAYP1114611__62__00363.txt,continuous_spectra,pvc,2025-07-10,6530617.440000001,3418854.6,True,False,True,PVC,plastic,polymer,PVC,PVC,PVC
c_12,64,c_12-064,MAYP1114611__63__00364.txt,continuous_spectra,pvc,2025-07-10,9909120.0,3418854.6,True,False,True,PVC,plastic,polymer,PVC,PVC,PVC
c_12,65,c_12-065,MAYP1114611__64__00365.txt,continuous_spectra,pvc,2025-07-10,9113425.44,3418854.6,True,False,True,PVC,plastic,polymer,PVC,PVC,PVC
c_12,66,c_12-066,MAYP1114611__65__00366.txt,continuous_spectra,pvc,2025-07-10,8929315.559999999,3418854.6,True,False,True,PVC,plastic,polymer,PVC,PVC,PVC
c_12,67,c_12-067,MAYP1114611__66__00367.txt,continuous_spectra,pvc,2025-07-10,7547656.440000001,3418854.6,True,False,True,PVC,plastic,polymer,PVC,PVC,PVC
c_12,68,c_12-068,MAYP1114611__67__00368.txt,continuous_spectra,pvc,2025-07-10,6968337.440000001,3418854.6,True,False,True,PVC,plastic,polymer,PVC,PVC,PVC
c_12,73,c_12-073,MAYP1114611__72__00373.txt,continuous_spectra,pvc,2025-07-10,4422812.0,3418854.6,True,False,True,PVC,plastic,polymer,PVC,PVC,PVC
c_12,74,c_12-074,MAYP1114611__73__00374.txt,continuous_spectra,pvc,2025-07-10,7731757.559999999,3418854.6,True,False,True,PVC,plastic,polymer,PVC,PVC,PVC
c_12,75,c_12-075,MAYP1114611__74__00375.txt,continuous_spectra,pvc,2025-07-10,7849664.559999999,3418854.6,True,False,True,PVC,plastic,polymer,PVC,PVC,PVC
c_12,76,c_12-076,MAYP1114611__75__00376.txt,continuous_spectra,pvc,2025-07-10,7315596.559999999,3418854.6,True,False,True,PVC,plastic,polymer,PVC,PVC,PVC
c_12,77,c_12-077,MAYP1114611__76__00377.txt,continuous_spectra,pvc,2025-07-10,8678607.559999999,3418854.6,True,False,True,PVC,plastic,polymer,PVC,PVC,PVC
c_12,78,c_12-078,MAYP1114611__77__00378.txt,continuous_spectra,pvc,2025-07-10,6845325.440000001,3418854.6,True,False,True,PVC,plastic,polymer,PVC,PVC,PVC
c_12,79,c_12-079,MAYP1114611__78__00379.txt,continuous_spectra,pvc,2025-07-10,4713930.559999999,3418854.6,True,False,True,PVC,plastic,polymer,PVC,PVC,PVC
c_12,80,c_12-080,MAYP1114611__79__00380.txt,continuous_spectra,pvc,2025-07-10,4006599.559999998,3418854.6,True,False,True,PVC,plastic,polymer,PVC,PVC,PVC
c_12,84,c_12-084,MAYP1114611__83__00384.txt,continuous_spectra,pvc,2025-07-10,4010615.0,3418854.6,True,False,True,PVC,plastic,polymer,PVC,PVC,PVC
c_12,85,c_12-085,MAYP1114611__84__00385.txt,continuous_spectra,pvc,2025-07-10,5363858.0,3418854.6,True,False,True,PVC,plastic,polymer,PVC,PVC,PVC
c_12,86,c_12-086,MAYP1114611__85__00386.txt,continuous_spectra,pvc,2025-07-10,6772412.440000001,3418854.6,True,False,True,PVC,plastic,polymer,PVC,PVC,PVC
c_12,87,c_12-087,MAYP1114611__86__00387.txt,continuous_spectra,pvc,2025-07-10,11359462.44,3418854.6,True,False,True,PVC,plastic,polymer,PVC,PVC,PVC
c_12,88,c_12-088,MAYP1114611__87__00388.txt,continuous_spectra,pvc,2025-07-10,7570004.559999999,3418854.6,True,False,True,PVC,plastic,polymer,PVC,PVC,PVC
c_12,89,c_12-089,MAYP1114611__88__00389.txt,continuous_spectra,pvc,2025-07-10,6102443.559999999,3418854.6,True,False,True,PVC,plastic,polymer,PVC,PVC,PVC
c_12,90,c_12-090,MAYP1114611__89__00390.txt,continuous_spectra,pvc,2025-07-10,6167024.440000001,3418854.6,True,False,True,PVC,plastic,polymer,PVC,PVC,PVC
c_12,91,c_12-091,MAYP1114611__90__00391.txt,continuous_spectra,pvc,2025-07-10,3873138.0,3418854.6,True,False,True,PVC,plastic,polymer,PVC,PVC,PVC
c_12,122,c_12-122,MAYP1114611__121__00422.txt,continuous_spectra,pvc,2025-07-10,7188353.440000001,3418854.6,True,False,True,PVC,plastic,polymer,PVC,PVC,PVC
c_12,123,c_12-123,MAYP1114611__122__00423.txt,continuous_spectra,pvc,2025-07-10,8617380.440000001,3418854.6,True,False,True,PVC,plastic,polymer,PVC,PVC,PVC
c_12,124,c_12-124,MAYP1114611__123__00424.txt,continuous_spectra,pvc,2025-07-10,6601953.559999999,3418854.6,True,False,True,PVC,plastic,polymer,PVC,PVC,PVC
c_12,125,c_12-125,MAYP1114611__124__00425.txt,continuous_spectra,pvc,2025-07-10,13008488.0,3418854.6,True,False,True,PVC,plastic,polymer,PVC,PVC,PVC
c_12,126,c_12-126,MAYP1114611__125__00426.txt,continuous_spectra,pvc,2025-07-10,7780150.440000001,3418854.6,True,False,True,PVC,plastic,polymer,PVC,PVC,PVC
c_12,127,c_12-127,MAYP1114611__126__00427.txt,continuous_spectra,pvc,2025-07-10,6740160.0,3418854.6,True,False,True,PVC,plastic,polymer,PVC,PVC,PVC
c_12,128,c_12-128,MAYP1114611__127__00428.txt,continuous_spectra,pvc,2025-07-10,6196764.559999999,3418854.6,True,False,True,PVC,plastic,polymer,PVC,PVC,PVC
c_12,129,c_12-129,MAYP1114611__128__00429.txt,continuous_spectra,pvc,2025-07-10,4806653.559999999,3418854.6,True,False,True,PVC,plastic,polymer,PVC,PVC,PVC
c_12,133,c_12-133,MAYP1114611__132__00433.txt,continuous_spectra,pvc,2025-07-10,4557529.440000001,3418854.6,True,False,True,PVC,plastic,polymer,PVC,PVC,PVC
c_12,134,c_12-134,MAYP1114611__133__00434.txt,continuous_spectra,pvc,2025-07-10,6286762.440000001,3418854.6,True,False,True,PVC,plastic,polymer,PVC,PVC,PVC
c_12,135,c_12-135,MAYP1114611__134__00435.txt,continuous_spectra,pvc,2025-07-10,8958849.0,3418854.6,True,False,True,PVC,plastic,polymer,PVC,PVC,PVC
c_12,136,c_12-136,MAYP1114611__135__00436.txt,continuous_spectra,pvc,2025-07-10,8509528.440000001,3418854.6,True,False,True,PVC,plastic,polymer,PVC,PVC,PVC
c_12,137,c_12-137,MAYP1114611__136__00437.txt,continuous_spectra,pvc,2025-07-10,12104160.56,3418854.6,True,False,True,PVC,plastic,polymer,PVC,PVC,PVC
c_12,138,c_12-138,MAYP1114611__137__00438.txt,continuous_spectra,pvc,2025-07-10,9325931.56,3418854.6,True,False,True,PVC,plastic,polymer,PVC,PVC,PVC
c_12,139,c_12-139,MAYP1114611__138__00439.txt,continuous_spectra,pvc,2025-07-10,6450079.440000001,3418854.6,True,False,True,PVC,plastic,polymer,PVC,PVC,PVC
c_12,140,c_12-140,MAYP1114611__139__00440.txt,continuous_spectra,pvc,2025-07-10,5335312.559999999,3418854.6,True,False,True,PVC,plastic,polymer,PVC,PVC,PVC
c_12,144,c_12-144,MAYP1114611__143__00444.txt,continuous_spectra,pvc,2025-07-10,4799499.0,3418854.6,True,False,True,PVC,plastic,polymer,PVC,PVC,PVC
c_12,145,c_12-145,MAYP1114611__144__00445.txt,continuous_spectra,pvc,2025-07-10,7057215.559999999,3418854.6,True,False,True,PVC,plastic,polymer,PVC,PVC,PVC
c_12,146,c_12-146,MAYP1114611__145__00446.txt,continuous_spectra,pvc,2025-07-10,7341593.0,3418854.6,True,False,True,PVC,plastic,polymer,PVC,PVC,PVC
c_12,147,c_12-147,MAYP1114611__146__00447.txt,continuous_spectra,pvc,2025-07-10,8695332.0,3418854.6,True,False,True,PVC,plastic,polymer,PVC,PVC,PVC
c_12,148,c_12-148,MAYP1114611__147__00448.txt,continuous_spectra,pvc,2025-07-10,10320398.44,3418854.6,True,False,True,PVC,plastic,polymer,PVC,PVC,PVC
c_12,149,c_12-149,MAYP1114611__148__00449.txt,continuous_spectra,pvc,2025-07-10,7033777.559999999,3418854.6,True,False,True,PVC,plastic,polymer,PVC,PVC,PVC
c_12,150,c_12-150,MAYP1114611__149__00450.txt,continuous_spectra,pvc,2025-07-10,5932351.0,3418854.6,True,False,True,PVC,plastic,polymer,PVC,PVC,PVC
c_12,152,c_12-152,MAYP1114611__151__00452.txt,continuous_spectra,pvc,2025-07-10,3781438.440000002,3418854.6,True,False,True,PVC,plastic,polymer,PVC,PVC,PVC
c_12,154,c_12-154,MAYP1114611__153__00454.txt,continuous_spectra,pvc,2025-07-10,4703983.0,3418854.6,True,False,True,PVC,plastic,polymer,PVC,PVC,PVC
c_12,155,c_12-155,MAYP1114611__154__00455.txt,continuous_spectra,pvc,2025-07-10,9227841.0,3418854.6,True,False,True,PVC,plastic,polymer,PVC,PVC,PVC
c_12,156,c_12-156,MAYP1114611__155__00456.txt,continuous_spectra,pvc,2025-07-10,7704690.0,3418854.6,True,False,True,PVC,plastic,polymer,PVC,PVC,PVC
c_12,157,c_12-157,MAYP1114611__156__00457.txt,continuous_spectra,pvc,2025-07-10,6286796.440000001,3418854.6,True,False,True,PVC,plastic,polymer,PVC,PVC,PVC
c_12,158,c_12-158,MAYP1114611__157__00458.txt,continuous_spectra,pvc,2025-07-10,6765303.440000001,3418854.6,True,False,True,PVC,plastic,polymer,PVC,PVC,PVC
c_12,159,c_12-159,MAYP1114611__158__00459.txt,continuous_spectra,pvc,2025-07-10,6142542.0,3418854.6,True,False,True,PVC,plastic,polymer,PVC,PVC,PVC
c_12,160,c_12-160,MAYP1114611__159__00460.txt,continuous_spectra,pvc,2025-07-10,10361684.0,3418854.6,True,False,True,PVC,plastic,polymer,PVC,PVC,PVC
c_12,161,c_12-161,MAYP1114611__160__00461.txt,continuous_spectra,pvc,2025-07-10,9242990.56,3418854.6,True,False,True,PVC,plastic,polymer,PVC,PVC,PVC
c_12,162,c_12-162,MAYP1114611__161__00462.txt,continuous_spectra,pvc,2025-07-10,3813950.0,3418854.6,True,False,True,PVC,plastic,polymer,PVC,PVC,PVC
c_12,165,c_12-165,MAYP1114611__164__00465.txt,continuous_spectra,pvc,2025-07-10,6662326.0,3418854.6,True,False,True,PVC,plastic,polymer,PVC,PVC,PVC
c_12,166,c_12-166,MAYP1114611__165__00466.txt,continuous_spectra,pvc,2025-07-10,7875983.559999999,3418854.6,True,False,True,PVC,plastic,polymer,PVC,PVC,PVC
c_12,167,c_12-167,MAYP1114611__166__00467.txt,continuous_spectra,pvc,2025-07-10,8834477.440000001,3418854.6,True,False,True,PVC,plastic,polymer,PVC,PVC,PVC
c_12,168,c_12-168,MAYP1114611__167__00468.txt,continuous_spectra,pvc,2025-07-10,9025449.44,3418854.6,True,False,True,PVC,plastic,polymer,PVC,PVC,PVC
c_12,169,c_12-169,MAYP1114611__168__00469.txt,continuous_spectra,pvc,2025-07-10,7043940.0,3418854.6,True,False,True,PVC,plastic,polymer,PVC,PVC,PVC
c_12,170,c_12-170,MAYP1114611__169__00470.txt,continuous_spectra,pvc,2025-07-10,7195539.440000001,3418854.6,True,False,True,PVC,plastic,polymer,PVC,PVC,PVC
c_12,171,c_12-171,MAYP1114611__170__00471.txt,continuous_spectra,pvc,2025-07-10,9259606.44,3418854.6,True,False,True,PVC,plastic,polymer,PVC,PVC,PVC
c_12,172,c_12-172,MAYP1114611__171__00472.txt,continuous_spectra,pvc,2025-07-10,9082128.56,3418854.6,True,False,True,PVC,plastic,polymer,PVC,PVC,PVC
c_12,173,c_12-173,MAYP1114611__172__00473.txt,continuous_spectra,pvc,2025-07-10,8151194.440000001,3418854.6,True,False,True,PVC,plastic,polymer,PVC,PVC,PVC
c_12,174,c_12-174,MAYP1114611__173__00474.txt,continuous_spectra,pvc,2025-07-10,3952517.0,3418854.6,True,False,True,PVC,plastic,polymer,PVC,PVC,PVC
c_12,178,c_12-178,MAYP1114611__177__00478.txt,continuous_spectra,pvc,2025-07-10,8573257.0,3418854.6,True,False,True,PVC,plastic,polymer,PVC,PVC,PVC
c_12,179,c_12-179,MAYP1114611__178__00479.txt,continuous_spectra,pvc,2025-07-10,8380134.0,3418854.6,True,False,True,PVC,plastic,polymer,PVC,PVC,PVC
c_12,180,c_12-180,MAYP1114611__179__00480.txt,continuous_spectra,pvc,2025-07-10,7466731.0,3418854.6,True,False,True,PVC,plastic,polymer,PVC,PVC,PVC
c_12,181,c_12-181,MAYP1114611__180__00481.txt,continuous_spectra,pvc,2025-07-10,7117954.559999999,3418854.6,True,False,True,PVC,plastic,polymer,PVC,PVC,PVC
c_12,182,c_12-182,MAYP1114611__181__00482.txt,continuous_spectra,pvc,2025-07-10,7713380.0,3418854.6,True,False,True,PVC,plastic,polymer,PVC,PVC,PVC
c_12,183,c_12-183,MAYP1114611__182__00483.txt,continuous_spectra,pvc,2025-07-10,8495075.0,3418854.6,True,False,True,PVC,plastic,polymer,PVC,PVC,PVC
c_12,214,c_12-214,MAYP1114611__213__00514.txt,continuous_spectra,pvc,2025-07-10,3535322.0,3418854.6,True,False,True,PVC,plastic,polymer,PVC,PVC,PVC
c_12,215,c_12-215,MAYP1114611__214__00515.txt,continuous_spectra,pvc,2025-07-10,6966714.440000001,3418854.6,True,False,True,PVC,plastic,polymer,PVC,PVC,PVC
c_12,216,c_12-216,MAYP1114611__215__00516.txt,continuous_spectra,pvc,2025-07-10,7876010.440000001,3418854.6,True,False,True,PVC,plastic,polymer,PVC,PVC,PVC
c_12,217,c_12-217,MAYP1114611__216__00517.txt,continuous_spectra,pvc,2025-07-10,7912661.559999999,3418854.6,True,False,True,PVC,plastic,polymer,PVC,PVC,PVC
c_12,218,c_12-218,MAYP1114611__217__00518.txt,continuous_spectra,pvc,2025-07-10,5294896.440000001,3418854.6,True,False,True,PVC,plastic,polymer,PVC,PVC,PVC
c_12,219,c_12-219,MAYP1114611__218__00519.txt,continuous_spectra,pvc,2025-07-10,5747705.440000001,3418854.6,True,False,True,PVC,plastic,polymer,PVC,PVC,PVC
c_12,220,c_12-220,MAYP1114611__219__00520.txt,continuous_spectra,pvc,2025-07-10,4906151.440000001,3418854.6,True,False,True,PVC,plastic,polymer,PVC,PVC,PVC
c_12,221,c_12-221,MAYP1114611__220__00521.txt,continuous_spectra,pvc,2025-07-10,5152452.440000001,3418854.6,True,False,True,PVC,plastic,polymer,PVC,PVC,PVC
c_12,222,c_12-222,MAYP1114611__221__00522.txt,continuous_spectra,pvc,2025-07-10,3904819.0,3418854.6,True,False,True,PVC,plastic,polymer,PVC,PVC,PVC
c_12,226,c_12-226,MAYP1114611__225__00526.txt,continuous_spectra,pvc,2025-07-10,4115950.559999998,3418854.6,True,False,True,PVC,plastic,polymer,PVC,PVC,PVC
c_12,227,c_12-227,MAYP1114611__226__00527.txt,continuous_spectra,pvc,2025-07-10,7631522.559999999,3418854.6,True,False,True,PVC,plastic,polymer,PVC,PVC,PVC
c_12,228,c_12-228,MAYP1114611__227__00528.txt,continuous_spectra,pvc,2025-07-10,8124885.559999999,3418854.6,True,False,True,PVC,plastic,polymer,PVC,PVC,PVC
c_12,229,c_12-229,MAYP1114611__228__00529.txt,continuous_spectra,pvc,2025-07-10,5788610.559999999,3418854.6,True,False,True,PVC,plastic,polymer,PVC,PVC,PVC
c_12,230,c_12-230,MAYP1114611__229__00530.txt,continuous_spectra,pvc,2025-07-10,4758751.0,3418854.6,True,False,True,PVC,plastic,polymer,PVC,PVC,PVC
c_12,231,c_12-231,MAYP1114611__230__00531.txt,continuous_spectra,pvc,2025-07-10,5323440.440000001,3418854.6,True,False,True,PVC,plastic,polymer,PVC,PVC,PVC
c_12,232,c_12-232,MAYP1114611__231__00532.txt,continuous_spectra,pvc,2025-07-10,4341817.440000001,3418854.6,True,False,True,PVC,plastic,polymer,PVC,PVC,PVC
c_12,234,c_12-234,MAYP1114611__233__00534.txt,continuous_spectra,pvc,2025-07-10,4143869.0,3418854.6,True,False,True,PVC,plastic,polymer,PVC,PVC,PVC
c_12,236,c_12-236,MAYP1114611__235__00536.txt,continuous_spectra,pvc,2025-07-10,3554547.5599999996,3418854.6,True,False,True,PVC,plastic,polymer,PVC,PVC,PVC
c_12,237,c_12-237,MAYP1114611__236__00537.txt,continuous_spectra,pvc,2025-07-10,7462931.559999999,3418854.6,True,False,True,PVC,plastic,polymer,PVC,PVC,PVC
c_12,238,c_12-238,MAYP1114611__237__00538.txt,continuous_spectra,pvc,2025-07-10,7669432.559999999,3418854.6,True,False,True,PVC,plastic,polymer,PVC,PVC,PVC
c_12,239,c_12-239,MAYP1114611__238__00539.txt,continuous_spectra,pvc,2025-07-10,6477901.440000001,3418854.6,True,False,True,PVC,plastic,polymer,PVC,PVC,PVC
c_12,240,c_12-240,MAYP1114611__239__00540.txt,continuous_spectra,pvc,2025-07-10,4114196.440000002,3418854.6,True,False,True,PVC,plastic,polymer,PVC,PVC,PVC
c_12,241,c_12-241,MAYP1114611__240__00541.txt,continuous_spectra,pvc,2025-07-10,4159137.559999998,3418854.6,True,False,True,PVC,plastic,polymer,PVC,PVC,PVC
c_12,242,c_12-242,MAYP1114611__241__00542.txt,continuous_spectra,pvc,2025-07-10,3943690.559999998,3418854.6,True,False,True,PVC,plastic,polymer,PVC,PVC,PVC
c_12,243,c_12-243,MAYP1114611__242__00543.txt,continuous_spectra,pvc,2025-07-10,8398145.559999999,3418854.6,True,False,True,PVC,plastic,polymer,PVC,PVC,PVC
c_12,244,c_12-244,MAYP1114611__243__00544.txt,continuous_spectra,pvc,2025-07-10,4237983.559999999,3418854.6,True,False,True,PVC,plastic,polymer,PVC,PVC,PVC
c_12,248,c_12-248,MAYP1114611__247__00548.txt,continuous_spectra,pvc,2025-07-10,5839939.440000001,3418854.6,True,False,True,PVC,plastic,polymer,PVC,PVC,PVC
c_12,249,c_12-249,MAYP1114611__248__00549.txt,continuous_spectra,pvc,2025-07-10,9777401.0,3418854.6,True,False,True,PVC,plastic,polymer,PVC,PVC,PVC
c_12,250,c_12-250,MAYP1114611__249__00550.txt,continuous_spectra,pvc,2025-07-10,5451117.559999999,3418854.6,True,False,True,PVC,plastic,polymer,PVC,PVC,PVC
c_12,251,c_12-251,MAYP1114611__250__00551.txt,continuous_spectra,pvc,2025-07-10,6346897.559999999,3418854.6,True,False,True,PVC,plastic,polymer,PVC,PVC,PVC
c_12,252,c_12-252,MAYP1114611__251__00552.txt,continuous_spectra,pvc,2025-07-10,4717715.0,3418854.6,True,False,True,PVC,plastic,polymer,PVC,PVC,PVC
c_12,253,c_12-253,MAYP1114611__252__00553.txt,continuous_spectra,pvc,2025-07-10,7730410.0,3418854.6,True,False,True,PVC,plastic,polymer,PVC,PVC,PVC
c_12,254,c_12-254,MAYP1114611__253__00554.txt,continuous_spectra,pvc,2025-07-10,6035118.440000001,3418854.6,True,False,True,PVC,plastic,polymer,PVC,PVC,PVC
c_12,259,c_12-259,MAYP1114611__258__00559.txt,continuous_spectra,pvc,2025-07-10,5098731.0,3418854.6,True,False,True,PVC,plastic,polymer,PVC,PVC,PVC
c_12,260,c_12-260,MAYP1114611__259__00560.txt,continuous_spectra,pvc,2025-07-10,8735554.559999999,3418854.6,True,False,True,PVC,plastic,polymer,PVC,PVC,PVC
c_12,261,c_12-261,MAYP1114611__260__00561.txt,continuous_spectra,pvc,2025-07-10,11790397.0,3418854.6,True,False,True,PVC,plastic,polymer,PVC,PVC,PVC
c_12,262,c_12-262,MAYP1114611__261__00562.txt,continuous_spectra,pvc,2025-07-10,5135651.0,3418854.6,True,False,True,PVC,plastic,polymer,PVC,PVC,PVC
c_12,263,c_12-263,MAYP1114611__262__00563.txt,continuous_spectra,pvc,2025-07-10,6880223.0,3418854.6,True,False,True,PVC,plastic,polymer,PVC,PVC,PVC
c_12,264,c_12-264,MAYP1114611__263__00564.txt,continuous_spectra,pvc,2025-07-10,8768872.440000001,3418854.6,True,False,True,PVC,plastic,polymer,PVC,PVC,PVC
c_12,265,c_12-265,MAYP1114611__264__00565.txt,continuous_spectra,pvc,2025-07-10,4979943.0,3418854.6,True,False,True,PVC,plastic,polymer,PVC,PVC,PVC
c_12,270,c_12-270,MAYP1114611__269__00570.txt,continuous_spectra,pvc,2025-07-10,7702853.0,3418854.6,True,False,True,PVC,plastic,polymer,PVC,PVC,PVC
c_12,271,c_12-271,MAYP1114611__270__00571.txt,continuous_spectra,pvc,2025-07-10,7895668.0,3418854.6,True,False,True,PVC,plastic,polymer,PVC,PVC,PVC
c_12,272,c_12-272,MAYP1114611__271__00572.txt,continuous_spectra,pvc,2025-07-10,5867253.0,3418854.6,True,False,True,PVC,plastic,polymer,PVC,PVC,PVC
c_12,273,c_12-273,MAYP1114611__272__00573.txt,continuous_spectra,pvc,2025-07-10,5883045.0,3418854.6,True,False,True,PVC,plastic,polymer,PVC,PVC,PVC
c_12,274,c_12-274,MAYP1114611__273__00574.txt,continuous_spectra,pvc,2025-07-10,4768590.0,3418854.6,True,False,True,PVC,plastic,polymer,PVC,PVC,PVC
c_12,275,c_12-275,MAYP1114611__274__00575.txt,continuous_spectra,pvc,2025-07-10,10244004.0,3418854.6,True,False,True,PVC,plastic,polymer,PVC,PVC,PVC
c_12,276,c_12-276,MAYP1114611__275__00576.txt,continuous_spectra,pvc,2025-07-10,5455244.559999999,3418854.6,True,False,True,PVC,plastic,polymer,PVC,PVC,PVC
c_13,28,c_13-028,MAYP1114611__27__00628.txt,continuous_spectra,pvc,2025-07-10,7709919.0,4006567.95,True,False,True,PVC,plastic,polymer,PVC,PVC,PVC
c_13,29,c_13-029,MAYP1114611__28__00629.txt,continuous_spectra,pvc,2025-07-10,5117402.440000001,4006567.95,True,False,True,PVC,plastic,polymer,PVC,PVC,PVC
c_13,30,c_13-030,MAYP1114611__29__00630.txt,continuous_spectra,pvc,2025-07-10,7076851.0,4006567.95,True,False,True,PVC,plastic,polymer,PVC,PVC,PVC
c_13,31,c_13-031,MAYP1114611__30__00631.txt,continuous_spectra,pvc,2025-07-10,7219081.559999999,4006567.95,True,False,True,PVC,plastic,polymer,PVC,PVC,PVC
c_13,32,c_13-032,MAYP1114611__31__00632.txt,continuous_spectra,pvc,2025-07-10,8980993.559999999,4006567.95,True,False,True,PVC,plastic,polymer,PVC,PVC,PVC
c_13,33,c_13-033,MAYP1114611__32__00633.txt,continuous_spectra,pvc,2025-07-10,8968815.559999999,4006567.95,True,False,True,PVC,plastic,polymer,PVC,PVC,PVC
c_13,34,c_13-034,MAYP1114611__33__00634.txt,continuous_spectra,pvc,2025-07-10,8002930.0,4006567.95,True,False,True,PVC,plastic,polymer,PVC,PVC,PVC
c_13,35,c_13-035,MAYP1114611__34__00635.txt,continuous_spectra,pvc,2025-07-10,5796070.0,4006567.95,True,False,True,PVC,plastic,polymer,PVC,PVC,PVC
c_13,36,c_13-036,MAYP1114611__35__00636.txt,continuous_spectra,pvc,2025-07-10,4187932.0,4006567.95,True,False,True,PVC,plastic,polymer,PVC,PVC,PVC
c_13,40,c_13-040,MAYP1114611__39__00640.txt,continuous_spectra,pvc,2025-07-10,5239231.440000001,4006567.95,True,False,True,PVC,plastic,polymer,PVC,PVC,PVC
c_13,41,c_13-041,MAYP1114611__40__00641.txt,continuous_spectra,pvc,2025-07-10,6571871.0,4006567.95,True,False,True,PVC,plastic,polymer,PVC,PVC,PVC
c_13,42,c_13-042,MAYP1114611__41__00642.txt,continuous_spectra,pvc,2025-07-10,9279191.44,4006567.95,True,False,True,PVC,plastic,polymer,PVC,PVC,PVC
c_13,43,c_13-043,MAYP1114611__42__00643.txt,continuous_spectra,pvc,2025-07-10,9085591.0,4006567.95,True,False,True,PVC,plastic,polymer,PVC,PVC,PVC
c_13,44,c_13-044,MAYP1114611__43__00644.txt,continuous_spectra,pvc,2025-07-10,8079999.0,4006567.95,True,False,True,PVC,plastic,polymer,PVC,PVC,PVC
c_13,45,c_13-045,MAYP1114611__44__00645.txt,continuous_spectra,pvc,2025-07-10,8021417.0,4006567.95,True,False,True,PVC,plastic,polymer,PVC,PVC,PVC
c_13,46,c_13-046,MAYP1114611__45__00646.txt,continuous_spectra,pvc,2025-07-10,6117948.559999999,4006567.95,True,False,True,PVC,plastic,polymer,PVC,PVC,PVC
c_13,50,c_13-050,MAYP1114611__49__00650.txt,continuous_spectra,pvc,2025-07-10,4642543.440000001,4006567.95,True,False,True,PVC,plastic,polymer,PVC,PVC,PVC
c_13,51,c_13-051,MAYP1114611__50__00651.txt,continuous_spectra,pvc,2025-07-10,8344334.440000001,4006567.95,True,False,True,PVC,plastic,polymer,PVC,PVC,PVC
c_13,52,c_13-052,MAYP1114611__51__00652.txt,continuous_spectra,pvc,2025-07-10,9907565.0,4006567.95,True,False,True,PVC,plastic,polymer,PVC,PVC,PVC
c_13,53,c_13-053,MAYP1114611__52__00653.txt,continuous_spectra,pvc,2025-07-10,8308879.0,4006567.95,True,False,True,PVC,plastic,polymer,PVC,PVC,PVC
c_13,54,c_13-054,MAYP1114611__53__00654.txt,continuous_spectra,pvc,2025-07-10,9499525.56,4006567.95,True,False,True,PVC,plastic,polymer,PVC,PVC,PVC
c_13,55,c_13-055,MAYP1114611__54__00655.txt,continuous_spectra,pvc,2025-07-10,8843767.440000001,4006567.95,True,False,True,PVC,plastic,polymer,PVC,PVC,PVC
c_13,56,c_13-056,MAYP1114611__55__00656.txt,continuous_spectra,pvc,2025-07-10,9593196.0,4006567.95,True,False,True,PVC,plastic,polymer,PVC,PVC,PVC
c_13,57,c_13-057,MAYP1114611__56__00657.txt,continuous_spectra,pvc,2025-07-10,6734367.0,4006567.95,True,False,True,PVC,plastic,polymer,PVC,PVC,PVC
c_13,62,c_13-062,MAYP1114611__61__00662.txt,continuous_spectra,pvc,2025-07-10,6199063.440000001,4006567.95,True,False,True,PVC,plastic,polymer,PVC,PVC,PVC
c_13,63,c_13-063,MAYP1114611__62__00663.txt,continuous_spectra,pvc,2025-07-10,7946622.559999999,4006567.95,True,False,True,PVC,plastic,polymer,PVC,PVC,PVC
c_13,64,c_13-064,MAYP1114611__63__00664.txt,continuous_spectra,pvc,2025-07-10,11268757.56,4006567.95,True,False,True,PVC,plastic,polymer,PVC,PVC,PVC
c_13,65,c_13-065,MAYP1114611__64__00665.txt,continuous_spectra,pvc,2025-07-10,10916578.44,4006567.95,True,False,True,PVC,plastic,polymer,PVC,PVC,PVC
c_13,66,c_13-066,MAYP1114611__65__00666.txt,continuous_spectra,pvc,2025-07-10,7266514.0,4006567.95,True,False,True,PVC,plastic,polymer,PVC,PVC,PVC
c_13,67,c_13-067,MAYP1114611__66__00667.txt,continuous_spectra,pvc,2025-07-10,6731794.0,4006567.95,True,False,True,PVC,plastic,polymer,PVC,PVC,PVC
c_13,68,c_13-068,MAYP1114611__67__00668.txt,continuous_spectra,pvc,2025-07-10,5062819.440000001,4006567.95,True,False,True,PVC,plastic,polymer,PVC,PVC,PVC
c_13,72,c_13-072,MAYP1114611__71__00672.txt,continuous_spectra,pvc,2025-07-10,6389931.559999999,4006567.95,True,False,True,PVC,plastic,polymer,PVC,PVC,PVC
c_13,73,c_13-073,MAYP1114611__72__00673.txt,continuous_spectra,pvc,2025-07-10,8249973.0,4006567.95,True,False,True,PVC,plastic,polymer,PVC,PVC,PVC
c_13,74,c_13-074,MAYP1114611__73__00674.txt,continuous_spectra,pvc,2025-07-10,9434983.0,4006567.95,True,False,True,PVC,plastic,polymer,PVC,PVC,PVC
c_13,75,c_13-075,MAYP1114611__74__00675.txt,continuous_spectra,pvc,2025-07-10,6704739.0,4006567.95,True,False,True,PVC,plastic,polymer,PVC,PVC,PVC
c_13,76,c_13-076,MAYP1114611__75__00676.txt,continuous_spectra,pvc,2025-07-10,5128586.440000001,4006567.95,True,False,True,PVC,plastic,polymer,PVC,PVC,PVC
c_13,77,c_13-077,MAYP1114611__76__00677.txt,continuous_spectra,pvc,2025-07-10,5789588.0,4006567.95,True,False,True,PVC,plastic,polymer,PVC,PVC,PVC
c_13,78,c_13-078,MAYP1114611__77__00678.txt,continuous_spectra,pvc,2025-07-10,5785261.440000001,4006567.95,True,False,True,PVC,plastic,polymer,PVC,PVC,PVC
c_13,79,c_13-079,MAYP1114611__78__00679.txt,continuous_spectra,pvc,2025-07-10,4838725.440000001,4006567.95,True,False,True,PVC,plastic,polymer,PVC,PVC,PVC
c_13,83,c_13-083,MAYP1114611__82__00683.txt,continuous_spectra,pvc,2025-07-10,4278094.0,4006567.95,True,False,True,PVC,plastic,polymer,PVC,PVC,PVC
c_13,84,c_13-084,MAYP1114611__83__00684.txt,continuous_spectra,pvc,2025-07-10,7308266.559999999,4006567.95,True,False,True,PVC,plastic,polymer,PVC,PVC,PVC
c_13,85,c_13-085,MAYP1114611__84__00685.txt,continuous_spectra,pvc,2025-07-10,4526583.0,4006567.95,True,False,True,PVC,plastic,polymer,PVC,PVC,PVC
c_13,86,c_13-086,MAYP1114611__85__00686.txt,continuous_spectra,pvc,2025-07-10,8821184.559999999,4006567.95,True,False,True,PVC,plastic,polymer,PVC,PVC,PVC
c_13,87,c_13-087,MAYP1114611__86__00687.txt,continuous_spectra,pvc,2025-07-10,5625008.559999999,4006567.95,True,False,True,PVC,plastic,polymer,PVC,PVC,PVC
c_13,88,c_13-088,MAYP1114611__87__00688.txt,continuous_spectra,pvc,2025-07-10,6038211.440000001,4006567.95,True,False,True,PVC,plastic,polymer,PVC,PVC,PVC
c_13,89,c_13-089,MAYP1114611__88__00689.txt,continuous_spectra,pvc,2025-07-10,7801305.559999999,4006567.95,True,False,True,PVC,plastic,polymer,PVC,PVC,PVC
c_13,90,c_13-090,MAYP1114611__89__00690.txt,continuous_spectra,pvc,2025-07-10,6083000.559999999,4006567.95,True,False,True,PVC,plastic,polymer,PVC,PVC,PVC
c_13,121,c_13-121,MAYP1114611__120__00721.txt,continuous_spectra,pvc,2025-07-10,7210538.0,4006567.95,True,False,True,PVC,plastic,polymer,PVC,PVC,PVC
c_13,122,c_13-122,MAYP1114611__121__00722.txt,continuous_spectra,pvc,2025-07-10,6274357.0,4006567.95,True,False,True,PVC,plastic,polymer,PVC,PVC,PVC
c_13,123,c_13-123,MAYP1114611__122__00723.txt,continuous_spectra,pvc,2025-07-10,5216682.0,4006567.95,True,False,True,PVC,plastic,polymer,PVC,PVC,PVC
c_13,124,c_13-124,MAYP1114611__123__00724.txt,continuous_spectra,pvc,2025-07-10,5203155.0,4006567.95,True,False,True,PVC,plastic,polymer,PVC,PVC,PVC
c_13,125,c_13-125,MAYP1114611__124__00725.txt,continuous_spectra,pvc,2025-07-10,6616177.559999999,4006567.95,True,False,True,PVC,plastic,polymer,PVC,PVC,PVC
c_13,126,c_13-126,MAYP1114611__125__00726.txt,continuous_spectra,pvc,2025-07-10,6039093.440000001,4006567.95,True,False,True,PVC,plastic,polymer,PVC,PVC,PVC
c_13,127,c_13-127,MAYP1114611__126__00727.txt,continuous_spectra,pvc,2025-07-10,6155493.440000001,4006567.95,True,False,True,PVC,plastic,polymer,PVC,PVC,PVC
c_13,128,c_13-128,MAYP1114611__127__00728.txt,continuous_spectra,pvc,2025-07-10,7477403.0,4006567.95,True,False,True,PVC,plastic,polymer,PVC,PVC,PVC
c_13,129,c_13-129,MAYP1114611__128__00729.txt,continuous_spectra,pvc,2025-07-10,6558396.440000001,4006567.95,True,False,True,PVC,plastic,polymer,PVC,PVC,PVC
c_13,132,c_13-132,MAYP1114611__131__00732.txt,continuous_spectra,pvc,2025-07-10,7196914.440000001,4006567.95,True,False,True,PVC,plastic,polymer,PVC,PVC,PVC
c_13,133,c_13-133,MAYP1114611__132__00733.txt,continuous_spectra,pvc,2025-07-10,8846451.0,4006567.95,True,False,True,PVC,plastic,polymer,PVC,PVC,PVC
c_13,134,c_13-134,MAYP1114611__133__00734.txt,continuous_spectra,pvc,2025-07-10,10554535.44,4006567.95,True,False,True,PVC,plastic,polymer,PVC,PVC,PVC
c_13,135,c_13-135,MAYP1114611__134__00735.txt,continuous_spectra,pvc,2025-07-10,6775768.559999999,4006567.95,True,False,True,PVC,plastic,polymer,PVC,PVC,PVC
c_13,136,c_13-136,MAYP1114611__135__00736.txt,continuous_spectra,pvc,2025-07-10,5620500.0,4006567.95,True,False,True,PVC,plastic,polymer,PVC,PVC,PVC
c_13,137,c_13-137,MAYP1114611__136__00737.txt,continuous_spectra,pvc,2025-07-10,6439259.559999999,4006567.95,True,False,True,PVC,plastic,polymer,PVC,PVC,PVC
c_13,138,c_13-138,MAYP1114611__137__00738.txt,continuous_spectra,pvc,2025-07-10,7457249.440000001,4006567.95,True,False,True,PVC,plastic,polymer,PVC,PVC,PVC
c_13,139,c_13-139,MAYP1114611__138__00739.txt,continuous_spectra,pvc,2025-07-10,6626298.0,4006567.95,True,False,True,PVC,plastic,polymer,PVC,PVC,PVC
c_13,143,c_13-143,MAYP1114611__142__00743.txt,continuous_spectra,pvc,2025-07-10,5582392.0,4006567.95,True,False,True,PVC,plastic,polymer,PVC,PVC,PVC
c_13,144,c_13-144,MAYP1114611__143__00744.txt,continuous_spectra,pvc,2025-07-10,11647837.56,4006567.95,True,False,True,PVC,plastic,polymer,PVC,PVC,PVC
c_13,145,c_13-145,MAYP1114611__144__00745.txt,continuous_spectra,pvc,2025-07-10,12976072.56,4006567.95,True,False,True,PVC,plastic,polymer,PVC,PVC,PVC
c_13,146,c_13-146,MAYP1114611__145__00746.txt,continuous_spectra,pvc,2025-07-10,11067240.0,4006567.95,True,False,True,PVC,plastic,polymer,PVC,PVC,PVC
c_13,147,c_13-147,MAYP1114611__146__00747.txt,continuous_spectra,pvc,2025-07-10,8918577.440000001,4006567.95,True,False,True,PVC,plastic,polymer,PVC,PVC,PVC
c_13,148,c_13-148,MAYP1114611__147__00748.txt,continuous_spectra,pvc,2025-07-10,9744332.44,4006567.95,True,False,True,PVC,plastic,polymer,PVC,PVC,PVC
c_13,149,c_13-149,MAYP1114611__148__00749.txt,continuous_spectra,pvc,2025-07-10,10036636.56,4006567.95,True,False,True,PVC,plastic,polymer,PVC,PVC,PVC
c_13,150,c_13-150,MAYP1114611__149__00750.txt,continuous_spectra,pvc,2025-07-10,6002022.0,4006567.95,True,False,True,PVC,plastic,polymer,PVC,PVC,PVC
c_13,153,c_13-153,MAYP1114611__152__00753.txt,continuous_spectra,pvc,2025-07-10,5002621.0,4006567.95,True,False,True,PVC,plastic,polymer,PVC,PVC,PVC
c_13,154,c_13-154,MAYP1114611__153__00754.txt,continuous_spectra,pvc,2025-07-10,8965225.559999999,4006567.95,True,False,True,PVC,plastic,polymer,PVC,PVC,PVC
c_13,155,c_13-155,MAYP1114611__154__00755.txt,continuous_spectra,pvc,2025-07-10,5306257.0,4006567.95,True,False,True,PVC,plastic,polymer,PVC,PVC,PVC
c_13,156,c_13-156,MAYP1114611__155__00756.txt,continuous_spectra,pvc,2025-07-10,6618044.440000001,4006567.95,True,False,True,PVC,plastic,polymer,PVC,PVC,PVC
c_13,157,c_13-157,MAYP1114611__156__00757.txt,continuous_spectra,pvc,2025-07-10,7611227.440000001,4006567.95,True,False,True,PVC,plastic,polymer,PVC,PVC,PVC
c_13,158,c_13-158,MAYP1114611__157__00758.txt,continuous_spectra,pvc,2025-07-10,8571167.440000001,4006567.95,True,False,True,PVC,plastic,polymer,PVC,PVC,PVC
c_13,159,c_13-159,MAYP1114611__158__00759.txt,continuous_spectra,pvc,2025-07-10,8979637.0,4006567.95,True,False,True,PVC,plastic,polymer,PVC,PVC,PVC
c_13,160,c_13-160,MAYP1114611__159__00760.txt,continuous_spectra,pvc,2025-07-10,6802723.0,4006567.95,True,False,True,PVC,plastic,polymer,PVC,PVC,PVC
c_13,161,c_13-161,MAYP1114611__160__00761.txt,continuous_spectra,pvc,2025-07-10,4961131.0,4006567.95,True,False,True,PVC,plastic,polymer,PVC,PVC,PVC
c_13,164,c_13-164,MAYP1114611__163__00764.txt,continuous_spectra,pvc,2025-07-10,4965585.559999999,4006567.95,True,False,True,PVC,plastic,polymer,PVC,PVC,PVC
c_13,165,c_13-165,MAYP1114611__164__00765.txt,continuous_spectra,pvc,2025-07-10,8517777.440000001,4006567.95,True,False,True,PVC,plastic,polymer,PVC,PVC,PVC
c_13,166,c_13-166,MAYP1114611__165__00766.txt,continuous_spectra,pvc,2025-07-10,9404580.44,4006567.95,True,False,True,PVC,plastic,polymer,PVC,PVC,PVC
c_13,167,c_13-167,MAYP1114611__166__00767.txt,continuous_spectra,pvc,2025-07-10,5318925.559999999,4006567.95,True,False,True,PVC,plastic,polymer,PVC,PVC,PVC
c_13,168,c_13-168,MAYP1114611__167__00768.txt,continuous_spectra,pvc,2025-07-10,5930953.440000001,4006567.95,True,False,True,PVC,plastic,polymer,PVC,PVC,PVC
c_13,169,c_13-169,MAYP1114611__168__00769.txt,continuous_spectra,pvc,2025-07-10,7613009.440000001,4006567.95,True,False,True,PVC,plastic,polymer,PVC,PVC,PVC
c_13,170,c_13-170,MAYP1114611__169__00770.txt,continuous_spectra,pvc,2025-07-10,10189686.0,4006567.95,True,False,True,PVC,plastic,polymer,PVC,PVC,PVC
c_13,171,c_13-171,MAYP1114611__170__00771.txt,continuous_spectra,pvc,2025-07-10,7036908.559999999,4006567.95,True,False,True,PVC,plastic,polymer,PVC,PVC,PVC
c_13,172,c_13-172,MAYP1114611__171__00772.txt,continuous_spectra,pvc,2025-07-10,7835299.559999999,4006567.95,True,False,True,PVC,plastic,polymer,PVC,PVC,PVC
c_13,173,c_13-173,MAYP1114611__172__00773.txt,continuous_spectra,pvc,2025-07-10,4640909.0,4006567.95,True,False,True,PVC,plastic,polymer,PVC,PVC,PVC
c_13,176,c_13-176,MAYP1114611__175__00776.txt,continuous_spectra,pvc,2025-07-10,7626715.440000001,4006567.95,True,False,True,PVC,plastic,polymer,PVC,PVC,PVC
c_13,177,c_13-177,MAYP1114611__176__00777.txt,continuous_spectra,pvc,2025-07-10,5857859.440000001,4006567.95,True,False,True,PVC,plastic,polymer,PVC,PVC,PVC
c_13,178,c_13-178,MAYP1114611__177__00778.txt,continuous_spectra,pvc,2025-07-10,5124497.440000001,4006567.95,True,False,True,PVC,plastic,polymer,PVC,PVC,PVC
c_13,179,c_13-179,MAYP1114611__178__00779.txt,continuous_spectra,pvc,2025-07-10,5566631.559999999,4006567.95,True,False,True,PVC,plastic,polymer,PVC,PVC,PVC
c_13,180,c_13-180,MAYP1114611__179__00780.txt,continuous_spectra,pvc,2025-07-10,6226715.0,4006567.95,True,False,True,PVC,plastic,polymer,PVC,PVC,PVC
c_13,181,c_13-181,MAYP1114611__180__00781.txt,continuous_spectra,pvc,2025-07-10,5858828.559999999,4006567.95,True,False,True,PVC,plastic,polymer,PVC,PVC,PVC
c_13,182,c_13-182,MAYP1114611__181__00782.txt,continuous_spectra,pvc,2025-07-10,4983642.559999999,4006567.95,True,False,True,PVC,plastic,polymer,PVC,PVC,PVC
c_13,214,c_13-214,MAYP1114611__213__00814.txt,continuous_spectra,pvc,2025-07-10,8370792.559999999,4006567.95,True,False,True,PVC,plastic,polymer,PVC,PVC,PVC
c_13,215,c_13-215,MAYP1114611__214__00815.txt,continuous_spectra,pvc,2025-07-10,5556434.0,4006567.95,True,False,True,PVC,plastic,polymer,PVC,PVC,PVC
c_13,216,c_13-216,MAYP1114611__215__00816.txt,continuous_spectra,pvc,2025-07-10,6551250.440000001,4006567.95,True,False,True,PVC,plastic,polymer,PVC,PVC,PVC
c_13,217,c_13-217,MAYP1114611__216__00817.txt,continuous_spectra,pvc,2025-07-10,5037764.440000001,4006567.95,True,False,True,PVC,plastic,polymer,PVC,PVC,PVC
c_13,218,c_13-218,MAYP1114611__217__00818.txt,continuous_spectra,pvc,2025-07-10,5809318.0,4006567.95,True,False,True,PVC,plastic,polymer,PVC,PVC,PVC
c_13,219,c_13-219,MAYP1114611__218__00819.txt,continuous_spectra,pvc,2025-07-10,7362853.0,4006567.95,True,False,True,PVC,plastic,polymer,PVC,PVC,PVC
c_13,220,c_13-220,MAYP1114611__219__00820.txt,continuous_spectra,pvc,2025-07-10,5153364.440000001,4006567.95,True,False,True,PVC,plastic,polymer,PVC,PVC,PVC
c_13,221,c_13-221,MAYP1114611__220__00821.txt,continuous_spectra,pvc,2025-07-10,4691724.0,4006567.95,True,False,True,PVC,plastic,polymer,PVC,PVC,PVC
c_13,225,c_13-225,MAYP1114611__224__00825.txt,continuous_spectra,pvc,2025-07-10,6152301.559999999,4006567.95,True,False,True,PVC,plastic,polymer,PVC,PVC,PVC
c_13,226,c_13-226,MAYP1114611__225__00826.txt,continuous_spectra,pvc,2025-07-10,6662344.559999999,4006567.95,True,False,True,PVC,plastic,polymer,PVC,PVC,PVC
c_13,227,c_13-227,MAYP1114611__226__00827.txt,continuous_spectra,pvc,2025-07-10,5289242.0,4006567.95,True,False,True,PVC,plastic,polymer,PVC,PVC,PVC
c_13,228,c_13-228,MAYP1114611__227__00828.txt,continuous_spectra,pvc,2025-07-10,4607842.559999999,4006567.95,True,False,True,PVC,plastic,polymer,PVC,PVC,PVC
c_13,229,c_13-229,MAYP1114611__228__00829.txt,continuous_spectra,pvc,2025-07-10,5300634.440000001,4006567.95,True,False,True,PVC,plastic,polymer,PVC,PVC,PVC
c_13,230,c_13-230,MAYP1114611__229__00830.txt,continuous_spectra,pvc,2025-07-10,4656896.559999999,4006567.95,True,False,True,PVC,plastic,polymer,PVC,PVC,PVC
c_13,231,c_13-231,MAYP1114611__230__00831.txt,continuous_spectra,pvc,2025-07-10,5343736.0,4006567.95,True,False,True,PVC,plastic,polymer,PVC,PVC,PVC
c_13,232,c_13-232,MAYP1114611__231__00832.txt,continuous_spectra,pvc,2025-07-10,4400584.559999999,4006567.95,True,False,True,PVC,plastic,polymer,PVC,PVC,PVC
c_13,235,c_13-235,MAYP1114611__234__00835.txt,continuous_spectra,pvc,2025-07-10,5368842.559999999,4006567.95,True,False,True,PVC,plastic,polymer,PVC,PVC,PVC
c_13,236,c_13-236,MAYP1114611__235__00836.txt,continuous_spectra,pvc,2025-07-10,6792537.0,4006567.95,True,False,True,PVC,plastic,polymer,PVC,PVC,PVC
c_13,237,c_13-237,MAYP1114611__236__00837.txt,continuous_spectra,pvc,2025-07-10,8096860.0,4006567.95,True,False,True,PVC,plastic,polymer,PVC,PVC,PVC
c_13,238,c_13-238,MAYP1114611__237__00838.txt,continuous_spectra,pvc,2025-07-10,4887309.440000001,4006567.95,True,False,True,PVC,plastic,polymer,PVC,PVC,PVC
c_13,239,c_13-239,MAYP1114611__238__00839.txt,continuous_spectra,pvc,2025-07-10,4145611.440000002,4006567.95,True,False,True,PVC,plastic,polymer,PVC,PVC,PVC
c_13,240,c_13-240,MAYP1114611__239__00840.txt,continuous_spectra,pvc,2025-07-10,6063445.559999999,4006567.95,True,False,True,PVC,plastic,polymer,PVC,PVC,PVC
c_13,241,c_13-241,MAYP1114611__240__00841.txt,continuous_spectra,pvc,2025-07-10,5640833.0,4006567.95,True,False,True,PVC,plastic,polymer,PVC,PVC,PVC
c_13,242,c_13-242,MAYP1114611__241__00842.txt,continuous_spectra,pvc,2025-07-10,4184964.0,4006567.95,True,False,True,PVC,plastic,polymer,PVC,PVC,PVC
c_13,247,c_13-247,MAYP1114611__246__00847.txt,continuous_spectra,pvc,2025-07-10,6523530.0,4006567.95,True,False,True,PVC,plastic,polymer,PVC,PVC,PVC
c_13,248,c_13-248,MAYP1114611__247__00848.txt,continuous_spectra,pvc,2025-07-10,7367332.559999999,4006567.95,True,False,True,PVC,plastic,polymer,PVC,PVC,PVC
c_13,249,c_13-249,MAYP1114611__248__00849.txt,continuous_spectra,pvc,2025-07-10,6901975.440000001,4006567.95,True,False,True,PVC,plastic,polymer,PVC,PVC,PVC
c_13,250,c_13-250,MAYP1114611__249__00850.txt,continuous_spectra,pvc,2025-07-10,6655159.0,4006567.95,True,False,True,PVC,plastic,polymer,PVC,PVC,PVC
c_13,251,c_13-251,MAYP1114611__250__00851.txt,continuous_spectra,pvc,2025-07-10,7646378.559999999,4006567.95,True,False,True,PVC,plastic,polymer,PVC,PVC,PVC
c_13,252,c_13-252,MAYP1114611__251__00852.txt,continuous_spectra,pvc,2025-07-10,7830597.440000001,4006567.95,True,False,True,PVC,plastic,polymer,PVC,PVC,PVC
c_13,253,c_13-253,MAYP1114611__252__00853.txt,continuous_spectra,pvc,2025-07-10,6724979.0,4006567.95,True,False,True,PVC,plastic,polymer,PVC,PVC,PVC
c_13,258,c_13-258,MAYP1114611__257__00858.txt,continuous_spectra,pvc,2025-07-10,8079220.559999999,4006567.95,True,False,True,PVC,plastic,polymer,PVC,PVC,PVC
c_13,259,c_13-259,MAYP1114611__258__00859.txt,continuous_spectra,pvc,2025-07-10,7939560.440000001,4006567.95,True,False,True,PVC,plastic,polymer,PVC,PVC,PVC
c_13,260,c_13-260,MAYP1114611__259__00860.txt,continuous_spectra,pvc,2025-07-10,7703866.0,4006567.95,True,False,True,PVC,plastic,polymer,PVC,PVC,PVC
c_13,261,c_13-261,MAYP1114611__260__00861.txt,continuous_spectra,pvc,2025-07-10,4384364.440000001,4006567.95,True,False,True,PVC,plastic,polymer,PVC,PVC,PVC
c_13,262,c_13-262,MAYP1114611__261__00862.txt,continuous_spectra,pvc,2025-07-10,4895490.440000001,4006567.95,True,False,True,PVC,plastic,polymer,PVC,PVC,PVC
c_13,263,c_13-263,MAYP1114611__262__00863.txt,continuous_spectra,pvc,2025-07-10,5906203.559999999,4006567.95,True,False,True,PVC,plastic,polymer,PVC,PVC,PVC
c_13,264,c_13-264,MAYP1114611__263__00864.txt,continuous_spectra,pvc,2025-07-10,6377427.0,4006567.95,True,False,True,PVC,plastic,polymer,PVC,PVC,PVC
c_13,268,c_13-268,MAYP1114611__267__00868.txt,continuous_spectra,pvc,2025-07-10,5599950.0,4006567.95,True,False,True,PVC,plastic,polymer,PVC,PVC,PVC
c_13,269,c_13-269,MAYP1114611__268__00869.txt,continuous_spectra,pvc,2025-07-10,6737952.559999999,4006567.95,True,False,True,PVC,plastic,polymer,PVC,PVC,PVC
c_13,270,c_13-270,MAYP1114611__269__00870.txt,continuous_spectra,pvc,2025-07-10,7994107.0,4006567.95,True,False,True,PVC,plastic,polymer,PVC,PVC,PVC
c_13,271,c_13-271,MAYP1114611__270__00871.txt,continuous_spectra,pvc,2025-07-10,9389806.44,4006567.95,True,False,True,PVC,plastic,polymer,PVC,PVC,PVC
c_13,272,c_13-272,MAYP1114611__271__00872.txt,continuous_spectra,pvc,2025-07-10,4034663.440000002,4006567.95,True,False,True,PVC,plastic,polymer,PVC,PVC,PVC
c_13,273,c_13-273,MAYP1114611__272__00873.txt,continuous_spectra,pvc,2025-07-10,6880334.559999999,4006567.95,True,False,True,PVC,plastic,polymer,PVC,PVC,PVC
c_13,274,c_13-274,MAYP1114611__273__00874.txt,continuous_spectra,pvc,2025-07-10,6153436.440000001,4006567.95,True,False,True,PVC,plastic,polymer,PVC,PVC,PVC
c_13,275,c_13-275,MAYP1114611__274__00875.txt,continuous_spectra,pvc,2025-07-10,5254083.440000001,4006567.95,True,False,True,PVC,plastic,polymer,PVC,PVC,PVC
c_14,28,c_14-028,MAYP1114611__27__00928.txt,continuous_spectra,ps,2025-07-10,5142624.0,3809085.819,True,False,True,PS,plastic,polymer,PS,PS,PS
c_14,29,c_14-029,MAYP1114611__28__00929.txt,continuous_spectra,ps,2025-07-10,8994432.0,3809085.819,True,False,True,PS,plastic,polymer,PS,PS,PS
c_14,30,c_14-030,MAYP1114611__29__00930.txt,continuous_spectra,ps,2025-07-10,9049996.56,3809085.819,True,False,True,PS,plastic,polymer,PS,PS,PS
c_14,31,c_14-031,MAYP1114611__30__00931.txt,continuous_spectra,ps,2025-07-10,10448051.56,3809085.819,True,False,True,PS,plastic,polymer,PS,PS,PS
c_14,32,c_14-032,MAYP1114611__31__00932.txt,continuous_spectra,ps,2025-07-10,11114586.56,3809085.819,True,False,True,PS,plastic,polymer,PS,PS,PS
c_14,33,c_14-033,MAYP1114611__32__00933.txt,continuous_spectra,ps,2025-07-10,12626966.44,3809085.819,True,False,True,PS,plastic,polymer,PS,PS,PS
c_14,34,c_14-034,MAYP1114611__33__00934.txt,continuous_spectra,ps,2025-07-10,9794759.56,3809085.819,True,False,True,PS,plastic,polymer,PS,PS,PS
c_14,35,c_14-035,MAYP1114611__34__00935.txt,continuous_spectra,ps,2025-07-10,8529366.440000001,3809085.819,True,False,True,PS,plastic,polymer,PS,PS,PS
c_14,36,c_14-036,MAYP1114611__35__00936.txt,continuous_spectra,ps,2025-07-10,7596407.559999999,3809085.819,True,False,True,PS,plastic,polymer,PS,PS,PS
c_14,37,c_14-037,MAYP1114611__36__00937.txt,continuous_spectra,ps,2025-07-10,10479412.44,3809085.819,True,False,True,PS,plastic,polymer,PS,PS,PS
c_14,41,c_14-041,MAYP1114611__40__00941.txt,continuous_spectra,ps,2025-07-10,9121971.56,3809085.819,True,False,True,PS,plastic,polymer,PS,PS,PS
c_14,42,c_14-042,MAYP1114611__41__00942.txt,continuous_spectra,ps,2025-07-10,9106427.0,3809085.819,True,False,True,PS,plastic,polymer,PS,PS,PS
c_14,43,c_14-043,MAYP1114611__42__00943.txt,continuous_spectra,ps,2025-07-10,10396408.44,3809085.819,True,False,True,PS,plastic,polymer,PS,PS,PS
c_14,44,c_14-044,MAYP1114611__43__00944.txt,continuous_spectra,ps,2025-07-10,10101720.56,3809085.819,True,False,True,PS,plastic,polymer,PS,PS,PS
c_14,45,c_14-045,MAYP1114611__44__00945.txt,continuous_spectra,ps,2025-07-10,10341920.56,3809085.819,True,False,True,PS,plastic,polymer,PS,PS,PS
c_14,46,c_14-046,MAYP1114611__45__00946.txt,continuous_spectra,ps,2025-07-10,9030225.56,3809085.819,True,False,True,PS,plastic,polymer,PS,PS,PS
c_14,47,c_14-047,MAYP1114611__46__00947.txt,continuous_spectra,ps,2025-07-10,5300334.559999999,3809085.819,True,False,True,PS,plastic,polymer,PS,PS,PS
c_14,51,c_14-051,MAYP1114611__50__00951.txt,continuous_spectra,ps,2025-07-10,6451736.559999999,3809085.819,True,False,True,PS,plastic,polymer,PS,PS,PS
c_14,52,c_14-052,MAYP1114611__51__00952.txt,continuous_spectra,ps,2025-07-10,12433693.0,3809085.819,True,False,True,PS,plastic,polymer,PS,PS,PS
c_14,53,c_14-053,MAYP1114611__52__00953.txt,continuous_spectra,ps,2025-07-10,9042309.0,3809085.819,True,False,True,PS,plastic,polymer,PS,PS,PS
c_14,54,c_14-054,MAYP1114611__53__00954.txt,continuous_spectra,ps,2025-07-10,9803572.56,3809085.819,True,False,True,PS,plastic,polymer,PS,PS,PS
c_14,55,c_14-055,MAYP1114611__54__00955.txt,continuous_spectra,ps,2025-07-10,7095137.0,3809085.819,True,False,True,PS,plastic,polymer,PS,PS,PS
c_14,56,c_14-056,MAYP1114611__55__00956.txt,continuous_spectra,ps,2025-07-10,8546865.440000001,3809085.819,True,False,True,PS,plastic,polymer,PS,PS,PS
c_14,57,c_14-057,MAYP1114611__56__00957.txt,continuous_spectra,ps,2025-07-10,8848837.440000001,3809085.819,True,False,True,PS,plastic,polymer,PS,PS,PS
c_14,58,c_14-058,MAYP1114611__57__00958.txt,continuous_spectra,ps,2025-07-10,11090744.44,3809085.819,True,False,True,PS,plastic,polymer,PS,PS,PS
c_14,59,c_14-059,MAYP1114611__58__00959.txt,continuous_spectra,ps,2025-07-10,8355011.0,3809085.819,True,False,True,PS,plastic,polymer,PS,PS,PS
c_14,63,c_14-063,MAYP1114611__62__00963.txt,continuous_spectra,ps,2025-07-10,6666677.559999999,3809085.819,True,False,True,PS,plastic,polymer,PS,PS,PS
c_14,64,c_14-064,MAYP1114611__63__00964.txt,continuous_spectra,ps,2025-07-10,10582333.0,3809085.819,True,False,True,PS,plastic,polymer,PS,PS,PS
c_14,65,c_14-065,MAYP1114611__64__00965.txt,continuous_spectra,ps,2025-07-10,9500195.0,3809085.819,True,False,True,PS,plastic,polymer,PS,PS,PS
c_14,66,c_14-066,MAYP1114611__65__00966.txt,continuous_spectra,ps,2025-07-10,11088872.0,3809085.819,True,False,True,PS,plastic,polymer,PS,PS,PS
c_14,67,c_14-067,MAYP1114611__66__00967.txt,continuous_spectra,ps,2025-07-10,10120142.56,3809085.819,True,False,True,PS,plastic,polymer,PS,PS,PS
c_14,68,c_14-068,MAYP1114611__67__00968.txt,continuous_spectra,ps,2025-07-10,5307566.440000001,3809085.819,True,False,True,PS,plastic,polymer,PS,PS,PS
c_14,73,c_14-073,MAYP1114611__72__00973.txt,continuous_spectra,ps,2025-07-10,11237612.0,3809085.819,True,False,True,PS,plastic,polymer,PS,PS,PS
c_14,74,c_14-074,MAYP1114611__73__00974.txt,continuous_spectra,ps,2025-07-10,9062233.44,3809085.819,True,False,True,PS,plastic,polymer,PS,PS,PS
c_14,75,c_14-075,MAYP1114611__74__00975.txt,continuous_spectra,ps,2025-07-10,11618268.56,3809085.819,True,False,True,PS,plastic,polymer,PS,PS,PS
c_14,76,c_14-076,MAYP1114611__75__00976.txt,continuous_spectra,ps,2025-07-10,13620344.56,3809085.819,True,False,True,PS,plastic,polymer,PS,PS,PS
c_14,77,c_14-077,MAYP1114611__76__00977.txt,continuous_spectra,ps,2025-07-10,8248255.440000001,3809085.819,True,False,True,PS,plastic,polymer,PS,PS,PS
c_14,78,c_14-078,MAYP1114611__77__00978.txt,continuous_spectra,ps,2025-07-10,10237917.56,3809085.819,True,False,True,PS,plastic,polymer,PS,PS,PS
c_14,79,c_14-079,MAYP1114611__78__00979.txt,continuous_spectra,ps,2025-07-10,7990110.0,3809085.819,True,False,True,PS,plastic,polymer,PS,PS,PS
c_14,80,c_14-080,MAYP1114611__79__00980.txt,continuous_spectra,ps,2025-07-10,5238993.440000001,3809085.819,True,False,True,PS,plastic,polymer,PS,PS,PS
c_14,84,c_14-084,MAYP1114611__83__00984.txt,continuous_spectra,ps,2025-07-10,5800943.0,3809085.819,True,False,True,PS,plastic,polymer,PS,PS,PS
c_14,85,c_14-085,MAYP1114611__84__00985.txt,continuous_spectra,ps,2025-07-10,10459621.56,3809085.819,True,False,True,PS,plastic,polymer,PS,PS,PS
c_14,86,c_14-086,MAYP1114611__85__00986.txt,continuous_spectra,ps,2025-07-10,10038327.56,3809085.819,True,False,True,PS,plastic,polymer,PS,PS,PS
c_14,87,c_14-087,MAYP1114611__86__00987.txt,continuous_spectra,ps,2025-07-10,7329225.440000001,3809085.819,True,False,True,PS,plastic,polymer,PS,PS,PS
c_14,88,c_14-088,MAYP1114611__87__00988.txt,continuous_spectra,ps,2025-07-10,7709381.0,3809085.819,True,False,True,PS,plastic,polymer,PS,PS,PS
c_14,89,c_14-089,MAYP1114611__88__00989.txt,continuous_spectra,ps,2025-07-10,6577136.0,3809085.819,True,False,True,PS,plastic,polymer,PS,PS,PS
c_14,90,c_14-090,MAYP1114611__89__00990.txt,continuous_spectra,ps,2025-07-10,9020685.56,3809085.819,True,False,True,PS,plastic,polymer,PS,PS,PS
c_14,121,c_14-121,MAYP1114611__120__01021.txt,continuous_spectra,ps,2025-07-10,4984152.0,3809085.819,True,False,True,PS,plastic,polymer,PS,PS,PS
c_14,122,c_14-122,MAYP1114611__121__01022.txt,continuous_spectra,ps,2025-07-10,11008361.0,3809085.819,True,False,True,PS,plastic,polymer,PS,PS,PS
c_14,123,c_14-123,MAYP1114611__122__01023.txt,continuous_spectra,ps,2025-07-10,8025947.440000001,3809085.819,True,False,True,PS,plastic,polymer,PS,PS,PS
c_14,124,c_14-124,MAYP1114611__123__01024.txt,continuous_spectra,ps,2025-07-10,7584270.559999999,3809085.819,True,False,True,PS,plastic,polymer,PS,PS,PS
c_14,125,c_14-125,MAYP1114611__124__01025.txt,continuous_spectra,ps,2025-07-10,11329558.56,3809085.819,True,False,True,PS,plastic,polymer,PS,PS,PS
c_14,126,c_14-126,MAYP1114611__125__01026.txt,continuous_spectra,ps,2025-07-10,10404230.56,3809085.819,True,False,True,PS,plastic,polymer,PS,PS,PS
c_14,127,c_14-127,MAYP1114611__126__01027.txt,continuous_spectra,ps,2025-07-10,13006551.439999998,3809085.819,True,False,True,PS,plastic,polymer,PS,PS,PS
c_14,128,c_14-128,MAYP1114611__127__01028.txt,continuous_spectra,ps,2025-07-10,12162048.56,3809085.819,True,False,True,PS,plastic,polymer,PS,PS,PS
c_14,129,c_14-129,MAYP1114611__128__01029.txt,continuous_spectra,ps,2025-07-10,6270081.440000001,3809085.819,True,False,True,PS,plastic,polymer,PS,PS,PS
c_14,133,c_14-133,MAYP1114611__132__01033.txt,continuous_spectra,ps,2025-07-10,5614961.559999999,3809085.819,True,False,True,PS,plastic,polymer,PS,PS,PS
c_14,134,c_14-134,MAYP1114611__133__01034.txt,continuous_spectra,ps,2025-07-10,7955291.440000001,3809085.819,True,False,True,PS,plastic,polymer,PS,PS,PS
c_14,135,c_14-135,MAYP1114611__134__01035.txt,continuous_spectra,ps,2025-07-10,11848185.56,3809085.819,True,False,True,PS,plastic,polymer,PS,PS,PS
c_14,136,c_14-136,MAYP1114611__135__01036.txt,continuous_spectra,ps,2025-07-10,9086575.44,3809085.819,True,False,True,PS,plastic,polymer,PS,PS,PS
c_14,137,c_14-137,MAYP1114611__136__01037.txt,continuous_spectra,ps,2025-07-10,11741082.0,3809085.819,True,False,True,PS,plastic,polymer,PS,PS,PS
c_14,138,c_14-138,MAYP1114611__137__01038.txt,continuous_spectra,ps,2025-07-10,10131583.0,3809085.819,True,False,True,PS,plastic,polymer,PS,PS,PS
c_14,139,c_14-139,MAYP1114611__138__01039.txt,continuous_spectra,ps,2025-07-10,8612943.0,3809085.819,True,False,True,PS,plastic,polymer,PS,PS,PS
c_14,144,c_14-144,MAYP1114611__143__01044.txt,continuous_spectra,ps,2025-07-10,10162115.0,3809085.819,True,False,True,PS,plastic,polymer,PS,PS,PS
c_14,145,c_14-145,MAYP1114611__144__01045.txt,continuous_spectra,ps,2025-07-10,13907296.56,3809085.819,True,False,True,PS,plastic,polymer,PS,PS,PS
c_14,146,c_14-146,MAYP1114611__145__01046.txt,continuous_spectra,ps,2025-07-10,14688313.439999998,3809085.819,True,False,True,PS,plastic,polymer,PS,PS,PS
c_14,147,c_14-147,MAYP1114611__146__01047.txt,continuous_spectra,ps,2025-07-10,14166917.56,3809085.819,True,False,True,PS,plastic,polymer,PS,PS,PS
c_14,148,c_14-148,MAYP1114611__147__01048.txt,continuous_spectra,ps,2025-07-10,11315246.0,3809085.819,True,False,True,PS,plastic,polymer,PS,PS,PS
c_14,149,c_14-149,MAYP1114611__148__01049.txt,continuous_spectra,ps,2025-07-10,11514351.0,3809085.819,True,False,True,PS,plastic,polymer,PS,PS,PS
c_14,150,c_14-150,MAYP1114611__149__01050.txt,continuous_spectra,ps,2025-07-10,10753265.0,3809085.819,True,False,True,PS,plastic,polymer,PS,PS,PS
c_14,151,c_14-151,MAYP1114611__150__01051.txt,continuous_spectra,ps,2025-07-10,5015603.440000001,3809085.819,True,False,True,PS,plastic,polymer,PS,PS,PS
c_14,152,c_14-152,MAYP1114611__151__01052.txt,continuous_spectra,ps,2025-07-10,3831701.0,3809085.819,True,False,True,PS,plastic,polymer,PS,PS,PE-HD (blue)
c_14,155,c_14-155,MAYP1114611__154__01055.txt,continuous_spectra,ps,2025-07-10,9754996.44,3809085.819,True,False,True,PS,plastic,polymer,PS,PS,PS
c_14,156,c_14-156,MAYP1114611__155__01056.txt,continuous_spectra,ps,2025-07-10,12655341.56,3809085.819,True,False,True,PS,plastic,polymer,PS,PS,PS
c_14,157,c_14-157,MAYP1114611__156__01057.txt,continuous_spectra,ps,2025-07-10,13939632.0,3809085.819,True,False,True,PS,plastic,polymer,PS,PS,PS
c_14,158,c_14-158,MAYP1114611__157__01058.txt,continuous_spectra,ps,2025-07-10,11293613.44,3809085.819,True,False,True,PS,plastic,polymer,PS,PS,PS
c_14,159,c_14-159,MAYP1114611__158__01059.txt,continuous_spectra,ps,2025-07-10,10887893.0,3809085.819,True,False,True,PS,plastic,polymer,PS,PS,PS
c_14,160,c_14-160,MAYP1114611__159__01060.txt,continuous_spectra,ps,2025-07-10,9760571.0,3809085.819,True,False,True,PS,plastic,polymer,PS,PS,PS
c_14,161,c_14-161,MAYP1114611__160__01061.txt,continuous_spectra,ps,2025-07-10,8903476.440000001,3809085.819,True,False,True,PS,plastic,polymer,PS,PS,PS
c_14,165,c_14-165,MAYP1114611__164__01065.txt,continuous_spectra,ps,2025-07-10,4724176.559999999,3809085.819,True,False,True,PS,plastic,polymer,PS,PS,PS
c_14,166,c_14-166,MAYP1114611__165__01066.txt,continuous_spectra,ps,2025-07-10,12018603.0,3809085.819,True,False,True,PS,plastic,polymer,PS,PS,PS
c_14,167,c_14-167,MAYP1114611__166__01067.txt,continuous_spectra,ps,2025-07-10,10782624.0,3809085.819,True,False,True,PS,plastic,polymer,PS,PS,PS
c_14,168,c_14-168,MAYP1114611__167__01068.txt,continuous_spectra,ps,2025-07-10,9197049.0,3809085.819,True,False,True,PS,plastic,polymer,PS,PS,PS
c_14,169,c_14-169,MAYP1114611__168__01069.txt,continuous_spectra,ps,2025-07-10,7680243.0,3809085.819,True,False,True,PS,plastic,polymer,PS,PS,PS
c_14,170,c_14-170,MAYP1114611__169__01070.txt,continuous_spectra,ps,2025-07-10,8805827.440000001,3809085.819,True,False,True,PS,plastic,polymer,PS,PS,PS
c_14,171,c_14-171,MAYP1114611__170__01071.txt,continuous_spectra,ps,2025-07-10,7335506.440000001,3809085.819,True,False,True,PS,plastic,polymer,PS,PS,PS
c_14,172,c_14-172,MAYP1114611__171__01072.txt,continuous_spectra,ps,2025-07-10,10811805.56,3809085.819,True,False,True,PS,plastic,polymer,PS,PS,PS
c_14,173,c_14-173,MAYP1114611__172__01073.txt,continuous_spectra,ps,2025-07-10,7978885.440000001,3809085.819,True,False,True,PS,plastic,polymer,PS,PS,PS
c_14,176,c_14-176,MAYP1114611__175__01076.txt,continuous_spectra,ps,2025-07-10,3993546.440000002,3809085.819,True,False,True,PS,plastic,polymer,PS,PS,PS
c_14,177,c_14-177,MAYP1114611__176__01077.txt,continuous_spectra,ps,2025-07-10,11832259.44,3809085.819,True,False,True,PS,plastic,polymer,PS,PS,PS
c_14,178,c_14-178,MAYP1114611__177__01078.txt,continuous_spectra,ps,2025-07-10,8495611.559999999,3809085.819,True,False,True,PS,plastic,polymer,PS,PS,PS
c_14,179,c_14-179,MAYP1114611__178__01079.txt,continuous_spectra,ps,2025-07-10,9767237.44,3809085.819,True,False,True,PS,plastic,polymer,PS,PS,PS
c_14,180,c_14-180,MAYP1114611__179__01080.txt,continuous_spectra,ps,2025-07-10,11257552.0,3809085.819,True,False,True,PS,plastic,polymer,PS,PS,PS
c_14,181,c_14-181,MAYP1114611__180__01081.txt,continuous_spectra,ps,2025-07-10,10121651.44,3809085.819,True,False,True,PS,plastic,polymer,PS,PS,PS
c_14,182,c_14-182,MAYP1114611__181__01082.txt,continuous_spectra,ps,2025-07-10,11240995.0,3809085.819,True,False,True,PS,plastic,polymer,PS,PS,PS
c_14,183,c_14-183,MAYP1114611__182__01083.txt,continuous_spectra,ps,2025-07-10,8564390.0,3809085.819,True,False,True,PS,plastic,polymer,PS,PS,PS
c_14,214,c_14-214,MAYP1114611__213__01114.txt,continuous_spectra,ps,2025-07-10,7695443.559999999,3809085.819,True,False,True,PS,plastic,polymer,PS,PS,PS
c_14,215,c_14-215,MAYP1114611__214__01115.txt,continuous_spectra,ps,2025-07-10,9939623.56,3809085.819,True,False,True,PS,plastic,polymer,PS,PS,PS
c_14,216,c_14-216,MAYP1114611__215__01116.txt,continuous_spectra,ps,2025-07-10,8446903.559999999,3809085.819,True,False,True,PS,plastic,polymer,PS,PS,PS
c_14,217,c_14-217,MAYP1114611__216__01117.txt,continuous_spectra,ps,2025-07-10,8666742.440000001,3809085.819,True,False,True,PS,plastic,polymer,PS,PS,PS
c_14,218,c_14-218,MAYP1114611__217__01118.txt,continuous_spectra,ps,2025-07-10,8066618.440000001,3809085.819,True,False,True,PS,plastic,polymer,PS,PS,PS
c_14,219,c_14-219,MAYP1114611__218__01119.txt,continuous_spectra,ps,2025-07-10,8062490.440000001,3809085.819,True,False,True,PS,plastic,polymer,PS,PS,PS
c_14,220,c_14-220,MAYP1114611__219__01120.txt,continuous_spectra,ps,2025-07-10,9403008.44,3809085.819,True,False,True,PS,plastic,polymer,PS,PS,PS
c_14,221,c_14-221,MAYP1114611__220__01121.txt,continuous_spectra,ps,2025-07-10,10368583.56,3809085.819,True,False,True,PS,plastic,polymer,PS,PS,PS
c_14,225,c_14-225,MAYP1114611__224__01125.txt,continuous_spectra,ps,2025-07-10,4452590.559999999,3809085.819,True,False,True,PS,plastic,polymer,PS,PS,PS
c_14,226,c_14-226,MAYP1114611__225__01126.txt,continuous_spectra,ps,2025-07-10,10970182.44,3809085.819,True,False,True,PS,plastic,polymer,PS,PS,PS
c_14,227,c_14-227,MAYP1114611__226__01127.txt,continuous_spectra,ps,2025-07-10,9348027.44,3809085.819,True,False,True,PS,plastic,polymer,PS,PS,PS
c_14,228,c_14-228,MAYP1114611__227__01128.txt,continuous_spectra,ps,2025-07-10,7323633.0,3809085.819,True,False,True,PS,plastic,polymer,PS,PS,PS
c_14,229,c_14-229,MAYP1114611__228__01129.txt,continuous_spectra,ps,2025-07-10,7973596.440000001,3809085.819,True,False,True,PS,plastic,polymer,PS,PS,PS
c_14,230,c_14-230,MAYP1114611__229__01130.txt,continuous_spectra,ps,2025-07-10,9465462.56,3809085.819,True,False,True,PS,plastic,polymer,PS,PS,PS
c_14,231,c_14-231,MAYP1114611__230__01131.txt,continuous_spectra,ps,2025-07-10,10217430.56,3809085.819,True,False,True,PS,plastic,polymer,PS,PS,PS
c_14,232,c_14-232,MAYP1114611__231__01132.txt,continuous_spectra,ps,2025-07-10,5690606.559999999,3809085.819,True,False,True,PS,plastic,polymer,PS,PS,PS
c_14,235,c_14-235,MAYP1114611__234__01135.txt,continuous_spectra,ps,2025-07-10,3816697.0,3809085.819,True,False,True,PS,plastic,polymer,PS,PS,PS
c_14,236,c_14-236,MAYP1114611__235__01136.txt,continuous_spectra,ps,2025-07-10,10164978.0,3809085.819,True,False,True,PS,plastic,polymer,PS,PS,PS
c_14,237,c_14-237,MAYP1114611__236__01137.txt,continuous_spectra,ps,2025-07-10,12631779.0,3809085.819,True,False,True,PS,plastic,polymer,PS,PS,PS
c_14,238,c_14-238,MAYP1114611__237__01138.txt,continuous_spectra,ps,2025-07-10,11862773.56,3809085.819,True,False,True,PS,plastic,polymer,PS,PS,PS
c_14,239,c_14-239,MAYP1114611__238__01139.txt,continuous_spectra,ps,2025-07-10,11603538.56,3809085.819,True,False,True,PS,plastic,polymer,PS,PS,PS
c_14,240,c_14-240,MAYP1114611__239__01140.txt,continuous_spectra,ps,2025-07-10,7767898.0,3809085.819,True,False,True,PS,plastic,polymer,PS,PS,PS
c_14,241,c_14-241,MAYP1114611__240__01141.txt,continuous_spectra,ps,2025-07-10,6276745.0,3809085.819,True,False,True,PS,plastic,polymer,PS,PS,PS
c_14,242,c_14-242,MAYP1114611__241__01142.txt,continuous_spectra,ps,2025-07-10,8739245.440000001,3809085.819,True,False,True,PS,plastic,polymer,PS,PS,PS
c_14,243,c_14-243,MAYP1114611__242__01143.txt,continuous_spectra,ps,2025-07-10,9073047.44,3809085.819,True,False,True,PS,plastic,polymer,PS,PS,PS
c_14,247,c_14-247,MAYP1114611__246__01147.txt,continuous_spectra,ps,2025-07-10,6258319.440000001,3809085.819,True,False,True,PS,plastic,polymer,PS,PS,PS
c_14,248,c_14-248,MAYP1114611__247__01148.txt,continuous_spectra,ps,2025-07-10,12563919.56,3809085.819,True,False,True,PS,plastic,polymer,PS,PS,PS
c_14,249,c_14-249,MAYP1114611__248__01149.txt,continuous_spectra,ps,2025-07-10,13316867.44,3809085.819,True,False,True,PS,plastic,polymer,PS,PS,PS
c_14,250,c_14-250,MAYP1114611__249__01150.txt,continuous_spectra,ps,2025-07-10,11865775.0,3809085.819,True,False,True,PS,plastic,polymer,PS,PS,PS
c_14,251,c_14-251,MAYP1114611__250__01151.txt,continuous_spectra,ps,2025-07-10,12470648.44,3809085.819,True,False,True,PS,plastic,polymer,PS,PS,PS
c_14,252,c_14-252,MAYP1114611__251__01152.txt,continuous_spectra,ps,2025-07-10,12326059.44,3809085.819,True,False,True,PS,plastic,polymer,PS,PS,PS
c_14,253,c_14-253,MAYP1114611__252__01153.txt,continuous_spectra,ps,2025-07-10,9766917.0,3809085.819,True,False,True,PS,plastic,polymer,PS,PS,PS
c_14,254,c_14-254,MAYP1114611__253__01154.txt,continuous_spectra,ps,2025-07-10,10507781.0,3809085.819,True,False,True,PS,plastic,polymer,PS,PS,PS
c_14,258,c_14-258,MAYP1114611__257__01158.txt,continuous_spectra,ps,2025-07-10,9288536.56,3809085.819,True,False,True,PS,plastic,polymer,PS,PS,PS
c_14,259,c_14-259,MAYP1114611__258__01159.txt,continuous_spectra,ps,2025-07-10,12358408.44,3809085.819,True,False,True,PS,plastic,polymer,PS,PS,PS
c_14,260,c_14-260,MAYP1114611__259__01160.txt,continuous_spectra,ps,2025-07-10,9661669.0,3809085.819,True,False,True,PS,plastic,polymer,PS,PS,PS
c_14,261,c_14-261,MAYP1114611__260__01161.txt,continuous_spectra,ps,2025-07-10,10682487.0,3809085.819,True,False,True,PS,plastic,polymer,PS,PS,PS
c_14,262,c_14-262,MAYP1114611__261__01162.txt,continuous_spectra,ps,2025-07-10,11340821.56,3809085.819,True,False,True,PS,plastic,polymer,PS,PS,PS
c_14,263,c_14-263,MAYP1114611__262__01163.txt,continuous_spectra,ps,2025-07-10,11789592.56,3809085.819,True,False,True,PS,plastic,polymer,PS,PS,PS
c_14,264,c_14-264,MAYP1114611__263__01164.txt,continuous_spectra,ps,2025-07-10,12119771.0,3809085.819,True,False,True,PS,plastic,polymer,PS,PS,PS
c_14,265,c_14-265,MAYP1114611__264__01165.txt,continuous_spectra,ps,2025-07-10,7919108.440000001,3809085.819,True,False,True,PS,plastic,polymer,PS,PS,PS
c_14,268,c_14-268,MAYP1114611__267__01168.txt,continuous_spectra,ps,2025-07-10,3825306.0,3809085.819,True,False,True,PS,plastic,polymer,PS,PS,PS
c_14,269,c_14-269,MAYP1114611__268__01169.txt,continuous_spectra,ps,2025-07-10,11862752.44,3809085.819,True,False,True,PS,plastic,polymer,PS,PS,PS
c_14,270,c_14-270,MAYP1114611__269__01170.txt,continuous_spectra,ps,2025-07-10,10492880.0,3809085.819,True,False,True,PS,plastic,polymer,PS,PS,PS
c_14,271,c_14-271,MAYP1114611__270__01171.txt,continuous_spectra,ps,2025-07-10,12605158.0,3809085.819,True,False,True,PS,plastic,polymer,PS,PS,PS
c_14,272,c_14-272,MAYP1114611__271__01172.txt,continuous_spectra,ps,2025-07-10,9975130.56,3809085.819,True,False,True,PS,plastic,polymer,PS,PS,PS
c_14,273,c_14-273,MAYP1114611__272__01173.txt,continuous_spectra,ps,2025-07-10,13509965.560000002,3809085.819,True,False,True,PS,plastic,polymer,PS,PS,PS
c_14,274,c_14-274,MAYP1114611__273__01174.txt,continuous_spectra,ps,2025-07-10,11326555.56,3809085.819,True,False,True,PS,plastic,polymer,PS,PS,PS
c_14,275,c_14-275,MAYP1114611__274__01175.txt,continuous_spectra,ps,2025-07-10,12473646.44,3809085.819,True,False,True,PS,plastic,polymer,PS,PS,PS
c_14,276,c_14-276,MAYP1114611__275__01176.txt,continuous_spectra,ps,2025-07-10,6597612.0,3809085.819,True,False,True,PS,plastic,polymer,PS,PS,PS
c_15,28,c_15-028,MAYP1114611__27__01228.txt,continuous_spectra,sand,2025-07-10,4346718.440000001,4101036.512999999,True,False,True,Sand,non_plastic,mineral,,Sand,Sand
c_15,29,c_15-029,MAYP1114611__28__01229.txt,continuous_spectra,sand,2025-07-10,5777124.440000001,4101036.512999999,True,False,True,Sand,non_plastic,mineral,,Sand,Sand
c_15,30,c_15-030,MAYP1114611__29__01230.txt,continuous_spectra,sand,2025-07-10,6193534.0,4101036.512999999,True,False,True,Sand,non_plastic,mineral,,Sand,Sand
c_15,31,c_15-031,MAYP1114611__30__01231.txt,continuous_spectra,sand,2025-07-10,6243392.440000001,4101036.512999999,True,False,True,Sand,non_plastic,mineral,,Sand,Sand
c_15,32,c_15-032,MAYP1114611__31__01232.txt,continuous_spectra,sand,2025-07-10,7644633.440000001,4101036.512999999,True,False,True,Sand,non_plastic,mineral,,Sand,Sand
c_15,33,c_15-033,MAYP1114611__32__01233.txt,continuous_spectra,sand,2025-07-10,7629352.559999999,4101036.512999999,True,False,True,Sand,non_plastic,mineral,,Sand,Sand
c_15,34,c_15-034,MAYP1114611__33__01234.txt,continuous_spectra,sand,2025-07-10,5749287.440000001,4101036.512999999,True,False,True,Sand,non_plastic,mineral,,Sand,Sand
c_15,35,c_15-035,MAYP1114611__34__01235.txt,continuous_spectra,sand,2025-07-10,6394859.559999999,4101036.512999999,True,False,True,Sand,non_plastic,mineral,,Sand,Sand
c_15,36,c_15-036,MAYP1114611__35__01236.txt,continuous_spectra,sand,2025-07-10,4311479.0,4101036.512999999,True,False,True,Sand,non_plastic,mineral,,Sand,Sand
c_15,40,c_15-040,MAYP1114611__39__01240.txt,continuous_spectra,sand,2025-07-10,5465996.559999999,4101036.512999999,True,False,True,Sand,non_plastic,mineral,,Sand,Sand
c_15,41,c_15-041,MAYP1114611__40__01241.txt,continuous_spectra,sand,2025-07-10,6502234.440000001,4101036.512999999,True,False,True,Sand,non_plastic,mineral,,Sand,Sand
c_15,42,c_15-042,MAYP1114611__41__01242.txt,continuous_spectra,sand,2025-07-10,6268737.440000001,4101036.512999999,True,False,True,Sand,non_plastic,mineral,,Sand,Sand
c_15,43,c_15-043,MAYP1114611__42__01243.txt,continuous_spectra,sand,2025-07-10,6164330.559999999,4101036.512999999,True,False,True,Sand,non_plastic,mineral,,Sand,Sand
c_15,44,c_15-044,MAYP1114611__43__01244.txt,continuous_spectra,sand,2025-07-10,5408070.440000001,4101036.512999999,True,False,True,Sand,non_plastic,mineral,,Sand,Sand
c_15,45,c_15-045,MAYP1114611__44__01245.txt,continuous_spectra,sand,2025-07-10,6239966.0,4101036.512999999,True,False,True,Sand,non_plastic,mineral,,Sand,Sand
c_15,46,c_15-046,MAYP1114611__45__01246.txt,continuous_spectra,sand,2025-07-10,6399327.0,4101036.512999999,True,False,True,Sand,non_plastic,mineral,,Sand,Sand
c_15,47,c_15-047,MAYP1114611__46__01247.txt,continuous_spectra,sand,2025-07-10,4329247.440000001,4101036.512999999,True,False,True,Sand,non_plastic,mineral,,Sand,Sand
c_15,51,c_15-051,MAYP1114611__50__01251.txt,continuous_spectra,sand,2025-07-10,5257313.559999999,4101036.512999999,True,False,True,Sand,non_plastic,mineral,,Sand,Sand
c_15,52,c_15-052,MAYP1114611__51__01252.txt,continuous_spectra,sand,2025-07-10,7525540.0,4101036.512999999,True,False,True,Sand,non_plastic,mineral,,Sand,Sand
c_15,53,c_15-053,MAYP1114611__52__01253.txt,continuous_spectra,sand,2025-07-10,7327125.440000001,4101036.512999999,True,False,True,Sand,non_plastic,mineral,,Sand,Sand
c_15,54,c_15-054,MAYP1114611__53__01254.txt,continuous_spectra,sand,2025-07-10,6743606.0,4101036.512999999,True,False,True,Sand,non_plastic,mineral,,Sand,Sand
c_15,55,c_15-055,MAYP1114611__54__01255.txt,continuous_spectra,sand,2025-07-10,5321561.559999999,4101036.512999999,True,False,True,Sand,non_plastic,mineral,,Sand,Sand
c_15,56,c_15-056,MAYP1114611__55__01256.txt,continuous_spectra,sand,2025-07-10,5387655.559999999,4101036.512999999,True,False,True,Sand,non_plastic,mineral,,Sand,Sand
c_15,57,c_15-057,MAYP1114611__56__01257.txt,continuous_spectra,sand,2025-07-10,5260979.440000001,4101036.512999999,True,False,True,Sand,non_plastic,mineral,,Sand,Sand
c_15,58,c_15-058,MAYP1114611__57__01258.txt,continuous_spectra,sand,2025-07-10,7299081.559999999,4101036.512999999,True,False,True,Sand,non_plastic,mineral,,Sand,Sand
c_15,59,c_15-059,MAYP1114611__58__01259.txt,continuous_spectra,sand,2025-07-10,4729627.559999999,4101036.512999999,True,False,True,Sand,non_plastic,mineral,,Sand,Sand
c_15,63,c_15-063,MAYP1114611__62__01263.txt,continuous_spectra,sand,2025-07-10,5543846.0,4101036.512999999,True,False,True,Sand,non_plastic,mineral,,Sand,Sand
c_15,64,c_15-064,MAYP1114611__63__01264.txt,continuous_spectra,sand,2025-07-10,5978256.0,4101036.512999999,True,False,True,Sand,non_plastic,mineral,,Sand,Sand
c_15,65,c_15-065,MAYP1114611__64__01265.txt,continuous_spectra,sand,2025-07-10,5768320.440000001,4101036.512999999,True,False,True,Sand,non_plastic,mineral,,Sand,Sand
c_15,66,c_15-066,MAYP1114611__65__01266.txt,continuous_spectra,sand,2025-07-10,5216245.0,4101036.512999999,True,False,True,Sand,non_plastic,mineral,,Sand,Sand
c_15,67,c_15-067,MAYP1114611__66__01267.txt,continuous_spectra,sand,2025-07-10,6256342.440000001,4101036.512999999,True,False,True,Sand,non_plastic,mineral,,Sand,Sand
c_15,68,c_15-068,MAYP1114611__67__01268.txt,continuous_spectra,sand,2025-07-10,6427689.440000001,4101036.512999999,True,False,True,Sand,non_plastic,mineral,,Sand,Sand
c_15,69,c_15-069,MAYP1114611__68__01269.txt,continuous_spectra,sand,2025-07-10,4125181.440000002,4101036.512999999,True,False,True,Sand,non_plastic,mineral,,Sand,Sand
c_15,73,c_15-073,MAYP1114611__72__01273.txt,continuous_spectra,sand,2025-07-10,5184599.559999999,4101036.512999999,True,False,True,Sand,non_plastic,mineral,,Sand,Sand
c_15,74,c_15-074,MAYP1114611__73__01274.txt,continuous_spectra,sand,2025-07-10,6735763.440000001,4101036.512999999,True,False,True,Sand,non_plastic,mineral,,Sand,Sand
c_15,75,c_15-075,MAYP1114611__74__01275.txt,continuous_spectra,sand,2025-07-10,5664960.559999999,4101036.512999999,True,False,True,Sand,non_plastic,mineral,,Sand,Sand
c_15,76,c_15-076,MAYP1114611__75__01276.txt,continuous_spectra,sand,2025-07-10,6251556.440000001,4101036.512999999,True,False,True,Sand,non_plastic,mineral,,Sand,Sand
c_15,77,c_15-077,MAYP1114611__76__01277.txt,continuous_spectra,sand,2025-07-10,6009908.440000001,4101036.512999999,True,False,True,Sand,non_plastic,mineral,,Sand,Sand
c_15,78,c_15-078,MAYP1114611__77__01278.txt,continuous_spectra,sand,2025-07-10,6858132.0,4101036.512999999,True,False,True,Sand,non_plastic,mineral,,Sand,Sand
c_15,79,c_15-079,MAYP1114611__78__01279.txt,continuous_spectra,sand,2025-07-10,7757739.0,4101036.512999999,True,False,True,Sand,non_plastic,mineral,,Sand,Sand
c_15,84,c_15-084,MAYP1114611__83__01284.txt,continuous_spectra,sand,2025-07-10,5382023.440000001,4101036.512999999,True,False,True,Sand,non_plastic,mineral,,Sand,Sand
c_15,85,c_15-085,MAYP1114611__84__01285.txt,continuous_spectra,sand,2025-07-10,6373011.440000001,4101036.512999999,True,False,True,Sand,non_plastic,mineral,,Sand,Sand
c_15,86,c_15-086,MAYP1114611__85__01286.txt,continuous_spectra,sand,2025-07-10,7025450.0,4101036.512999999,True,False,True,Sand,non_plastic,mineral,,Sand,Sand
c_15,87,c_15-087,MAYP1114611__86__01287.txt,continuous_spectra,sand,2025-07-10,7279707.440000001,4101036.512999999,True,False,True,Sand,non_plastic,mineral,,Sand,Sand
c_15,88,c_15-088,MAYP1114611__87__01288.txt,continuous_spectra,sand,2025-07-10,7780536.0,4101036.512999999,True,False,True,Sand,non_plastic,mineral,,Sand,Sand
c_15,89,c_15-089,MAYP1114611__88__01289.txt,continuous_spectra,sand,2025-07-10,6004496.0,4101036.512999999,True,False,True,Sand,non_plastic,mineral,,Sand,Sand
c_15,90,c_15-090,MAYP1114611__89__01290.txt,continuous_spectra,sand,2025-07-10,6196945.0,4101036.512999999,True,False,True,Sand,non_plastic,mineral,,Sand,Sand
c_15,121,c_15-121,MAYP1114611__120__01321.txt,continuous_spectra,sand,2025-07-10,4608022.0,4101036.512999999,True,False,True,Sand,non_plastic,mineral,,Sand,Sand
c_15,122,c_15-122,MAYP1114611__121__01322.txt,continuous_spectra,sand,2025-07-10,5336665.559999999,4101036.512999999,True,False,True,Sand,non_plastic,mineral,,Sand,Sand
c_15,123,c_15-123,MAYP1114611__122__01323.txt,continuous_spectra,sand,2025-07-10,6341003.559999999,4101036.512999999,True,False,True,Sand,non_plastic,mineral,,Sand,Sand
c_15,124,c_15-124,MAYP1114611__123__01324.txt,continuous_spectra,sand,2025-07-10,6643703.0,4101036.512999999,True,False,True,Sand,non_plastic,mineral,,Sand,Sand
c_15,125,c_15-125,MAYP1114611__124__01325.txt,continuous_spectra,sand,2025-07-10,5818127.0,4101036.512999999,True,False,True,Sand,non_plastic,mineral,,Sand,Sand
c_15,126,c_15-126,MAYP1114611__125__01326.txt,continuous_spectra,sand,2025-07-10,5549189.0,4101036.512999999,True,False,True,Sand,non_plastic,mineral,,Sand,Sand
c_15,127,c_15-127,MAYP1114611__126__01327.txt,continuous_spectra,sand,2025-07-10,5108914.0,4101036.512999999,True,False,True,Sand,non_plastic,mineral,,Sand,Sand
c_15,128,c_15-128,MAYP1114611__127__01328.txt,continuous_spectra,sand,2025-07-10,5735097.559999999,4101036.512999999,True,False,True,Sand,non_plastic,mineral,,Sand,Sand
c_15,133,c_15-133,MAYP1114611__132__01333.txt,continuous_spectra,sand,2025-07-10,5290491.0,4101036.512999999,True,False,True,Sand,non_plastic,mineral,,Sand,Sand
c_15,134,c_15-134,MAYP1114611__133__01334.txt,continuous_spectra,sand,2025-07-10,7063757.0,4101036.512999999,True,False,True,Sand,non_plastic,mineral,,Sand,Sand
c_15,135,c_15-135,MAYP1114611__134__01335.txt,continuous_spectra,sand,2025-07-10,6230975.559999999,4101036.512999999,True,False,True,Sand,non_plastic,mineral,,Sand,Sand
c_15,136,c_15-136,MAYP1114611__135__01336.txt,continuous_spectra,sand,2025-07-10,5696312.0,4101036.512999999,True,False,True,Sand,non_plastic,mineral,,Sand,Sand
c_15,137,c_15-137,MAYP1114611__136__01337.txt,continuous_spectra,sand,2025-07-10,6420770.559999999,4101036.512999999,True,False,True,Sand,non_plastic,mineral,,Sand,Sand
c_15,138,c_15-138,MAYP1114611__137__01338.txt,continuous_spectra,sand,2025-07-10,5861468.0,4101036.512999999,True,False,True,Sand,non_plastic,mineral,,Sand,Sand
c_15,139,c_15-139,MAYP1114611__138__01339.txt,continuous_spectra,sand,2025-07-10,6635903.559999999,4101036.512999999,True,False,True,Sand,non_plastic,mineral,,Sand,Sand
c_15,143,c_15-143,MAYP1114611__142__01343.txt,continuous_spectra,sand,2025-07-10,4621830.0,4101036.512999999,True,False,True,Sand,non_plastic,mineral,,Sand,Sand
c_15,144,c_15-144,MAYP1114611__143__01344.txt,continuous_spectra,sand,2025-07-10,4816498.559999999,4101036.512999999,True,False,True,Sand,non_plastic,mineral,,Sand,Sand
c_15,145,c_15-145,MAYP1114611__144__01345.txt,continuous_spectra,sand,2025-07-10,6213400.440000001,4101036.512999999,True,False,True,Sand,non_plastic,mineral,,Sand,Sand
c_15,146,c_15-146,MAYP1114611__145__01346.txt,continuous_spectra,sand,2025-07-10,6644094.559999999,4101036.512999999,True,False,True,Sand,non_plastic,mineral,,Sand,Sand
c_15,147,c_15-147,MAYP1114611__146__01347.txt,continuous_spectra,sand,2025-07-10,6447369.0,4101036.512999999,True,False,True,Sand,non_plastic,mineral,,Sand,Sand
c_15,148,c_15-148,MAYP1114611__147__01348.txt,continuous_spectra,sand,2025-07-10,5854501.0,4101036.512999999,True,False,True,Sand,non_plastic,mineral,,Sand,Sand
c_15,149,c_15-149,MAYP1114611__148__01349.txt,continuous_spectra,sand,2025-07-10,7558809.0,4101036.512999999,True,False,True,Sand,non_plastic,mineral,,Sand,Sand
c_15,150,c_15-150,MAYP1114611__149__01350.txt,continuous_spectra,sand,2025-07-10,7213047.559999999,4101036.512999999,True,False,True,Sand,non_plastic,mineral,,Sand,Sand
c_15,151,c_15-151,MAYP1114611__150__01351.txt,continuous_spectra,sand,2025-07-10,4433121.0,4101036.512999999,True,False,True,Sand,non_plastic,mineral,,Sand,Sand
c_15,154,c_15-154,MAYP1114611__153__01354.txt,continuous_spectra,sand,2025-07-10,5252540.440000001,4101036.512999999,True,False,True,Sand,non_plastic,mineral,,Sand,Sand
c_15,155,c_15-155,MAYP1114611__154__01355.txt,continuous_spectra,sand,2025-07-10,6223739.440000001,4101036.512999999,True,False,True,Sand,non_plastic,mineral,,Sand,Sand
c_15,156,c_15-156,MAYP1114611__155__01356.txt,continuous_spectra,sand,2025-07-10,5827161.440000001,4101036.512999999,True,False,True,Sand,non_plastic,mineral,,Sand,Sand
c_15,157,c_15-157,MAYP1114611__156__01357.txt,continuous_spectra,sand,2025-07-10,6073111.0,4101036.512999999,True,False,True,Sand,non_plastic,mineral,,Sand,Sand
c_15,158,c_15-158,MAYP1114611__157__01358.txt,continuous_spectra,sand,2025-07-10,6650024.0,4101036.512999999,True,False,True,Sand,non_plastic,mineral,,Sand,Sand
c_15,159,c_15-159,MAYP1114611__158__01359.txt,continuous_spectra,sand,2025-07-10,6436052.559999999,4101036.512999999,True,False,True,Sand,non_plastic,mineral,,Sand,Sand
c_15,160,c_15-160,MAYP1114611__159__01360.txt,continuous_spectra,sand,2025-07-10,5488972.0,4101036.512999999,True,False,True,Sand,non_plastic,mineral,,Sand,Sand
c_15,161,c_15-161,MAYP1114611__160__01361.txt,continuous_spectra,sand,2025-07-10,4806924.440000001,4101036.512999999,True,False,True,Sand,non_plastic,mineral,,Sand,Sand
c_15,165,c_15-165,MAYP1114611__164__01365.txt,continuous_spectra,sand,2025-07-10,5295266.0,4101036.512999999,True,False,True,Sand,non_plastic,mineral,,Sand,Sand
c_15,166,c_15-166,MAYP1114611__165__01366.txt,continuous_spectra,sand,2025-07-10,6461910.559999999,4101036.512999999,True,False,True,Sand,non_plastic,mineral,,Sand,Sand
c_15,167,c_15-167,MAYP1114611__166__01367.txt,continuous_spectra,sand,2025-07-10,6167425.440000001,4101036.512999999,True,False,True,Sand,non_plastic,mineral,,Sand,Sand
c_15,168,c_15-168,MAYP1114611__167__01368.txt,continuous_spectra,sand,2025-07-10,9383437.44,4101036.512999999,True,False,True,Sand,non_plastic,mineral,,Sand,Sand
c_15,169,c_15-169,MAYP1114611__168__01369.txt,continuous_spectra,sand,2025-07-10,6544289.0,4101036.512999999,True,False,True,Sand,non_plastic,mineral,,Sand,Sand
c_15,170,c_15-170,MAYP1114611__169__01370.txt,continuous_spectra,sand,2025-07-10,5966472.440000001,4101036.512999999,True,False,True,Sand,non_plastic,mineral,,Sand,Sand
c_15,171,c_15-171,MAYP1114611__170__01371.txt,continuous_spectra,sand,2025-07-10,5641816.0,4101036.512999999,True,False,True,Sand,non_plastic,mineral,,Sand,Sand
c_15,172,c_15-172,MAYP1114611__171__01372.txt,continuous_spectra,sand,2025-07-10,6143327.440000001,4101036.512999999,True,False,True,Sand,non_plastic,mineral,,Sand,Sand
c_15,173,c_15-173,MAYP1114611__172__01373.txt,continuous_spectra,sand,2025-07-10,4173217.0,4101036.512999999,True,False,True,Sand,non_plastic,mineral,,Sand,Sand
c_15,176,c_15-176,MAYP1114611__175__01376.txt,continuous_spectra,sand,2025-07-10,5254162.440000001,4101036.512999999,True,False,True,Sand,non_plastic,mineral,,Sand,Sand
c_15,177,c_15-177,MAYP1114611__176__01377.txt,continuous_spectra,sand,2025-07-10,5766623.559999999,4101036.512999999,True,False,True,Sand,non_plastic,mineral,,Sand,Sand
c_15,178,c_15-178,MAYP1114611__177__01378.txt,continuous_spectra,sand,2025-07-10,4722593.440000001,4101036.512999999,True,False,True,Sand,non_plastic,mineral,,Sand,Sand
c_15,179,c_15-179,MAYP1114611__178__01379.txt,continuous_spectra,sand,2025-07-10,6182398.559999999,4101036.512999999,True,False,True,Sand,non_plastic,mineral,,Sand,Sand
c_15,180,c_15-180,MAYP1114611__179__01380.txt,continuous_spectra,sand,2025-07-10,6512533.0,4101036.512999999,True,False,True,Sand,non_plastic,mineral,,Sand,Sand
c_15,181,c_15-181,MAYP1114611__180__01381.txt,continuous_spectra,sand,2025-07-10,6194564.440000001,4101036.512999999,True,False,True,Sand,non_plastic,mineral,,Sand,Sand
c_15,182,c_15-182,MAYP1114611__181__01382.txt,continuous_spectra,sand,2025-07-10,7289542.559999999,4101036.512999999,True,False,True,Sand,non_plastic,mineral,,Sand,Sand
c_15,183,c_15-183,MAYP1114611__182__01383.txt,continuous_spectra,sand,2025-07-10,5126841.559999999,4101036.512999999,True,False,True,Sand,non_plastic,mineral,,Sand,Sand
c_15,214,c_15-214,MAYP1114611__213__01414.txt,continuous_spectra,sand,2025-07-10,5213345.440000001,4101036.512999999,True,False,True,Sand,non_plastic,mineral,,Sand,Sand
c_15,215,c_15-215,MAYP1114611__214__01415.txt,continuous_spectra,sand,2025-07-10,5506120.0,4101036.512999999,True,False,True,Sand,non_plastic,mineral,,Sand,Sand
c_15,216,c_15-216,MAYP1114611__215__01416.txt,continuous_spectra,sand,2025-07-10,5790875.0,4101036.512999999,True,False,True,Sand,non_plastic,mineral,,Sand,Sand
c_15,217,c_15-217,MAYP1114611__216__01417.txt,continuous_spectra,sand,2025-07-10,5403933.440000001,4101036.512999999,True,False,True,Sand,non_plastic,mineral,,Sand,Sand
c_15,218,c_15-218,MAYP1114611__217__01418.txt,continuous_spectra,sand,2025-07-10,4993163.0,4101036.512999999,True,False,True,Sand,non_plastic,mineral,,Sand,Sand
c_15,219,c_15-219,MAYP1114611__218__01419.txt,continuous_spectra,sand,2025-07-10,5470197.440000001,4101036.512999999,True,False,True,Sand,non_plastic,mineral,,Sand,Sand
c_15,220,c_15-220,MAYP1114611__219__01420.txt,continuous_spectra,sand,2025-07-10,6432595.440000001,4101036.512999999,True,False,True,Sand,non_plastic,mineral,,Sand,Sand
c_15,221,c_15-221,MAYP1114611__220__01421.txt,continuous_spectra,sand,2025-07-10,5545276.440000001,4101036.512999999,True,False,True,Sand,non_plastic,mineral,,Sand,Sand
c_15,225,c_15-225,MAYP1114611__224__01425.txt,continuous_spectra,sand,2025-07-10,4850343.0,4101036.512999999,True,False,True,Sand,non_plastic,mineral,,Sand,Sand
c_15,226,c_15-226,MAYP1114611__225__01426.txt,continuous_spectra,sand,2025-07-10,6313675.559999999,4101036.512999999,True,False,True,Sand,non_plastic,mineral,,Sand,Sand
c_15,227,c_15-227,MAYP1114611__226__01427.txt,continuous_spectra,sand,2025-07-10,5340984.440000001,4101036.512999999,True,False,True,Sand,non_plastic,mineral,,Sand,Sand
c_15,228,c_15-228,MAYP1114611__227__01428.txt,continuous_spectra,sand,2025-07-10,6317983.559999999,4101036.512999999,True,False,True,Sand,non_plastic,mineral,,Sand,Sand
c_15,229,c_15-229,MAYP1114611__228__01429.txt,continuous_spectra,sand,2025-07-10,5800570.0,4101036.512999999,True,False,True,Sand,non_plastic,mineral,,Sand,Sand
c_15,230,c_15-230,MAYP1114611__229__01430.txt,continuous_spectra,sand,2025-07-10,5372115.440000001,4101036.512999999,True,False,True,Sand,non_plastic,mineral,,Sand,Sand
c_15,231,c_15-231,MAYP1114611__230__01431.txt,continuous_spectra,sand,2025-07-10,5712386.0,4101036.512999999,True,False,True,Sand,non_plastic,mineral,,Sand,Sand
c_15,232,c_15-232,MAYP1114611__231__01432.txt,continuous_spectra,sand,2025-07-10,6586010.0,4101036.512999999,True,False,True,Sand,non_plastic,mineral,,Sand,Sand
c_15,235,c_15-235,MAYP1114611__234__01435.txt,continuous_spectra,sand,2025-07-10,6306805.0,4101036.512999999,True,False,True,Sand,non_plastic,mineral,,Sand,PE-HD (blue)
c_15,236,c_15-236,MAYP1114611__235__01436.txt,continuous_spectra,sand,2025-07-10,6409841.0,4101036.512999999,True,False,True,Sand,non_plastic,mineral,,Sand,Sand
c_15,237,c_15-237,MAYP1114611__236__01437.txt,continuous_spectra,sand,2025-07-10,5107746.440000001,4101036.512999999,True,False,True,Sand,non_plastic,mineral,,Sand,Sand
c_15,238,c_15-238,MAYP1114611__237__01438.txt,continuous_spectra,sand,2025-07-10,6955575.440000001,4101036.512999999,True,False,True,Sand,non_plastic,mineral,,Sand,Sand
c_15,239,c_15-239,MAYP1114611__238__01439.txt,continuous_spectra,sand,2025-07-10,5502037.559999999,4101036.512999999,True,False,True,Sand,non_plastic,mineral,,Sand,Sand
c_15,240,c_15-240,MAYP1114611__239__01440.txt,continuous_spectra,sand,2025-07-10,6931056.559999999,4101036.512999999,True,False,True,Sand,non_plastic,mineral,,Sand,Sand
c_15,241,c_15-241,MAYP1114611__240__01441.txt,continuous_spectra,sand,2025-07-10,6305069.559999999,4101036.512999999,True,False,True,Sand,non_plastic,mineral,,Sand,Sand
c_15,242,c_15-242,MAYP1114611__241__01442.txt,continuous_spectra,sand,2025-07-10,5362078.0,4101036.512999999,True,False,True,Sand,non_plastic,mineral,,Sand,Sand
c_15,243,c_15-243,MAYP1114611__242__01443.txt,continuous_spectra,sand,2025-07-10,5149866.0,4101036.512999999,True,False,True,Sand,non_plastic,mineral,,Sand,Sand
c_15,245,c_15-245,MAYP1114611__244__01445.txt,continuous_spectra,sand,2025-07-10,4679460.559999999,4101036.512999999,True,False,True,Sand,non_plastic,mineral,,Sand,Sand
c_15,246,c_15-246,MAYP1114611__245__01446.txt,continuous_spectra,sand,2025-07-10,5570385.0,4101036.512999999,True,False,True,Sand,non_plastic,mineral,,Sand,Sand
c_15,247,c_15-247,MAYP1114611__246__01447.txt,continuous_spectra,sand,2025-07-10,5825594.440000001,4101036.512999999,True,False,True,Sand,non_plastic,mineral,,Sand,Sand
c_15,248,c_15-248,MAYP1114611__247__01448.txt,continuous_spectra,sand,2025-07-10,7975863.0,4101036.512999999,True,False,True,Sand,non_plastic,mineral,,Sand,Sand
c_15,249,c_15-249,MAYP1114611__248__01449.txt,continuous_spectra,sand,2025-07-10,6615687.559999999,4101036.512999999,True,False,True,Sand,non_plastic,mineral,,Sand,Sand
c_15,250,c_15-250,MAYP1114611__249__01450.txt,continuous_spectra,sand,2025-07-10,6295727.0,4101036.512999999,True,False,True,Sand,non_plastic,mineral,,Sand,Sand
c_15,251,c_15-251,MAYP1114611__250__01451.txt,continuous_spectra,sand,2025-07-10,6823510.559999999,4101036.512999999,True,False,True,Sand,non_plastic,mineral,,Sand,Sand
c_15,252,c_15-252,MAYP1114611__251__01452.txt,continuous_spectra,sand,2025-07-10,7142673.559999999,4101036.512999999,True,False,True,Sand,non_plastic,mineral,,Sand,Sand
c_15,253,c_15-253,MAYP1114611__252__01453.txt,continuous_spectra,sand,2025-07-10,6300311.440000001,4101036.512999999,True,False,True,Sand,non_plastic,mineral,,Sand,Sand
c_15,254,c_15-254,MAYP1114611__253__01454.txt,continuous_spectra,sand,2025-07-10,4644455.559999999,4101036.512999999,True,False,True,Sand,non_plastic,mineral,,Sand,Sand
c_15,258,c_15-258,MAYP1114611__257__01458.txt,continuous_spectra,sand,2025-07-10,5933431.559999999,4101036.512999999,True,False,True,Sand,non_plastic,mineral,,Sand,Sand
c_15,259,c_15-259,MAYP1114611__258__01459.txt,continuous_spectra,sand,2025-07-10,7267874.0,4101036.512999999,True,False,True,Sand,non_plastic,mineral,,Sand,Sand
c_15,260,c_15-260,MAYP1114611__259__01460.txt,continuous_spectra,sand,2025-07-10,8396732.559999999,4101036.512999999,True,False,True,Sand,non_plastic,mineral,,Sand,Sand
c_15,261,c_15-261,MAYP1114611__260__01461.txt,continuous_spectra,sand,2025-07-10,7459288.559999999,4101036.512999999,True,False,True,Sand,non_plastic,mineral,,Sand,Sand
c_15,262,c_15-262,MAYP1114611__261__01462.txt,continuous_spectra,sand,2025-07-10,7100224.440000001,4101036.512999999,True,False,True,Sand,non_plastic,mineral,,Sand,Sand
c_15,263,c_15-263,MAYP1114611__262__01463.txt,continuous_spectra,sand,2025-07-10,4841102.440000001,4101036.512999999,True,False,True,Sand,non_plastic,mineral,,Sand,Sand
c_15,264,c_15-264,MAYP1114611__263__01464.txt,continuous_spectra,sand,2025-07-10,5429013.440000001,4101036.512999999,True,False,True,Sand,non_plastic,mineral,,Sand,Sand
c_15,265,c_15-265,MAYP1114611__264__01465.txt,continuous_spectra,sand,2025-07-10,4928340.559999999,4101036.512999999,True,False,True,Sand,non_plastic,mineral,,Sand,Sand
c_15,269,c_15-269,MAYP1114611__268__01469.txt,continuous_spectra,sand,2025-07-10,7500683.559999999,4101036.512999999,True,False,True,Sand,non_plastic,mineral,,Sand,Sand
c_15,270,c_15-270,MAYP1114611__269__01470.txt,continuous_spectra,sand,2025-07-10,5961584.0,4101036.512999999,True,False,True,Sand,non_plastic,mineral,,Sand,Sand
c_15,271,c_15-271,MAYP1114611__270__01471.txt,continuous_spectra,sand,2025-07-10,7822676.559999999,4101036.512999999,True,False,True,Sand,non_plastic,mineral,,Sand,Sand
c_15,272,c_15-272,MAYP1114611__271__01472.txt,continuous_spectra,sand,2025-07-10,9102857.0,4101036.512999999,True,False,True,Sand,non_plastic,mineral,,Sand,Sand
c_15,273,c_15-273,MAYP1114611__272__01473.txt,continuous_spectra,sand,2025-07-10,6198005.440000001,4101036.512999999,True,False,True,Sand,non_plastic,mineral,,Sand,Sand
c_15,274,c_15-274,MAYP1114611__273__01474.txt,continuous_spectra,sand,2025-07-10,6174510.559999999,4101036.512999999,True,False,True,Sand,non_plastic,mineral,,Sand,Sand
c_15,275,c_15-275,MAYP1114611__274__01475.txt,continuous_spectra,sand,2025-07-10,6439440.440000001,4101036.512999999,True,False,True,Sand,non_plastic,mineral,,Sand,Sand
c_15,276,c_15-276,MAYP1114611__275__01476.txt,continuous_spectra,sand,2025-07-10,4207870.0,4101036.512999999,True,False,True,Sand,non_plastic,mineral,,Sand,Sand
c_16,28,c_16-028,MAYP1114611__27__01528.txt,continuous_spectra,wood,2025-07-10,4292569.440000001,3786698.475,True,False,True,Wood,non_plastic,wood,,Wood,Wood
c_16,29,c_16-029,MAYP1114611__28__01529.txt,continuous_spectra,wood,2025-07-10,5402285.440000001,3786698.475,True,False,True,Wood,non_plastic,wood,,Wood,Wood
c_16,30,c_16-030,MAYP1114611__29__01530.txt,continuous_spectra,wood,2025-07-10,5559751.0,3786698.475,True,False,True,Wood,non_plastic,wood,,Wood,Wood
c_16,31,c_16-031,MAYP1114611__30__01531.txt,continuous_spectra,wood,2025-07-10,5752644.559999999,3786698.475,True,False,True,Wood,non_plastic,wood,,Wood,Wood
c_16,32,c_16-032,MAYP1114611__31__01532.txt,continuous_spectra,wood,2025-07-10,5598481.559999999,3786698.475,True,False,True,Wood,non_plastic,wood,,Wood,Wood
c_16,33,c_16-033,MAYP1114611__32__01533.txt,continuous_spectra,wood,2025-07-10,4561270.0,3786698.475,True,False,True,Wood,non_plastic,wood,,Wood,Wood
c_16,34,c_16-034,MAYP1114611__33__01534.txt,continuous_spectra,wood,2025-07-10,4487062.440000001,3786698.475,True,False,True,Wood,non_plastic,wood,,Wood,Wood
c_16,39,c_16-039,MAYP1114611__38__01539.txt,continuous_spectra,wood,2025-07-10,4421977.440000001,3786698.475,True,False,True,Wood,non_plastic,wood,,Wood,Wood
c_16,40,c_16-040,MAYP1114611__39__01540.txt,continuous_spectra,wood,2025-07-10,5310079.559999999,3786698.475,True,False,True,Wood,non_plastic,wood,,Wood,Wood
c_16,41,c_16-041,MAYP1114611__40__01541.txt,continuous_spectra,wood,2025-07-10,5824366.440000001,3786698.475,True,False,True,Wood,non_plastic,wood,,Wood,Wood
c_16,42,c_16-042,MAYP1114611__41__01542.txt,continuous_spectra,wood,2025-07-10,5453498.559999999,3786698.475,True,False,True,Wood,non_plastic,wood,,Wood,Wood
c_16,43,c_16-043,MAYP1114611__42__01543.txt,continuous_spectra,wood,2025-07-10,4575671.0,3786698.475,True,False,True,Wood,non_plastic,wood,,Wood,Wood
c_16,44,c_16-044,MAYP1114611__43__01544.txt,continuous_spectra,wood,2025-07-10,5130637.440000001,3786698.475,True,False,True,Wood,non_plastic,wood,,Wood,Wood
c_16,45,c_16-045,MAYP1114611__44__01545.txt,continuous_spectra,wood,2025-07-10,4469000.440000001,3786698.475,True,False,True,Wood,non_plastic,wood,,Wood,Wood
c_16,46,c_16-046,MAYP1114611__45__01546.txt,continuous_spectra,wood,2025-07-10,4487094.559999999,3786698.475,True,False,True,Wood,non_plastic,wood,,Wood,Wood
c_16,51,c_16-051,MAYP1114611__50__01551.txt,continuous_spectra,wood,2025-07-10,5425823.0,3786698.475,True,False,True,Wood,non_plastic,wood,,Wood,Wood
c_16,52,c_16-052,MAYP1114611__51__01552.txt,continuous_spectra,wood,2025-07-10,5523083.440000001,3786698.475,True,False,True,Wood,non_plastic,wood,,Wood,Wood
c_16,53,c_16-053,MAYP1114611__52__01553.txt,continuous_spectra,wood,2025-07-10,5157318.440000001,3786698.475,True,False,True,Wood,non_plastic,wood,,Wood,Wood
c_16,54,c_16-054,MAYP1114611__53__01554.txt,continuous_spectra,wood,2025-07-10,5808588.440000001,3786698.475,True,False,True,Wood,non_plastic,wood,,Wood,Wood
c_16,55,c_16-055,MAYP1114611__54__01555.txt,continuous_spectra,wood,2025-07-10,6602623.440000001,3786698.475,True,False,True,Wood,non_plastic,wood,,Wood,Wood
c_16,56,c_16-056,MAYP1114611__55__01556.txt,continuous_spectra,wood,2025-07-10,5583292.0,3786698.475,True,False,True,Wood,non_plastic,wood,,Wood,Wood
c_16,57,c_16-057,MAYP1114611__56__01557.txt,continuous_spectra,wood,2025-07-10,3845470.0,3786698.475,True,False,True,Wood,non_plastic,wood,,Wood,Wood
c_16,61,c_16-061,MAYP1114611__60__01561.txt,continuous_spectra,wood,2025-07-10,5295645.559999999,3786698.475,True,False,True,Wood,non_plastic,wood,,Wood,Wood
c_16,62,c_16-062,MAYP1114611__61__01562.txt,continuous_spectra,wood,2025-07-10,4655116.559999999,3786698.475,True,False,True,Wood,non_plastic,wood,,Wood,Wood
c_16,63,c_16-063,MAYP1114611__62__01563.txt,continuous_spectra,wood,2025-07-10,4686708.440000001,3786698.475,True,False,True,Wood,non_plastic,wood,,Wood,Wood
c_16,64,c_16-064,MAYP1114611__63__01564.txt,continuous_spectra,wood,2025-07-10,5596182.0,3786698.475,True,False,True,Wood,non_plastic,wood,,Wood,Wood
c_16,65,c_16-065,MAYP1114611__64__01565.txt,continuous_spectra,wood,2025-07-10,6193809.559999999,3786698.475,True,False,True,Wood,non_plastic,wood,,Wood,Wood
c_16,66,c_16-066,MAYP1114611__65__01566.txt,continuous_spectra,wood,2025-07-10,5739374.0,3786698.475,True,False,True,Wood,non_plastic,wood,,Wood,Wood
c_16,67,c_16-067,MAYP1114611__66__01567.txt,continuous_spectra,wood,2025-07-10,5890216.440000001,3786698.475,True,False,True,Wood,non_plastic,wood,,Wood,Wood
c_16,68,c_16-068,MAYP1114611__67__01568.txt,continuous_spectra,wood,2025-07-10,4931794.559999999,3786698.475,True,False,True,Wood,non_plastic,wood,,Wood,Wood
c_16,73,c_16-073,MAYP1114611__72__01573.txt,continuous_spectra,wood,2025-07-10,5440310.440000001,3786698.475,True,False,True,Wood,non_plastic,wood,,Wood,Wood
c_16,74,c_16-074,MAYP1114611__73__01574.txt,continuous_spectra,wood,2025-07-10,6692591.440000001,3786698.475,True,False,True,Wood,non_plastic,wood,,Wood,Wood
c_16,75,c_16-075,MAYP1114611__74__01575.txt,continuous_spectra,wood,2025-07-10,6019237.0,3786698.475,True,False,True,Wood,non_plastic,wood,,Wood,Wood
c_16,76,c_16-076,MAYP1114611__75__01576.txt,continuous_spectra,wood,2025-07-10,5682429.440000001,3786698.475,True,False,True,Wood,non_plastic,wood,,Wood,Wood
c_16,77,c_16-077,MAYP1114611__76__01577.txt,continuous_spectra,wood,2025-07-10,5780274.440000001,3786698.475,True,False,True,Wood,non_plastic,wood,,Wood,Wood
c_16,78,c_16-078,MAYP1114611__77__01578.txt,continuous_spectra,wood,2025-07-10,4902726.559999999,3786698.475,True,False,True,Wood,non_plastic,wood,,Wood,Wood
c_16,79,c_16-079,MAYP1114611__78__01579.txt,continuous_spectra,wood,2025-07-10,5426598.440000001,3786698.475,True,False,True,Wood,non_plastic,wood,,Wood,Wood
c_16,84,c_16-084,MAYP1114611__83__01584.txt,continuous_spectra,wood,2025-07-10,5850282.440000001,3786698.475,True,False,True,Wood,non_plastic,wood,,Wood,Wood
c_16,85,c_16-085,MAYP1114611__84__01585.txt,continuous_spectra,wood,2025-07-10,5366673.0,3786698.475,True,False,True,Wood,non_plastic,wood,,Wood,Wood
c_16,86,c_16-086,MAYP1114611__85__01586.txt,continuous_spectra,wood,2025-07-10,5472832.559999999,3786698.475,True,False,True,Wood,non_plastic,wood,,Wood,Wood
c_16,87,c_16-087,MAYP1114611__86__01587.txt,continuous_spectra,wood,2025-07-10,5815970.0,3786698.475,True,False,True,Wood,non_plastic,wood,,Wood,Wood
c_16,88,c_16-088,MAYP1114611__87__01588.txt,continuous_spectra,wood,2025-07-10,4538970.559999999,3786698.475,True,False,True,Wood,non_plastic,wood,,Wood,Wood
c_16,89,c_16-089,MAYP1114611__88__01589.txt,continuous_spectra,wood,2025-07-10,5145004.559999999,3786698.475,True,False,True,Wood,non_plastic,wood,,Wood,Wood
c_16,90,c_16-090,MAYP1114611__89__01590.txt,continuous_spectra,wood,2025-07-10,4268124.0,3786698.475,True,False,True,Wood,non_plastic,wood,,Wood,Wood
c_16,121,c_16-121,MAYP1114611__120__01621.txt,continuous_spectra,wood,2025-07-10,3932968.0,3786698.475,True,False,True,Wood,non_plastic,wood,,Wood,Wood
c_16,122,c_16-122,MAYP1114611__121__01622.txt,continuous_spectra,wood,2025-07-10,6359669.440000001,3786698.475,True,False,True,Wood,non_plastic,wood,,Wood,Wood
c_16,123,c_16-123,MAYP1114611__122__01623.txt,continuous_spectra,wood,2025-07-10,4827031.440000001,3786698.475,True,False,True,Wood,non_plastic,wood,,Wood,Wood
c_16,124,c_16-124,MAYP1114611__123__01624.txt,continuous_spectra,wood,2025-07-10,4172519.0,3786698.475,True,False,True,Wood,non_plastic,wood,,Wood,Wood
c_16,125,c_16-125,MAYP1114611__124__01625.txt,continuous_spectra,wood,2025-07-10,4732072.0,3786698.475,True,False,True,Wood,non_plastic,wood,,Wood,Wood
c_16,126,c_16-126,MAYP1114611__125__01626.txt,continuous_spectra,wood,2025-07-10,4772637.559999999,3786698.475,True,False,True,Wood,non_plastic,wood,,Wood,Wood
c_16,127,c_16-127,MAYP1114611__126__01627.txt,continuous_spectra,wood,2025-07-10,5607487.440000001,3786698.475,True,False,True,Wood,non_plastic,wood,,Wood,Wood
c_16,128,c_16-128,MAYP1114611__127__01628.txt,continuous_spectra,wood,2025-07-10,4305260.440000001,3786698.475,True,False,True,Wood,non_plastic,wood,,Wood,Wood
c_16,133,c_16-133,MAYP1114611__132__01633.txt,continuous_spectra,wood,2025-07-10,5436438.0,3786698.475,True,False,True,Wood,non_plastic,wood,,Wood,Wood
c_16,134,c_16-134,MAYP1114611__133__01634.txt,continuous_spectra,wood,2025-07-10,5151811.0,3786698.475,True,False,True,Wood,non_plastic,wood,,Wood,Wood
c_16,135,c_16-135,MAYP1114611__134__01635.txt,continuous_spectra,wood,2025-07-10,6350794.559999999,3786698.475,True,False,True,Wood,non_plastic,wood,,Wood,Wood
c_16,136,c_16-136,MAYP1114611__135__01636.txt,continuous_spectra,wood,2025-07-10,5783515.0,3786698.475,True,False,True,Wood,non_plastic,wood,,Wood,Wood
c_16,137,c_16-137,MAYP1114611__136__01637.txt,continuous_spectra,wood,2025-07-10,5695307.440000001,3786698.475,True,False,True,Wood,non_plastic,wood,,Wood,Wood
c_16,138,c_16-138,MAYP1114611__137__01638.txt,continuous_spectra,wood,2025-07-10,6014408.559999999,3786698.475,True,False,True,Wood,non_plastic,wood,,Wood,Wood
c_16,139,c_16-139,MAYP1114611__138__01639.txt,continuous_spectra,wood,2025-07-10,6020638.0,3786698.475,True,False,True,Wood,non_plastic,wood,,Wood,Wood
c_16,140,c_16-140,MAYP1114611__139__01640.txt,continuous_spectra,wood,2025-07-10,3853954.0,3786698.475,True,False,True,Wood,non_plastic,wood,,Wood,Wood
c_16,143,c_16-143,MAYP1114611__142__01643.txt,continuous_spectra,wood,2025-07-10,4885627.559999999,3786698.475,True,False,True,Wood,non_plastic,wood,,Wood,Wood
c_16,144,c_16-144,MAYP1114611__143__01644.txt,continuous_spectra,wood,2025-07-10,5936419.0,3786698.475,True,False,True,Wood,non_plastic,wood,,Wood,Wood
c_16,145,c_16-145,MAYP1114611__144__01645.txt,continuous_spectra,wood,2025-07-10,4470527.440000001,3786698.475,True,False,True,Wood,non_plastic,wood,,Wood,Wood
c_16,146,c_16-146,MAYP1114611__145__01646.txt,continuous_spectra,wood,2025-07-10,4166313.0,3786698.475,True,False,True,Wood,non_plastic,wood,,Wood,Wood
c_16,147,c_16-147,MAYP1114611__146__01647.txt,continuous_spectra,wood,2025-07-10,6520484.559999999,3786698.475,True,False,True,Wood,non_plastic,wood,,Wood,Wood
c_16,148,c_16-148,MAYP1114611__147__01648.txt,continuous_spectra,wood,2025-07-10,4662145.440000001,3786698.475,True,False,True,Wood,non_plastic,wood,,Wood,Wood
c_16,149,c_16-149,MAYP1114611__148__01649.txt,continuous_spectra,wood,2025-07-10,4967766.559999999,3786698.475,True,False,True,Wood,non_plastic,wood,,Wood,Wood
c_16,150,c_16-150,MAYP1114611__149__01650.txt,continuous_spectra,wood,2025-07-10,6110324.440000001,3786698.475,True,False,True,Wood,non_plastic,wood,,Wood,Wood
c_16,151,c_16-151,MAYP1114611__150__01651.txt,continuous_spectra,wood,2025-07-10,4132010.440000002,3786698.475,True,False,True,Wood,non_plastic,wood,,Wood,Wood
c_16,153,c_16-153,MAYP1114611__152__01653.txt,continuous_spectra,wood,2025-07-10,4102382.559999998,3786698.475,True,False,True,Wood,non_plastic,wood,,Wood,Wood
c_16,154,c_16-154,MAYP1114611__153__01654.txt,continuous_spectra,wood,2025-07-10,6013413.0,3786698.475,True,False,True,Wood,non_plastic,wood,,Wood,Wood
c_16,155,c_16-155,MAYP1114611__154__01655.txt,continuous_spectra,wood,2025-07-10,6289191.559999999,3786698.475,True,False,True,Wood,non_plastic,wood,,Wood,Wood
c_16,156,c_16-156,MAYP1114611__155__01656.txt,continuous_spectra,wood,2025-07-10,4604416.559999999,3786698.475,True,False,True,Wood,non_plastic,wood,,Wood,Wood
c_16,157,c_16-157,MAYP1114611__156__01657.txt,continuous_spectra,wood,2025-07-10,6100649.559999999,3786698.475,True,False,True,Wood,non_plastic,wood,,Wood,Wood
c_16,158,c_16-158,MAYP1114611__157__01658.txt,continuous_spectra,wood,2025-07-10,6602225.440000001,3786698.475,True,False,True,Wood,non_plastic,wood,,Wood,Wood
c_16,159,c_16-159,MAYP1114611__158__01659.txt,continuous_spectra,wood,2025-07-10,5671509.0,3786698.475,True,False,True,Wood,non_plastic,wood,,Wood,Wood
c_16,160,c_16-160,MAYP1114611__159__01660.txt,continuous_spectra,wood,2025-07-10,5371324.0,3786698.475,True,False,True,Wood,non_plastic,wood,,Wood,Wood
c_16,161,c_16-161,MAYP1114611__160__01661.txt,continuous_spectra,wood,2025-07-10,4813247.559999999,3786698.475,True,False,True,Wood,non_plastic,wood,,Wood,Wood
c_16,165,c_16-165,MAYP1114611__164__01665.txt,continuous_spectra,wood,2025-07-10,5802468.440000001,3786698.475,True,False,True,Wood,non_plastic,wood,,Wood,Wood
c_16,166,c_16-166,MAYP1114611__165__01666.txt,continuous_spectra,wood,2025-07-10,5818139.440000001,3786698.475,True,False,True,Wood,non_plastic,wood,,Wood,Wood
c_16,167,c_16-167,MAYP1114611__166__01667.txt,continuous_spectra,wood,2025-07-10,5599871.559999999,3786698.475,True,False,True,Wood,non_plastic,wood,,Wood,Wood
c_16,168,c_16-168,MAYP1114611__167__01668.txt,continuous_spectra,wood,2025-07-10,4482095.440000001,3786698.475,True,False,True,Wood,non_plastic,wood,,Wood,Wood
c_16,169,c_16-169,MAYP1114611__168__01669.txt,continuous_spectra,wood,2025-07-10,4500473.559999999,3786698.475,True,False,True,Wood,non_plastic,wood,,Wood,Wood
c_16,170,c_16-170,MAYP1114611__169__01670.txt,continuous_spectra,wood,2025-07-10,4768415.440000001,3786698.475,True,False,True,Wood,non_plastic,wood,,Wood,Wood
c_16,171,c_16-171,MAYP1114611__170__01671.txt,continuous_spectra,wood,2025-07-10,4840209.0,3786698.475,True,False,True,Wood,non_plastic,wood,,Wood,Wood
c_16,172,c_16-172,MAYP1114611__171__01672.txt,continuous_spectra,wood,2025-07-10,4810477.0,3786698.475,True,False,True,Wood,non_plastic,wood,,Wood,Wood
c_16,176,c_16-176,MAYP1114611__175__01676.txt,continuous_spectra,wood,2025-07-10,4321010.559999999,3786698.475,True,False,True,Wood,non_plastic,wood,,Wood,Wood
c_16,177,c_16-177,MAYP1114611__176__01677.txt,continuous_spectra,wood,2025-07-10,4596454.0,3786698.475,True,False,True,Wood,non_plastic,wood,,Wood,Wood
c_16,178,c_16-178,MAYP1114611__177__01678.txt,continuous_spectra,wood,2025-07-10,6177084.0,3786698.475,True,False,True,Wood,non_plastic,wood,,Wood,Wood
c_16,179,c_16-179,MAYP1114611__178__01679.txt,continuous_spectra,wood,2025-07-10,5364727.440000001,3786698.475,True,False,True,Wood,non_plastic,wood,,Wood,Wood
c_16,180,c_16-180,MAYP1114611__179__01680.txt,continuous_spectra,wood,2025-07-10,4814698.440000001,3786698.475,True,False,True,Wood,non_plastic,wood,,Wood,Wood
c_16,181,c_16-181,MAYP1114611__180__01681.txt,continuous_spectra,wood,2025-07-10,4833248.0,3786698.475,True,False,True,Wood,non_plastic,wood,,Wood,Wood
c_16,182,c_16-182,MAYP1114611__181__01682.txt,continuous_spectra,wood,2025-07-10,5831719.559999999,3786698.475,True,False,True,Wood,non_plastic,wood,,Wood,Wood
c_16,183,c_16-183,MAYP1114611__182__01683.txt,continuous_spectra,wood,2025-07-10,4641126.440000001,3786698.475,True,False,True,Wood,non_plastic,wood,,Wood,Wood
c_16,214,c_16-214,MAYP1114611__213__01714.txt,continuous_spectra,wood,2025-07-10,5324875.440000001,3786698.475,True,False,True,Wood,non_plastic,wood,,Wood,Wood
c_16,215,c_16-215,MAYP1114611__214__01715.txt,continuous_spectra,wood,2025-07-10,3934919.559999998,3786698.475,True,False,True,Wood,non_plastic,wood,,Wood,Wood
c_16,216,c_16-216,MAYP1114611__215__01716.txt,continuous_spectra,wood,2025-07-10,4112462.0,3786698.475,True,False,True,Wood,non_plastic,wood,,Wood,Wood
c_16,217,c_16-217,MAYP1114611__216__01717.txt,continuous_spectra,wood,2025-07-10,4214113.0,3786698.475,True,False,True,Wood,non_plastic,wood,,Wood,Wood
c_16,218,c_16-218,MAYP1114611__217__01718.txt,continuous_spectra,wood,2025-07-10,4699986.440000001,3786698.475,True,False,True,Wood,non_plastic,wood,,Wood,Wood
c_16,219,c_16-219,MAYP1114611__218__01719.txt,continuous_spectra,wood,2025-07-10,4115418.559999998,3786698.475,True,False,True,Wood,non_plastic,wood,,Wood,Wood
c_16,220,c_16-220,MAYP1114611__219__01720.txt,continuous_spectra,wood,2025-07-10,4688350.440000001,3786698.475,True,False,True,Wood,non_plastic,wood,,Wood,Wood
c_16,221,c_16-221,MAYP1114611__220__01721.txt,continuous_spectra,wood,2025-07-10,4713367.559999999,3786698.475,True,False,True,Wood,non_plastic,wood,,Wood,Wood
c_16,222,c_16-222,MAYP1114611__221__01722.txt,continuous_spectra,wood,2025-07-10,4205837.440000001,3786698.475,True,False,True,Wood,non_plastic,wood,,Wood,Wood
c_16,225,c_16-225,MAYP1114611__224__01725.txt,continuous_spectra,wood,2025-07-10,4287371.559999999,3786698.475,True,False,True,Wood,non_plastic,wood,,Wood,Wood
c_16,226,c_16-226,MAYP1114611__225__01726.txt,continuous_spectra,wood,2025-07-10,5402683.440000001,3786698.475,True,False,True,Wood,non_plastic,wood,,Wood,Wood
c_16,227,c_16-227,MAYP1114611__226__01727.txt,continuous_spectra,wood,2025-07-10,4685375.0,3786698.475,True,False,True,Wood,non_plastic,wood,,Wood,Wood
c_16,228,c_16-228,MAYP1114611__227__01728.txt,continuous_spectra,wood,2025-07-10,4164787.440000002,3786698.475,True,False,True,Wood,non_plastic,wood,,Wood,Wood
c_16,229,c_16-229,MAYP1114611__228__01729.txt,continuous_spectra,wood,2025-07-10,3948238.0,3786698.475,True,False,True,Wood,non_plastic,wood,,Wood,Wood
c_16,230,c_16-230,MAYP1114611__229__01730.txt,continuous_spectra,wood,2025-07-10,3824531.0,3786698.475,True,False,True,Wood,non_plastic,wood,,Wood,Wood
c_16,231,c_16-231,MAYP1114611__230__01731.txt,continuous_spectra,wood,2025-07-10,3887900.440000002,3786698.475,True,False,True,Wood,non_plastic,wood,,Wood,Wood
c_16,232,c_16-232,MAYP1114611__231__01732.txt,continuous_spectra,wood,2025-07-10,4547903.440000001,3786698.475,True,False,True,Wood,non_plastic,wood,,Wood,Wood
c_16,233,c_16-233,MAYP1114611__232__01733.txt,continuous_spectra,wood,2025-07-10,3888218.440000002,3786698.475,True,False,True,Wood,non_plastic,wood,,Wood,Wood
c_16,234,c_16-234,MAYP1114611__233__01734.txt,continuous_spectra,wood,2025-07-10,3808423.559999998,3786698.475,True,False,True,Wood,non_plastic,wood,,Wood,Wood
c_16,236,c_16-236,MAYP1114611__235__01736.txt,continuous_spectra,wood,2025-07-10,4598554.440000001,3786698.475,True,False,True,Wood,non_plastic,wood,,Wood,Wood
c_16,237,c_16-237,MAYP1114611__236__01737.txt,continuous_spectra,wood,2025-07-10,5494768.559999999,3786698.475,True,False,True,Wood,non_plastic,wood,,Wood,Wood
c_16,238,c_16-238,MAYP1114611__237__01738.txt,continuous_spectra,wood,2025-07-10,5703652.440000001,3786698.475,True,False,True,Wood,non_plastic,wood,,Wood,Wood
c_16,239,c_16-239,MAYP1114611__238__01739.txt,continuous_spectra,wood,2025-07-10,6748861.440000001,3786698.475,True,False,True,Wood,non_plastic,wood,,Wood,Wood
c_16,240,c_16-240,MAYP1114611__239__01740.txt,continuous_spectra,wood,2025-07-10,5404299.0,3786698.475,True,False,True,Wood,non_plastic,wood,,Wood,Wood
c_16,241,c_16-241,MAYP1114611__240__01741.txt,continuous_spectra,wood,2025-07-10,5429326.440000001,3786698.475,True,False,True,Wood,non_plastic,wood,,Wood,Wood
c_16,242,c_16-242,MAYP1114611__241__01742.txt,continuous_spectra,wood,2025-07-10,5349943.0,3786698.475,True,False,True,Wood,non_plastic,wood,,Wood,Wood
c_16,243,c_16-243,MAYP1114611__242__01743.txt,continuous_spectra,wood,2025-07-10,4947934.440000001,3786698.475,True,False,True,Wood,non_plastic,wood,,Wood,Wood
c_16,247,c_16-247,MAYP1114611__246__01747.txt,continuous_spectra,wood,2025-07-10,4023226.559999998,3786698.475,True,False,True,Wood,non_plastic,wood,,Wood,Wood
c_16,248,c_16-248,MAYP1114611__247__01748.txt,continuous_spectra,wood,2025-07-10,5901115.0,3786698.475,True,False,True,Wood,non_plastic,wood,,Wood,Wood
c_16,249,c_16-249,MAYP1114611__248__01749.txt,continuous_spectra,wood,2025-07-10,5742357.559999999,3786698.475,True,False,True,Wood,non_plastic,wood,,Wood,Wood
c_16,250,c_16-250,MAYP1114611__249__01750.txt,continuous_spectra,wood,2025-07-10,5602758.0,3786698.475,True,False,True,Wood,non_plastic,wood,,Wood,Wood
c_16,251,c_16-251,MAYP1114611__250__01751.txt,continuous_spectra,wood,2025-07-10,4986333.0,3786698.475,True,False,True,Wood,non_plastic,wood,,Wood,Wood
c_16,252,c_16-252,MAYP1114611__251__01752.txt,continuous_spectra,wood,2025-07-10,5329356.440000001,3786698.475,True,False,True,Wood,non_plastic,wood,,Wood,Wood
c_16,253,c_16-253,MAYP1114611__252__01753.txt,continuous_spectra,wood,2025-07-10,5953073.559999999,3786698.475,True,False,True,Wood,non_plastic,wood,,Wood,Wood
c_16,254,c_16-254,MAYP1114611__253__01754.txt,continuous_spectra,wood,2025-07-10,4176593.440000002,3786698.475,True,False,True,Wood,non_plastic,wood,,Wood,Wood
c_16,257,c_16-257,MAYP1114611__256__01757.txt,continuous_spectra,wood,2025-07-10,4006503.0,3786698.475,True,False,True,Wood,non_plastic,wood,,Wood,Wood
c_16,258,c_16-258,MAYP1114611__257__01758.txt,continuous_spectra,wood,2025-07-10,6597305.559999999,3786698.475,True,False,True,Wood,non_plastic,wood,,Wood,Wood
c_16,259,c_16-259,MAYP1114611__258__01759.txt,continuous_spectra,wood,2025-07-10,6718815.0,3786698.475,True,False,True,Wood,non_plastic,wood,,Wood,Wood
c_16,260,c_16-260,MAYP1114611__259__01760.txt,continuous_spectra,wood,2025-07-10,6451481.559999999,3786698.475,True,False,True,Wood,non_plastic,wood,,Wood,Wood
c_16,261,c_16-261,MAYP1114611__260__01761.txt,continuous_spectra,wood,2025-07-10,6139607.559999999,3786698.475,True,False,True,Wood,non_plastic,wood,,Wood,Wood
c_16,262,c_16-262,MAYP1114611__261__01762.txt,continuous_spectra,wood,2025-07-10,5942515.440000001,3786698.475,True,False,True,Wood,non_plastic,wood,,Wood,Wood
c_16,263,c_16-263,MAYP1114611__262__01763.txt,continuous_spectra,wood,2025-07-10,5022498.0,3786698.475,True,False,True,Wood,non_plastic,wood,,Wood,Wood
c_16,264,c_16-264,MAYP1114611__263__01764.txt,continuous_spectra,wood,2025-07-10,5016713.440000001,3786698.475,True,False,True,Wood,non_plastic,wood,,Wood,Wood
c_16,265,c_16-265,MAYP1114611__264__01765.txt,continuous_spectra,wood,2025-07-10,4030583.0,3786698.475,True,False,True,Wood,non_plastic,wood,,Wood,Wood
c_16,269,c_16-269,MAYP1114611__268__01769.txt,continuous_spectra,wood,2025-07-10,5281850.440000001,3786698.475,True,False,True,Wood,non_plastic,wood,,Wood,Wood
c_16,270,c_16-270,MAYP1114611__269__01770.txt,continuous_spectra,wood,2025-07-10,5817869.440000001,3786698.475,True,False,True,Wood,non_plastic,wood,,Wood,Wood
c_16,271,c_16-271,MAYP1114611__270__01771.txt,continuous_spectra,wood,2025-07-10,6313714.559999999,3786698.475,True,False,True,Wood,non_plastic,wood,,Wood,Wood
c_16,272,c_16-272,MAYP1114611__271__01772.txt,continuous_spectra,wood,2025-07-10,5417783.559999999,3786698.475,True,False,True,Wood,non_plastic,wood,,Wood,Wood
c_16,273,c_16-273,MAYP1114611__272__01773.txt,continuous_spectra,wood,2025-07-10,6028408.559999999,3786698.475,True,False,True,Wood,non_plastic,wood,,Wood,Wood
c_16,274,c_16-274,MAYP1114611__273__01774.txt,continuous_spectra,wood,2025-07-10,6020321.0,3786698.475,True,False,True,Wood,non_plastic,wood,,Wood,Wood
c_16,275,c_16-275,MAYP1114611__274__01775.txt,continuous_spectra,wood,2025-07-10,5152449.0,3786698.475,True,False,True,Wood,non_plastic,wood,,Wood,Wood
c_17,28,c_17-028,MAYP1114611__27__01828.txt,continuous_spectra,pehd,2025-07-10,5356772.0,3940264.65,True,False,True,PE-HD,plastic,polymer,PE-HD,PE-HD,PP
c_17,29,c_17-029,MAYP1114611__28__01829.txt,continuous_spectra,pehd,2025-07-10,10465906.44,3940264.65,True,False,True,PE-HD,plastic,polymer,PE-HD,PE-HD,PE-HD
c_17,30,c_17-030,MAYP1114611__29__01830.txt,continuous_spectra,pehd,2025-07-10,10850714.0,3940264.65,True,False,True,PE-HD,plastic,polymer,PE-HD,PE-HD,PE-HD
c_17,31,c_17-031,MAYP1114611__30__01831.txt,continuous_spectra,pehd,2025-07-10,8623891.0,3940264.65,True,False,True,PE-HD,plastic,polymer,PE-HD,PE-HD,PE-HD
c_17,32,c_17-032,MAYP1114611__31__01832.txt,continuous_spectra,pehd,2025-07-10,11750232.56,3940264.65,True,False,True,PE-HD,plastic,polymer,PE-HD,PE-HD,PE-HD
c_17,33,c_17-033,MAYP1114611__32__01833.txt,continuous_spectra,pehd,2025-07-10,12373136.44,3940264.65,True,False,True,PE-HD,plastic,polymer,PE-HD,PE-HD,PE-HD
c_17,34,c_17-034,MAYP1114611__33__01834.txt,continuous_spectra,pehd,2025-07-10,7883576.440000001,3940264.65,True,False,True,PE-HD,plastic,polymer,PE-HD,PE-HD,PE-HD
c_17,35,c_17-035,MAYP1114611__34__01835.txt,continuous_spectra,pehd,2025-07-10,8386262.0,3940264.65,True,False,True,PE-HD,plastic,polymer,PE-HD,PE-HD,PE-HD
c_17,39,c_17-039,MAYP1114611__38__01839.txt,continuous_spectra,pehd,2025-07-10,4370674.440000001,3940264.65,True,False,True,PE-HD,plastic,polymer,PE-HD,PE-HD,PP
c_17,40,c_17-040,MAYP1114611__39__01840.txt,continuous_spectra,pehd,2025-07-10,8539574.440000001,3940264.65,True,False,True,PE-HD,plastic,polymer,PE-HD,PE-HD,PE-HD
c_17,41,c_17-041,MAYP1114611__40__01841.txt,continuous_spectra,pehd,2025-07-10,12705955.0,3940264.65,True,False,True,PE-HD,plastic,polymer,PE-HD,PE-HD,PE-HD
c_17,42,c_17-042,MAYP1114611__41__01842.txt,continuous_spectra,pehd,2025-07-10,12499180.0,3940264.65,True,False,True,PE-HD,plastic,polymer,PE-HD,PE-HD,PE-HD
c_17,43,c_17-043,MAYP1114611__42__01843.txt,continuous_spectra,pehd,2025-07-10,11702954.56,3940264.65,True,False,True,PE-HD,plastic,polymer,PE-HD,PE-HD,PE-HD
c_17,44,c_17-044,MAYP1114611__43__01844.txt,continuous_spectra,pehd,2025-07-10,15123759.0,3940264.65,True,False,True,PE-HD,plastic,polymer,PE-HD,PE-HD,PE-HD
c_17,45,c_17-045,MAYP1114611__44__01845.txt,continuous_spectra,pehd,2025-07-10,13582300.44,3940264.65,True,False,True,PE-HD,plastic,polymer,PE-HD,PE-HD,PE-HD
c_17,46,c_17-046,MAYP1114611__45__01846.txt,continuous_spectra,pehd,2025-07-10,8881608.440000001,3940264.65,True,False,True,PE-HD,plastic,polymer,PE-HD,PE-HD,PE-HD
c_17,47,c_17-047,MAYP1114611__46__01847.txt,continuous_spectra,pehd,2025-07-10,5087071.559999999,3940264.65,True,False,True,PE-HD,plastic,polymer,PE-HD,PE-HD,PE-HD
c_17,50,c_17-050,MAYP1114611__49__01850.txt,continuous_spectra,pehd,2025-07-10,5485535.440000001,3940264.65,True,False,True,PE-HD,plastic,polymer,PE-HD,PE-HD,PE-HD
c_17,51,c_17-051,MAYP1114611__50__01851.txt,continuous_spectra,pehd,2025-07-10,10386757.56,3940264.65,True,False,True,PE-HD,plastic,polymer,PE-HD,PE-HD,PE-HD
c_17,52,c_17-052,MAYP1114611__51__01852.txt,continuous_spectra,pehd,2025-07-10,7472926.0,3940264.65,True,False,True,PE-HD,plastic,polymer,PE-HD,PE-HD,PE-HD
c_17,53,c_17-053,MAYP1114611__52__01853.txt,continuous_spectra,pehd,2025-07-10,7723217.559999999,3940264.65,True,False,True,PE-HD,plastic,polymer,PE-HD,PE-HD,PE-HD
c_17,54,c_17-054,MAYP1114611__53__01854.txt,continuous_spectra,pehd,2025-07-10,11465478.0,3940264.65,True,False,True,PE-HD,plastic,polymer,PE-HD,PE-HD,PE-HD
c_17,55,c_17-055,MAYP1114611__54__01855.txt,continuous_spectra,pehd,2025-07-10,7679843.559999999,3940264.65,True,False,True,PE-HD,plastic,polymer,PE-HD,PE-HD,PE-HD
c_17,56,c_17-056,MAYP1114611__55__01856.txt,continuous_spectra,pehd,2025-07-10,12472057.56,3940264.65,True,False,True,PE-HD,plastic,polymer,PE-HD,PE-HD,PE-HD
c_17,57,c_17-057,MAYP1114611__56__01857.txt,continuous_spectra,pehd,2025-07-10,9314732.44,3940264.65,True,False,True,PE-HD,plastic,polymer,PE-HD,PE-HD,PE-HD
c_17,58,c_17-058,MAYP1114611__57__01858.txt,continuous_spectra,pehd,2025-07-10,4929717.0,3940264.65,True,False,True,PE-HD,plastic,polymer,PE-HD,PE-HD,PE-HD
c_17,62,c_17-062,MAYP1114611__61__01862.txt,continuous_spectra,pehd,2025-07-10,8845010.440000001,3940264.65,True,False,True,PE-HD,plastic,polymer,PE-HD,PE-HD,PE-HD
c_17,63,c_17-063,MAYP1114611__62__01863.txt,continuous_spectra,pehd,2025-07-10,13755523.44,3940264.65,True,False,True,PE-HD,plastic,polymer,PE-HD,PE-HD,PE-HD
c_17,64,c_17-064,MAYP1114611__63__01864.txt,continuous_spectra,pehd,2025-07-10,8816575.440000001,3940264.65,True,False,True,PE-HD,plastic,polymer,PE-HD,PE-HD,PE-HD
c_17,65,c_17-065,MAYP1114611__64__01865.txt,continuous_spectra,pehd,2025-07-10,11933722.44,3940264.65,True,False,True,PE-HD,plastic,polymer,PE-HD,PE-HD,PE-HD
c_17,66,c_17-066,MAYP1114611__65__01866.txt,continuous_spectra,pehd,2025-07-10,12047559.56,3940264.65,True,False,True,PE-HD,plastic,polymer,PE-HD,PE-HD,PE-HD
c_17,67,c_17-067,MAYP1114611__66__01867.txt,continuous_spectra,pehd,2025-07-10,9935148.44,3940264.65,True,False,True,PE-HD,plastic,polymer,PE-HD,PE-HD,PE-HD
c_17,68,c_17-068,MAYP1114611__67__01868.txt,continuous_spectra,pehd,2025-07-10,7373747.0,3940264.65,True,False,True,PE-HD,plastic,polymer,PE-HD,PE-HD,PE-HD
c_17,72,c_17-072,MAYP1114611__71__01872.txt,continuous_spectra,pehd,2025-07-10,5421324.440000001,3940264.65,True,False,True,PE-HD,plastic,polymer,PE-HD,PE-HD,PE-HD
c_17,73,c_17-073,MAYP1114611__72__01873.txt,continuous_spectra,pehd,2025-07-10,11752954.44,3940264.65,True,False,True,PE-HD,plastic,polymer,PE-HD,PE-HD,PE-HD
c_17,74,c_17-074,MAYP1114611__73__01874.txt,continuous_spectra,pehd,2025-07-10,17836783.0,3940264.65,True,False,True,PE-HD,plastic,polymer,PE-HD,PE-HD,PE-HD
c_17,75,c_17-075,MAYP1114611__74__01875.txt,continuous_spectra,pehd,2025-07-10,12768574.56,3940264.65,True,False,True,PE-HD,plastic,polymer,PE-HD,PE-HD,PE-HD
c_17,76,c_17-076,MAYP1114611__75__01876.txt,continuous_spectra,pehd,2025-07-10,14864099.44,3940264.65,True,False,True,PE-HD,plastic,polymer,PE-HD,PE-HD,PE-HD
c_17,77,c_17-077,MAYP1114611__76__01877.txt,continuous_spectra,pehd,2025-07-10,13686159.56,3940264.65,True,False,True,PE-HD,plastic,polymer,PE-HD,PE-HD,PE-HD
c_17,78,c_17-078,MAYP1114611__77__01878.txt,continuous_spectra,pehd,2025-07-10,13582841.44,3940264.65,True,False,True,PE-HD,plastic,polymer,PE-HD,PE-HD,PE-HD
c_17,79,c_17-079,MAYP1114611__78__01879.txt,continuous_spectra,pehd,2025-07-10,10944206.44,3940264.65,True,False,True,PE-HD,plastic,polymer,PE-HD,PE-HD,PE-HD
c_17,80,c_17-080,MAYP1114611__79__01880.txt,continuous_spectra,pehd,2025-07-10,3967649.440000002,3940264.65,True,False,True,PE-HD,plastic,polymer,PE-HD,PE-HD,PE-HD
c_17,83,c_17-083,MAYP1114611__82__01883.txt,continuous_spectra,pehd,2025-07-10,4053413.440000002,3940264.65,True,False,True,PE-HD,plastic,polymer,PE-HD,PE-HD,PE-HD
c_17,84,c_17-084,MAYP1114611__83__01884.txt,continuous_spectra,pehd,2025-07-10,6776232.440000001,3940264.65,True,False,True,PE-HD,plastic,polymer,PE-HD,PE-HD,PE-HD
c_17,85,c_17-085,MAYP1114611__84__01885.txt,continuous_spectra,pehd,2025-07-10,11288411.56,3940264.65,True,False,True,PE-HD,plastic,polymer,PE-HD,PE-HD,PE-HD
c_17,86,c_17-086,MAYP1114611__85__01886.txt,continuous_spectra,pehd,2025-07-10,10287900.56,3940264.65,True,False,True,PE-HD,plastic,polymer,PE-HD,PE-HD,PE-HD
c_17,87,c_17-087,MAYP1114611__86__01887.txt,continuous_spectra,pehd,2025-07-10,13469759.0,3940264.65,True,False,True,PE-HD,plastic,polymer,PE-HD,PE-HD,PE-HD
c_17,88,c_17-088,MAYP1114611__87__01888.txt,continuous_spectra,pehd,2025-07-10,9085736.56,3940264.65,True,False,True,PE-HD,plastic,polymer,PE-HD,PE-HD,PE-HD
c_17,89,c_17-089,MAYP1114611__88__01889.txt,continuous_spectra,pehd,2025-07-10,7498278.0,3940264.65,True,False,True,PE-HD,plastic,polymer,PE-HD,PE-HD,PE-HD
c_17,90,c_17-090,MAYP1114611__89__01890.txt,continuous_spectra,pehd,2025-07-10,5496292.559999999,3940264.65,True,False,True,PE-HD,plastic,polymer,PE-HD,PE-HD,PE-HD
c_17,121,c_17-121,MAYP1114611__120__01921.txt,continuous_spectra,pehd,2025-07-10,5694835.440000001,3940264.65,True,False,True,PE-HD,plastic,polymer,PE-HD,PE-HD,PE-HD
c_17,122,c_17-122,MAYP1114611__121__01922.txt,continuous_spectra,pehd,2025-07-10,11909048.0,3940264.65,True,False,True,PE-HD,plastic,polymer,PE-HD,PE-HD,PE-HD
c_17,123,c_17-123,MAYP1114611__122__01923.txt,continuous_spectra,pehd,2025-07-10,9051080.0,3940264.65,True,False,True,PE-HD,plastic,polymer,PE-HD,PE-HD,PE-HD
c_17,124,c_17-124,MAYP1114611__123__01924.txt,continuous_spectra,pehd,2025-07-10,9721379.44,3940264.65,True,False,True,PE-HD,plastic,polymer,PE-HD,PE-HD,PE-HD
c_17,125,c_17-125,MAYP1114611__124__01925.txt,continuous_spectra,pehd,2025-07-10,9851839.0,3940264.65,True,False,True,PE-HD,plastic,polymer,PE-HD,PE-HD,PE-HD
c_17,126,c_17-126,MAYP1114611__125__01926.txt,continuous_spectra,pehd,2025-07-10,12471987.56,3940264.65,True,False,True,PE-HD,plastic,polymer,PE-HD,PE-HD,PE-HD
c_17,127,c_17-127,MAYP1114611__126__01927.txt,continuous_spectra,pehd,2025-07-10,12821928.0,3940264.65,True,False,True,PE-HD,plastic,polymer,PE-HD,PE-HD,PE-HD
c_17,128,c_17-128,MAYP1114611__127__01928.txt,continuous_spectra,pehd,2025-07-10,7888033.0,3940264.65,True,False,True,PE-HD,plastic,polymer,PE-HD,PE-HD,PE-HD
c_17,133,c_17-133,MAYP1114611__132__01933.txt,continuous_spectra,pehd,2025-07-10,7843587.0,3940264.65,True,False,True,PE-HD,plastic,polymer,PE-HD,PE-HD,PE-HD
c_17,134,c_17-134,MAYP1114611__133__01934.txt,continuous_spectra,pehd,2025-07-10,12609434.56,3940264.65,True,False,True,PE-HD,plastic,polymer,PE-HD,PE-HD,PE-HD
c_17,135,c_17-135,MAYP1114611__134__01935.txt,continuous_spectra,pehd,2025-07-10,13138471.56,3940264.65,True,False,True,PE-HD,plastic,polymer,PE-HD,PE-HD,PE-HD
c_17,136,c_17-136,MAYP1114611__135__01936.txt,continuous_spectra,pehd,2025-07-10,10135894.56,3940264.65,True,False,True,PE-HD,plastic,polymer,PE-HD,PE-HD,PE-HD
c_17,137,c_17-137,MAYP1114611__136__01937.txt,continuous_spectra,pehd,2025-07-10,9449221.56,3940264.65,True,False,True,PE-HD,plastic,polymer,PE-HD,PE-HD,PE-HD
c_17,138,c_17-138,MAYP1114611__137__01938.txt,continuous_spectra,pehd,2025-07-10,9574000.44,3940264.65,True,False,True,PE-HD,plastic,polymer,PE-HD,PE-HD,PE-HD
c_17,139,c_17-139,MAYP1114611__138__01939.txt,continuous_spectra,pehd,2025-07-10,7919035.559999999,3940264.65,True,False,True,PE-HD,plastic,polymer,PE-HD,PE-HD,PE-HD
c_17,143,c_17-143,MAYP1114611__142__01943.txt,continuous_spectra,pehd,2025-07-10,7176818.440000001,3940264.65,True,False,True,PE-HD,plastic,polymer,PE-HD,PE-HD,PE-HD
c_17,144,c_17-144,MAYP1114611__143__01944.txt,continuous_spectra,pehd,2025-07-10,11042549.44,3940264.65,True,False,True,PE-HD,plastic,polymer,PE-HD,PE-HD,PE-HD
c_17,145,c_17-145,MAYP1114611__144__01945.txt,continuous_spectra,pehd,2025-07-10,8880592.559999999,3940264.65,True,False,True,PE-HD,plastic,polymer,PE-HD,PE-HD,PE-HD
c_17,146,c_17-146,MAYP1114611__145__01946.txt,continuous_spectra,pehd,2025-07-10,12223787.0,3940264.65,True,False,True,PE-HD,plastic,polymer,PE-HD,PE-HD,PE-HD
c_17,147,c_17-147,MAYP1114611__146__01947.txt,continuous_spectra,pehd,2025-07-10,8476785.559999999,3940264.65,True,False,True,PE-HD,plastic,polymer,PE-HD,PE-HD,PE-HD
c_17,148,c_17-148,MAYP1114611__147__01948.txt,continuous_spectra,pehd,2025-07-10,11626497.0,3940264.65,True,False,True,PE-HD,plastic,polymer,PE-HD,PE-HD,PE-HD
c_17,149,c_17-149,MAYP1114611__148__01949.txt,continuous_spectra,pehd,2025-07-10,10827263.44,3940264.65,True,False,True,PE-HD,plastic,polymer,PE-HD,PE-HD,PE-HD
c_17,150,c_17-150,MAYP1114611__149__01950.txt,continuous_spectra,pehd,2025-07-10,7583311.0,3940264.65,True,False,True,PE-HD,plastic,polymer,PE-HD,PE-HD,PE-HD
c_17,154,c_17-154,MAYP1114611__153__01954.txt,continuous_spectra,pehd,2025-07-10,4790109.440000001,3940264.65,True,False,True,PE-HD,plastic,polymer,PE-HD,PE-HD,PE-HD
c_17,155,c_17-155,MAYP1114611__154__01955.txt,continuous_spectra,pehd,2025-07-10,8831953.0,3940264.65,True,False,True,PE-HD,plastic,polymer,PE-HD,PE-HD,PE-HD
c_17,156,c_17-156,MAYP1114611__155__01956.txt,continuous_spectra,pehd,2025-07-10,8595868.0,3940264.65,True,False,True,PE-HD,plastic,polymer,PE-HD,PE-HD,PE-HD
c_17,157,c_17-157,MAYP1114611__156__01957.txt,continuous_spectra,pehd,2025-07-10,10348665.44,3940264.65,True,False,True,PE-HD,plastic,polymer,PE-HD,PE-HD,PE-HD
c_17,158,c_17-158,MAYP1114611__157__01958.txt,continuous_spectra,pehd,2025-07-10,12662159.44,3940264.65,True,False,True,PE-HD,plastic,polymer,PE-HD,PE-HD,PE-HD
c_17,159,c_17-159,MAYP1114611__158__01959.txt,continuous_spectra,pehd,2025-07-10,12135931.56,3940264.65,True,False,True,PE-HD,plastic,polymer,PE-HD,PE-HD,PE-HD
c_17,160,c_17-160,MAYP1114611__159__01960.txt,continuous_spectra,pehd,2025-07-10,9004830.440000001,3940264.65,True,False,True,PE-HD,plastic,polymer,PE-HD,PE-HD,PE-HD
c_17,161,c_17-161,MAYP1114611__160__01961.txt,continuous_spectra,pehd,2025-07-10,5884775.0,3940264.65,True,False,True,PE-HD,plastic,polymer,PE-HD,PE-HD,PE-HD
c_17,162,c_17-162,MAYP1114611__161__01962.txt,continuous_spectra,pehd,2025-07-10,5899735.440000001,3940264.65,True,False,True,PE-HD,plastic,polymer,PE-HD,PE-HD,PE-HD
c_17,165,c_17-165,MAYP1114611__164__01965.txt,continuous_spectra,pehd,2025-07-10,7167141.559999999,3940264.65,True,False,True,PE-HD,plastic,polymer,PE-HD,PE-HD,PE-HD
c_17,166,c_17-166,MAYP1114611__165__01966.txt,continuous_spectra,pehd,2025-07-10,5358740.440000001,3940264.65,True,False,True,PE-HD,plastic,polymer,PE-HD,PE-HD,PE-HD
c_17,167,c_17-167,MAYP1114611__166__01967.txt,continuous_spectra,pehd,2025-07-10,12283481.0,3940264.65,True,False,True,PE-HD,plastic,polymer,PE-HD,PE-HD,PE-HD
c_17,168,c_17-168,MAYP1114611__167__01968.txt,continuous_spectra,pehd,2025-07-10,13262463.44,3940264.65,True,False,True,PE-HD,plastic,polymer,PE-HD,PE-HD,PE-HD
c_17,169,c_17-169,MAYP1114611__168__01969.txt,continuous_spectra,pehd,2025-07-10,13047077.0,3940264.65,True,False,True,PE-HD,plastic,polymer,PE-HD,PE-HD,PE-HD
c_17,170,c_17-170,MAYP1114611__169__01970.txt,continuous_spectra,pehd,2025-07-10,12716816.44,3940264.65,True,False,True,PE-HD,plastic,polymer,PE-HD,PE-HD,PE-HD
c_17,171,c_17-171,MAYP1114611__170__01971.txt,continuous_spectra,pehd,2025-07-10,10745476.0,3940264.65,True,False,True,PE-HD,plastic,polymer,PE-HD,PE-HD,PE-HD
c_17,172,c_17-172,MAYP1114611__171__01972.txt,continuous_spectra,pehd,2025-07-10,5893925.0,3940264.65,True,False,True,PE-HD,plastic,polymer,PE-HD,PE-HD,PE-HD
c_17,176,c_17-176,MAYP1114611__175__01976.txt,continuous_spectra,pehd,2025-07-10,8311992.0,3940264.65,True,False,True,PE-HD,plastic,polymer,PE-HD,PE-HD,PE-HD
c_17,177,c_17-177,MAYP1114611__176__01977.txt,continuous_spectra,pehd,2025-07-10,10452302.44,3940264.65,True,False,True,PE-HD,plastic,polymer,PE-HD,PE-HD,PE-HD
c_17,178,c_17-178,MAYP1114611__177__01978.txt,continuous_spectra,pehd,2025-07-10,11285390.0,3940264.65,True,False,True,PE-HD,plastic,polymer,PE-HD,PE-HD,PE-HD
c_17,179,c_17-179,MAYP1114611__178__01979.txt,continuous_spectra,pehd,2025-07-10,11584238.56,3940264.65,True,False,True,PE-HD,plastic,polymer,PE-HD,PE-HD,PE-HD
c_17,180,c_17-180,MAYP1114611__179__01980.txt,continuous_spectra,pehd,2025-07-10,10819709.44,3940264.65,True,False,True,PE-HD,plastic,polymer,PE-HD,PE-HD,PE-HD
c_17,181,c_17-181,MAYP1114611__180__01981.txt,continuous_spectra,pehd,2025-07-10,12118561.56,3940264.65,True,False,True,PE-HD,plastic,polymer,PE-HD,PE-HD,PE-HD
c_17,182,c_17-182,MAYP1114611__181__01982.txt,continuous_spectra,pehd,2025-07-10,10797941.56,3940264.65,True,False,True,PE-HD,plastic,polymer,PE-HD,PE-HD,PE-HD
c_17,183,c_17-183,MAYP1114611__182__01983.txt,continuous_spectra,pehd,2025-07-10,4301152.440000001,3940264.65,True,False,True,PE-HD,plastic,polymer,PE-HD,PE-HD,PE-HD
c_17,214,c_17-214,MAYP1114611__213__02014.txt,continuous_spectra,pehd,2025-07-10,4088258.440000002,3940264.65,True,False,True,PE-HD,plastic,polymer,PE-HD,PE-HD,PE-HD
c_17,215,c_17-215,MAYP1114611__214__02015.txt,continuous_spectra,pehd,2025-07-10,6268221.0,3940264.65,True,False,True,PE-HD,plastic,polymer,PE-HD,PE-HD,PE-HD
c_17,216,c_17-216,MAYP1114611__215__02016.txt,continuous_spectra,pehd,2025-07-10,8542450.0,3940264.65,True,False,True,PE-HD,plastic,polymer,PE-HD,PE-HD,PE-HD
c_17,217,c_17-217,MAYP1114611__216__02017.txt,continuous_spectra,pehd,2025-07-10,6290459.559999999,3940264.65,True,False,True,PE-HD,plastic,polymer,PE-HD,PE-HD,PE-HD
c_17,218,c_17-218,MAYP1114611__217__02018.txt,continuous_spectra,pehd,2025-07-10,7959168.0,3940264.65,True,False,True,PE-HD,plastic,polymer,PE-HD,PE-HD,PE-HD
c_17,219,c_17-219,MAYP1114611__218__02019.txt,continuous_spectra,pehd,2025-07-10,7054103.440000001,3940264.65,True,False,True,PE-HD,plastic,polymer,PE-HD,PE-HD,PE-HD
c_17,220,c_17-220,MAYP1114611__219__02020.txt,continuous_spectra,pehd,2025-07-10,7833797.559999999,3940264.65,True,False,True,PE-HD,plastic,polymer,PE-HD,PE-HD,PE-HD
c_17,221,c_17-221,MAYP1114611__220__02021.txt,continuous_spectra,pehd,2025-07-10,5225503.559999999,3940264.65,True,False,True,PE-HD,plastic,polymer,PE-HD,PE-HD,PE-HD
c_17,225,c_17-225,MAYP1114611__224__02025.txt,continuous_spectra,pehd,2025-07-10,4048641.0,3940264.65,True,False,True,PE-HD,plastic,polymer,PE-HD,PE-HD,PE-HD
c_17,226,c_17-226,MAYP1114611__225__02026.txt,continuous_spectra,pehd,2025-07-10,5219688.0,3940264.65,True,False,True,PE-HD,plastic,polymer,PE-HD,PE-HD,PE-HD
c_17,227,c_17-227,MAYP1114611__226__02027.txt,continuous_spectra,pehd,2025-07-10,11231205.56,3940264.65,True,False,True,PE-HD,plastic,polymer,PE-HD,PE-HD,PE-HD
c_17,228,c_17-228,MAYP1114611__227__02028.txt,continuous_spectra,pehd,2025-07-10,11534296.44,3940264.65,True,False,True,PE-HD,plastic,polymer,PE-HD,PE-HD,PE-HD
c_17,229,c_17-229,MAYP1114611__228__02029.txt,continuous_spectra,pehd,2025-07-10,10967731.44,3940264.65,True,False,True,PE-HD,plastic,polymer,PE-HD,PE-HD,PE-HD
c_17,230,c_17-230,MAYP1114611__229__02030.txt,continuous_spectra,pehd,2025-07-10,7269993.440000001,3940264.65,True,False,True,PE-HD,plastic,polymer,PE-HD,PE-HD,PE-HD
c_17,231,c_17-231,MAYP1114611__230__02031.txt,continuous_spectra,pehd,2025-07-10,6130776.559999999,3940264.65,True,False,True,PE-HD,plastic,polymer,PE-HD,PE-HD,PE-HD
c_17,232,c_17-232,MAYP1114611__231__02032.txt,continuous_spectra,pehd,2025-07-10,5533151.0,3940264.65,True,False,True,PE-HD,plastic,polymer,PE-HD,PE-HD,PE-HD
c_17,236,c_17-236,MAYP1114611__235__02036.txt,continuous_spectra,pehd,2025-07-10,4510635.0,3940264.65,True,False,True,PE-HD,plastic,polymer,PE-HD,PE-HD,PE-HD
c_17,237,c_17-237,MAYP1114611__236__02037.txt,continuous_spectra,pehd,2025-07-10,10750454.56,3940264.65,True,False,True,PE-HD,plastic,polymer,PE-HD,PE-HD,PE-HD
c_17,238,c_17-238,MAYP1114611__237__02038.txt,continuous_spectra,pehd,2025-07-10,10418491.44,3940264.65,True,False,True,PE-HD,plastic,polymer,PE-HD,PE-HD,PE-HD
c_17,239,c_17-239,MAYP1114611__238__02039.txt,continuous_spectra,pehd,2025-07-10,8589546.559999999,3940264.65,True,False,True,PE-HD,plastic,polymer,PE-HD,PE-HD,PE-HD
c_17,240,c_17-240,MAYP1114611__239__02040.txt,continuous_spectra,pehd,2025-07-10,8843957.0,3940264.65,True,False,True,PE-HD,plastic,polymer,PE-HD,PE-HD,PE-HD
c_17,241,c_17-241,MAYP1114611__240__02041.txt,continuous_spectra,pehd,2025-07-10,8017979.440000001,3940264.65,True,False,True,PE-HD,plastic,polymer,PE-HD,PE-HD,PE-HD
c_17,242,c_17-242,MAYP1114611__241__02042.txt,continuous_spectra,pehd,2025-07-10,7471578.440000001,3940264.65,True,False,True,PE-HD,plastic,polymer,PE-HD,PE-HD,PE-HD
c_17,243,c_17-243,MAYP1114611__242__02043.txt,continuous_spectra,pehd,2025-07-10,5408028.559999999,3940264.65,True,False,True,PE-HD,plastic,polymer,PE-HD,PE-HD,PE-HD
c_17,247,c_17-247,MAYP1114611__246__02047.txt,continuous_spectra,pehd,2025-07-10,5689786.440000001,3940264.65,True,False,True,PE-HD,plastic,polymer,PE-HD,PE-HD,PE-HD
c_17,248,c_17-248,MAYP1114611__247__02048.txt,continuous_spectra,pehd,2025-07-10,11386754.0,3940264.65,True,False,True,PE-HD,plastic,polymer,PE-HD,PE-HD,PE-HD
c_17,249,c_17-249,MAYP1114611__248__02049.txt,continuous_spectra,pehd,2025-07-10,7819709.559999999,3940264.65,True,False,True,PE-HD,plastic,polymer,PE-HD,PE-HD,PE-HD
c_17,250,c_17-250,MAYP1114611__249__02050.txt,continuous_spectra,pehd,2025-07-10,7859323.440000001,3940264.65,True,False,True,PE-HD,plastic,polymer,PE-HD,PE-HD,PE-HD
c_17,251,c_17-251,MAYP1114611__250__02051.txt,continuous_spectra,pehd,2025-07-10,10460311.44,3940264.65,True,False,True,PE-HD,plastic,polymer,PE-HD,PE-HD,PE-HD
c_17,252,c_17-252,MAYP1114611__251__02052.txt,continuous_spectra,pehd,2025-07-10,11283318.56,3940264.65,True,False,True,PE-HD,plastic,polymer,PE-HD,PE-HD,PE-HD
c_17,253,c_17-253,MAYP1114611__252__02053.txt,continuous_spectra,pehd,2025-07-10,8767536.0,3940264.65,True,False,True,PE-HD,plastic,polymer,PE-HD,PE-HD,PE-HD
c_17,254,c_17-254,MAYP1114611__253__02054.txt,continuous_spectra,pehd,2025-07-10,4850987.559999999,3940264.65,True,False,True,PE-HD,plastic,polymer,PE-HD,PE-HD,PP
c_17,258,c_17-258,MAYP1114611__257__02058.txt,continuous_spectra,pehd,2025-07-10,10576497.44,3940264.65,True,False,True,PE-HD,plastic,polymer,PE-HD,PE-HD,PE-HD
c_17,259,c_17-259,MAYP1114611__258__02059.txt,continuous_spectra,pehd,2025-07-10,10039294.56,3940264.65,True,False,True,PE-HD,plastic,polymer,PE-HD,PE-HD,PE-HD
c_17,260,c_17-260,MAYP1114611__259__02060.txt,continuous_spectra,pehd,2025-07-10,15068452.56,3940264.65,True,False,True,PE-HD,plastic,polymer,PE-HD,PE-HD,PE-HD
c_17,261,c_17-261,MAYP1114611__260__02061.txt,continuous_spectra,pehd,2025-07-10,12154151.0,3940264.65,True,False,True,PE-HD,plastic,polymer,PE-HD,PE-HD,PE-HD
c_17,262,c_17-262,MAYP1114611__261__02062.txt,continuous_spectra,pehd,2025-07-10,9788016.44,3940264.65,True,False,True,PE-HD,plastic,polymer,PE-HD,PE-HD,PE-HD
c_17,263,c_17-263,MAYP1114611__262__02063.txt,continuous_spectra,pehd,2025-07-10,9505501.56,3940264.65,True,False,True,PE-HD,plastic,polymer,PE-HD,PE-HD,PE-HD
c_17,264,c_17-264,MAYP1114611__263__02064.txt,continuous_spectra,pehd,2025-07-10,8826618.440000001,3940264.65,True,False,True,PE-HD,plastic,polymer,PE-HD,PE-HD,PE-HD
c_17,265,c_17-265,MAYP1114611__264__02065.txt,continuous_spectra,pehd,2025-07-10,4414663.440000001,3940264.65,True,False,True,PE-HD,plastic,polymer,PE-HD,PE-HD,PE-HD
c_17,268,c_17-268,MAYP1114611__267__02068.txt,continuous_spectra,pehd,2025-07-10,7511765.440000001,3940264.65,True,False,True,PE-HD,plastic,polymer,PE-HD,PE-HD,PE-HD
c_17,269,c_17-269,MAYP1114611__268__02069.txt,continuous_spectra,pehd,2025-07-10,13605108.56,3940264.65,True,False,True,PE-HD,plastic,polymer,PE-HD,PE-HD,PE-HD
c_17,270,c_17-270,MAYP1114611__269__02070.txt,continuous_spectra,pehd,2025-07-10,10015634.0,3940264.65,True,False,True,PE-HD,plastic,polymer,PE-HD,PE-HD,PE-HD
c_17,271,c_17-271,MAYP1114611__270__02071.txt,continuous_spectra,pehd,2025-07-10,15391855.56,3940264.65,True,False,True,PE-HD,plastic,polymer,PE-HD,PE-HD,PE-HD
c_17,272,c_17-272,MAYP1114611__271__02072.txt,continuous_spectra,pehd,2025-07-10,11040287.0,3940264.65,True,False,True,PE-HD,plastic,polymer,PE-HD,PE-HD,PE-HD
c_17,273,c_17-273,MAYP1114611__272__02073.txt,continuous_spectra,pehd,2025-07-10,14117303.44,3940264.65,True,False,True,PE-HD,plastic,polymer,PE-HD,PE-HD,PE-HD
c_17,274,c_17-274,MAYP1114611__273__02074.txt,continuous_spectra,pehd,2025-07-10,11515527.44,3940264.65,True,False,True,PE-HD,plastic,polymer,PE-HD,PE-HD,PE-HD
c_17,275,c_17-275,MAYP1114611__274__02075.txt,continuous_spectra,pehd,2025-07-10,8133548.559999999,3940264.65,True,False,True,PE-HD,plastic,polymer,PE-HD,PE-HD,PE-HD
c_18,28,c_18-028,MAYP1114611__27__02128.txt,continuous_spectra,pehd,2025-07-10,5529618.0,4824327.081000001,True,False,True,PE-HD,plastic,polymer,PE-HD,PE-HD,PE-HD
c_18,29,c_18-029,MAYP1114611__28__02129.txt,continuous_spectra,pehd,2025-07-10,6767479.559999999,4824327.081000001,True,False,True,PE-HD,plastic,polymer,PE-HD,PE-HD,PE-HD
c_18,30,c_18-030,MAYP1114611__29__02130.txt,continuous_spectra,pehd,2025-07-10,7811061.559999999,4824327.081000001,True,False,True,PE-HD,plastic,polymer,PE-HD,PE-HD,PE-HD
c_18,31,c_18-031,MAYP1114611__30__02131.txt,continuous_spectra,pehd,2025-07-10,11934060.44,4824327.081000001,True,False,True,PE-HD,plastic,polymer,PE-HD,PE-HD,PE-HD
c_18,32,c_18-032,MAYP1114611__31__02132.txt,continuous_spectra,pehd,2025-07-10,11536423.44,4824327.081000001,True,False,True,PE-HD,plastic,polymer,PE-HD,PE-HD,PE-HD
c_18,33,c_18-033,MAYP1114611__32__02133.txt,continuous_spectra,pehd,2025-07-10,14153279.56,4824327.081000001,True,False,True,PE-HD,plastic,polymer,PE-HD,PE-HD,PE-HD
c_18,34,c_18-034,MAYP1114611__33__02134.txt,continuous_spectra,pehd,2025-07-10,9059652.0,4824327.081000001,True,False,True,PE-HD,plastic,polymer,PE-HD,PE-HD,PE-HD
c_18,35,c_18-035,MAYP1114611__34__02135.txt,continuous_spectra,pehd,2025-07-10,8955799.440000001,4824327.081000001,True,False,True,PE-HD,plastic,polymer,PE-HD,PE-HD,PE-HD
c_18,36,c_18-036,MAYP1114611__35__02136.txt,continuous_spectra,pehd,2025-07-10,7346976.0,4824327.081000001,True,False,True,PE-HD,plastic,polymer,PE-HD,PE-HD,PE-HD
c_18,40,c_18-040,MAYP1114611__39__02140.txt,continuous_spectra,pehd,2025-07-10,5283721.559999999,4824327.081000001,True,False,True,PE-HD,plastic,polymer,PE-HD,PE-HD,PE-HD
c_18,41,c_18-041,MAYP1114611__40__02141.txt,continuous_spectra,pehd,2025-07-10,8707495.559999999,4824327.081000001,True,False,True,PE-HD,plastic,polymer,PE-HD,PE-HD,PE-HD
c_18,42,c_18-042,MAYP1114611__41__02142.txt,continuous_spectra,pehd,2025-07-10,8759220.440000001,4824327.081000001,True,False,True,PE-HD,plastic,polymer,PE-HD,PE-HD,PE-HD
c_18,43,c_18-043,MAYP1114611__42__02143.txt,continuous_spectra,pehd,2025-07-10,10908786.44,4824327.081000001,True,False,True,PE-HD,plastic,polymer,PE-HD,PE-HD,PE-HD
c_18,44,c_18-044,MAYP1114611__43__02144.txt,continuous_spectra,pehd,2025-07-10,10043028.0,4824327.081000001,True,False,True,PE-HD,plastic,polymer,PE-HD,PE-HD,PE-HD
c_18,45,c_18-045,MAYP1114611__44__02145.txt,continuous_spectra,pehd,2025-07-10,6770832.440000001,4824327.081000001,True,False,True,PE-HD,plastic,polymer,PE-HD,PE-HD,PE-HD
c_18,46,c_18-046,MAYP1114611__45__02146.txt,continuous_spectra,pehd,2025-07-10,8505342.0,4824327.081000001,True,False,True,PE-HD,plastic,polymer,PE-HD,PE-HD,PE-HD
c_18,47,c_18-047,MAYP1114611__46__02147.txt,continuous_spectra,pehd,2025-07-10,11096407.0,4824327.081000001,True,False,True,PE-HD,plastic,polymer,PE-HD,PE-HD,PE-HD
c_18,51,c_18-051,MAYP1114611__50__02151.txt,continuous_spectra,pehd,2025-07-10,6036556.559999999,4824327.081000001,True,False,True,PE-HD,plastic,polymer,PE-HD,PE-HD,PE-HD
c_18,52,c_18-052,MAYP1114611__51__02152.txt,continuous_spectra,pehd,2025-07-10,8407808.440000001,4824327.081000001,True,False,True,PE-HD,plastic,polymer,PE-HD,PE-HD,PE-HD
c_18,53,c_18-053,MAYP1114611__52__02153.txt,continuous_spectra,pehd,2025-07-10,7561409.440000001,4824327.081000001,True,False,True,PE-HD,plastic,polymer,PE-HD,PE-HD,PE-HD
c_18,54,c_18-054,MAYP1114611__53__02154.txt,continuous_spectra,pehd,2025-07-10,7697194.0,4824327.081000001,True,False,True,PE-HD,plastic,polymer,PE-HD,PE-HD,PE-HD
c_18,55,c_18-055,MAYP1114611__54__02155.txt,continuous_spectra,pehd,2025-07-10,9694495.44,4824327.081000001,True,False,True,PE-HD,plastic,polymer,PE-HD,PE-HD,PE-HD
c_18,56,c_18-056,MAYP1114611__55__02156.txt,continuous_spectra,pehd,2025-07-10,7475125.440000001,4824327.081000001,True,False,True,PE-HD,plastic,polymer,PE-HD,PE-HD,PE-HD
c_18,57,c_18-057,MAYP1114611__56__02157.txt,continuous_spectra,pehd,2025-07-10,10419247.44,4824327.081000001,True,False,True,PE-HD,plastic,polymer,PE-HD,PE-HD,PE-HD
c_18,58,c_18-058,MAYP1114611__57__02158.txt,continuous_spectra,pehd,2025-07-10,13584514.56,4824327.081000001,True,False,True,PE-HD,plastic,polymer,PE-HD,PE-HD,PE-HD
c_18,59,c_18-059,MAYP1114611__58__02159.txt,continuous_spectra,pehd,2025-07-10,5262970.440000001,4824327.081000001,True,False,True,PE-HD,plastic,polymer,PE-HD,PE-HD,PE-HD
c_18,63,c_18-063,MAYP1114611__62__02163.txt,continuous_spectra,pehd,2025-07-10,8299583.0,4824327.081000001,True,False,True,PE-HD,plastic,polymer,PE-HD,PE-HD,PE-HD
c_18,64,c_18-064,MAYP1114611__63__02164.txt,continuous_spectra,pehd,2025-07-10,8855876.0,4824327.081000001,True,False,True,PE-HD,plastic,polymer,PE-HD,PE-HD,PE-HD
c_18,65,c_18-065,MAYP1114611__64__02165.txt,continuous_spectra,pehd,2025-07-10,7399425.0,4824327.081000001,True,False,True,PE-HD,plastic,polymer,PE-HD,PE-HD,PE-HD
c_18,66,c_18-066,MAYP1114611__65__02166.txt,continuous_spectra,pehd,2025-07-10,9571590.0,4824327.081000001,True,False,True,PE-HD,plastic,polymer,PE-HD,PE-HD,PE-HD
c_18,67,c_18-067,MAYP1114611__66__02167.txt,continuous_spectra,pehd,2025-07-10,7032215.440000001,4824327.081000001,True,False,True,PE-HD,plastic,polymer,PE-HD,PE-HD,PE-HD
c_18,68,c_18-068,MAYP1114611__67__02168.txt,continuous_spectra,pehd,2025-07-10,8702408.440000001,4824327.081000001,True,False,True,PE-HD,plastic,polymer,PE-HD,PE-HD,PE-HD
c_18,69,c_18-069,MAYP1114611__68__02169.txt,continuous_spectra,pehd,2025-07-10,8370027.440000001,4824327.081000001,True,False,True,PE-HD,plastic,polymer,PE-HD,PE-HD,PE-HD
c_18,73,c_18-073,MAYP1114611__72__02173.txt,continuous_spectra,pehd,2025-07-10,8673235.0,4824327.081000001,True,False,True,PE-HD,plastic,polymer,PE-HD,PE-HD,PE-HD
c_18,74,c_18-074,MAYP1114611__73__02174.txt,continuous_spectra,pehd,2025-07-10,8179714.440000001,4824327.081000001,True,False,True,PE-HD,plastic,polymer,PE-HD,PE-HD,PE-HD
c_18,75,c_18-075,MAYP1114611__74__02175.txt,continuous_spectra,pehd,2025-07-10,6053118.559999999,4824327.081000001,True,False,True,PE-HD,plastic,polymer,PE-HD,PE-HD,PE-HD
c_18,76,c_18-076,MAYP1114611__75__02176.txt,continuous_spectra,pehd,2025-07-10,8946032.559999999,4824327.081000001,True,False,True,PE-HD,plastic,polymer,PE-HD,PE-HD,PE-HD
c_18,77,c_18-077,MAYP1114611__76__02177.txt,continuous_spectra,pehd,2025-07-10,9993197.0,4824327.081000001,True,False,True,PE-HD,plastic,polymer,PE-HD,PE-HD,PE-HD
c_18,78,c_18-078,MAYP1114611__77__02178.txt,continuous_spectra,pehd,2025-07-10,8445673.559999999,4824327.081000001,True,False,True,PE-HD,plastic,polymer,PE-HD,PE-HD,PE-HD
c_18,79,c_18-079,MAYP1114611__78__02179.txt,continuous_spectra,pehd,2025-07-10,13890393.56,4824327.081000001,True,False,True,PE-HD,plastic,polymer,PE-HD,PE-HD,PE-HD
c_18,80,c_18-080,MAYP1114611__79__02180.txt,continuous_spectra,pehd,2025-07-10,9718851.44,4824327.081000001,True,False,True,PE-HD,plastic,polymer,PE-HD,PE-HD,PE-HD
c_18,84,c_18-084,MAYP1114611__83__02184.txt,continuous_spectra,pehd,2025-07-10,5157992.559999999,4824327.081000001,True,False,True,PE-HD,plastic,polymer,PE-HD,PE-HD,PE-HD
c_18,85,c_18-085,MAYP1114611__84__02185.txt,continuous_spectra,pehd,2025-07-10,5561714.440000001,4824327.081000001,True,False,True,PE-HD,plastic,polymer,PE-HD,PE-HD,PE-HD
c_18,86,c_18-086,MAYP1114611__85__02186.txt,continuous_spectra,pehd,2025-07-10,7760356.0,4824327.081000001,True,False,True,PE-HD,plastic,polymer,PE-HD,PE-HD,PE-HD
c_18,87,c_18-087,MAYP1114611__86__02187.txt,continuous_spectra,pehd,2025-07-10,9564930.56,4824327.081000001,True,False,True,PE-HD,plastic,polymer,PE-HD,PE-HD,PE-HD
c_18,88,c_18-088,MAYP1114611__87__02188.txt,continuous_spectra,pehd,2025-07-10,12224351.44,4824327.081000001,True,False,True,PE-HD,plastic,polymer,PE-HD,PE-HD,PE-HD
c_18,89,c_18-089,MAYP1114611__88__02189.txt,continuous_spectra,pehd,2025-07-10,15582595.56,4824327.081000001,True,False,True,PE-HD,plastic,polymer,PE-HD,PE-HD,PE-HD
c_18,90,c_18-090,MAYP1114611__89__02190.txt,continuous_spectra,pehd,2025-07-10,11468277.56,4824327.081000001,True,False,True,PE-HD,plastic,polymer,PE-HD,PE-HD,PE-HD
c_18,121,c_18-121,MAYP1114611__120__02221.txt,continuous_spectra,pehd,2025-07-10,6394610.559999999,4824327.081000001,True,False,True,PE-HD,plastic,polymer,PE-HD,PE-HD,PE-HD
c_18,122,c_18-122,MAYP1114611__121__02222.txt,continuous_spectra,pehd,2025-07-10,10135582.0,4824327.081000001,True,False,True,PE-HD,plastic,polymer,PE-HD,PE-HD,PE-HD
c_18,123,c_18-123,MAYP1114611__122__02223.txt,continuous_spectra,pehd,2025-07-10,7473158.559999999,4824327.081000001,True,False,True,PE-HD,plastic,polymer,PE-HD,PE-HD,PE-HD
c_18,124,c_18-124,MAYP1114611__123__02224.txt,continuous_spectra,pehd,2025-07-10,7524127.559999999,4824327.081000001,True,False,True,PE-HD,plastic,polymer,PE-HD,PE-HD,PE-HD
c_18,125,c_18-125,MAYP1114611__124__02225.txt,continuous_spectra,pehd,2025-07-10,10590110.44,4824327.081000001,True,False,True,PE-HD,plastic,polymer,PE-HD,PE-HD,PE-HD
c_18,126,c_18-126,MAYP1114611__125__02226.txt,continuous_spectra,pehd,2025-07-10,10760136.0,4824327.081000001,True,False,True,PE-HD,plastic,polymer,PE-HD,PE-HD,PE-HD
c_18,127,c_18-127,MAYP1114611__126__02227.txt,continuous_spectra,pehd,2025-07-10,11789101.0,4824327.081000001,True,False,True,PE-HD,plastic,polymer,PE-HD,PE-HD,PE-HD
c_18,128,c_18-128,MAYP1114611__127__02228.txt,continuous_spectra,pehd,2025-07-10,8933896.0,4824327.081000001,True,False,True,PE-HD,plastic,polymer,PE-HD,PE-HD,PE-HD
c_18,129,c_18-129,MAYP1114611__128__02229.txt,continuous_spectra,pehd,2025-07-10,9935038.44,4824327.081000001,True,False,True,PE-HD,plastic,polymer,PE-HD,PE-HD,PE-HD
c_18,134,c_18-134,MAYP1114611__133__02234.txt,continuous_spectra,pehd,2025-07-10,9605476.44,4824327.081000001,True,False,True,PE-HD,plastic,polymer,PE-HD,PE-HD,PE-HD
c_18,135,c_18-135,MAYP1114611__134__02235.txt,continuous_spectra,pehd,2025-07-10,11234161.56,4824327.081000001,True,False,True,PE-HD,plastic,polymer,PE-HD,PE-HD,PE-HD
c_18,136,c_18-136,MAYP1114611__135__02236.txt,continuous_spectra,pehd,2025-07-10,12097240.44,4824327.081000001,True,False,True,PE-HD,plastic,polymer,PE-HD,PE-HD,PE-HD
c_18,137,c_18-137,MAYP1114611__136__02237.txt,continuous_spectra,pehd,2025-07-10,9899721.44,4824327.081000001,True,False,True,PE-HD,plastic,polymer,PE-HD,PE-HD,PE-HD
c_18,138,c_18-138,MAYP1114611__137__02238.txt,continuous_spectra,pehd,2025-07-10,8497377.559999999,4824327.081000001,True,False,True,PE-HD,plastic,polymer,PE-HD,PE-HD,PE-HD
c_18,139,c_18-139,MAYP1114611__138__02239.txt,continuous_spectra,pehd,2025-07-10,9451094.0,4824327.081000001,True,False,True,PE-HD,plastic,polymer,PE-HD,PE-HD,PE-HD
c_18,140,c_18-140,MAYP1114611__139__02240.txt,continuous_spectra,pehd,2025-07-10,6766724.559999999,4824327.081000001,True,False,True,PE-HD,plastic,polymer,PE-HD,PE-HD,PE-HD
c_18,144,c_18-144,MAYP1114611__143__02244.txt,continuous_spectra,pehd,2025-07-10,10140269.44,4824327.081000001,True,False,True,PE-HD,plastic,polymer,PE-HD,PE-HD,PE-HD
c_18,145,c_18-145,MAYP1114611__144__02245.txt,continuous_spectra,pehd,2025-07-10,9523661.0,4824327.081000001,True,False,True,PE-HD,plastic,polymer,PE-HD,PE-HD,PE-HD
c_18,146,c_18-146,MAYP1114611__145__02246.txt,continuous_spectra,pehd,2025-07-10,11960153.56,4824327.081000001,True,False,True,PE-HD,plastic,polymer,PE-HD,PE-HD,PE-HD
c_18,147,c_18-147,MAYP1114611__146__02247.txt,continuous_spectra,pehd,2025-07-10,12021257.44,4824327.081000001,True,False,True,PE-HD,plastic,polymer,PE-HD,PE-HD,PE-HD
c_18,148,c_18-148,MAYP1114611__147__02248.txt,continuous_spectra,pehd,2025-07-10,11153069.56,4824327.081000001,True,False,True,PE-HD,plastic,polymer,PE-HD,PE-HD,PE-HD
c_18,149,c_18-149,MAYP1114611__148__02249.txt,continuous_spectra,pehd,2025-07-10,11661890.44,4824327.081000001,True,False,True,PE-HD,plastic,polymer,PE-HD,PE-HD,PE-HD
c_18,150,c_18-150,MAYP1114611__149__02250.txt,continuous_spectra,pehd,2025-07-10,12810137.56,4824327.081000001,True,False,True,PE-HD,plastic,polymer,PE-HD,PE-HD,PE-HD
c_18,154,c_18-154,MAYP1114611__153__02254.txt,continuous_spectra,pehd,2025-07-10,6738109.0,4824327.081000001,True,False,True,PE-HD,plastic,polymer,PE-HD,PE-HD,PE-HD
c_18,155,c_18-155,MAYP1114611__154__02255.txt,continuous_spectra,pehd,2025-07-10,11405130.56,4824327.081000001,True,False,True,PE-HD,plastic,polymer,PE-HD,PE-HD,PE-HD
c_18,156,c_18-156,MAYP1114611__155__02256.txt,continuous_spectra,pehd,2025-07-10,13174005.56,4824327.081000001,True,False,True,PE-HD,plastic,polymer,PE-HD,PE-HD,PE-HD
c_18,157,c_18-157,MAYP1114611__156__02257.txt,continuous_spectra,pehd,2025-07-10,11275762.0,4824327.081000001,True,False,True,PE-HD,plastic,polymer,PE-HD,PE-HD,PE-HD
c_18,158,c_18-158,MAYP1114611__157__02258.txt,continuous_spectra,pehd,2025-07-10,14640185.44,4824327.081000001,True,False,True,PE-HD,plastic,polymer,PE-HD,PE-HD,PE-HD
c_18,159,c_18-159,MAYP1114611__158__02259.txt,continuous_spectra,pehd,2025-07-10,13568636.44,4824327.081000001,True,False,True,PE-HD,plastic,polymer,PE-HD,PE-HD,PE-HD
c_18,160,c_18-160,MAYP1114611__159__02260.txt,continuous_spectra,pehd,2025-07-10,10106110.0,4824327.081000001,True,False,True,PE-HD,plastic,polymer,PE-HD,PE-HD,PE-HD
c_18,161,c_18-161,MAYP1114611__160__02261.txt,continuous_spectra,pehd,2025-07-10,13784524.0,4824327.081000001,True,False,True,PE-HD,plastic,polymer,PE-HD,PE-HD,PE-HD
c_18,162,c_18-162,MAYP1114611__161__02262.txt,continuous_spectra,pehd,2025-07-10,13530258.56,4824327.081000001,True,False,True,PE-HD,plastic,polymer,PE-HD,PE-HD,PE-HD
c_18,163,c_18-163,MAYP1114611__162__02263.txt,continuous_spectra,pehd,2025-07-10,10962148.0,4824327.081000001,True,False,True,PE-HD,plastic,polymer,PE-HD,PE-HD,PE-HD
c_18,164,c_18-164,MAYP1114611__163__02264.txt,continuous_spectra,pehd,2025-07-10,11781339.0,4824327.081000001,True,False,True,PE-HD,plastic,polymer,PE-HD,PE-HD,PE-HD
c_18,165,c_18-165,MAYP1114611__164__02265.txt,continuous_spectra,pehd,2025-07-10,15028862.44,4824327.081000001,True,False,True,PE-HD,plastic,polymer,PE-HD,PE-HD,PE-HD
c_18,166,c_18-166,MAYP1114611__165__02266.txt,continuous_spectra,pehd,2025-07-10,9471662.44,4824327.081000001,True,False,True,PE-HD,plastic,polymer,PE-HD,PE-HD,PE-HD
c_18,167,c_18-167,MAYP1114611__166__02267.txt,continuous_spectra,pehd,2025-07-10,8775276.0,4824327.081000001,True,False,True,PE-HD,plastic,polymer,PE-HD,PE-HD,PE-HD
c_18,168,c_18-168,MAYP1114611__167__02268.txt,continuous_spectra,pehd,2025-07-10,15404663.56,4824327.081000001,True,False,True,PE-HD,plastic,polymer,PE-HD,PE-HD,PE-HD
c_18,169,c_18-169,MAYP1114611__168__02269.txt,continuous_spectra,pehd,2025-07-10,10629954.56,4824327.081000001,True,False,True,PE-HD,plastic,polymer,PE-HD,PE-HD,PE-HD
c_18,170,c_18-170,MAYP1114611__169__02270.txt,continuous_spectra,pehd,2025-07-10,11119628.0,4824327.081000001,True,False,True,PE-HD,plastic,polymer,PE-HD,PE-HD,PE-HD
c_18,171,c_18-171,MAYP1114611__170__02271.txt,continuous_spectra,pehd,2025-07-10,9499812.0,4824327.081000001,True,False,True,PE-HD,plastic,polymer,PE-HD,PE-HD,PE-HD
c_18,172,c_18-172,MAYP1114611__171__02272.txt,continuous_spectra,pehd,2025-07-10,7869363.440000001,4824327.081000001,True,False,True,PE-HD,plastic,polymer,PE-HD,PE-HD,PE-HD
c_18,173,c_18-173,MAYP1114611__172__02273.txt,continuous_spectra,pehd,2025-07-10,8297925.0,4824327.081000001,True,False,True,PE-HD,plastic,polymer,PE-HD,PE-HD,PE-HD
c_18,177,c_18-177,MAYP1114611__176__02277.txt,continuous_spectra,pehd,2025-07-10,10657353.0,4824327.081000001,True,False,True,PE-HD,plastic,polymer,PE-HD,PE-HD,PE-HD
c_18,178,c_18-178,MAYP1114611__177__02278.txt,continuous_spectra,pehd,2025-07-10,12676803.56,4824327.081000001,True,False,True,PE-HD,plastic,polymer,PE-HD,PE-HD,PE-HD
c_18,179,c_18-179,MAYP1114611__178__02279.txt,continuous_spectra,pehd,2025-07-10,10710784.0,4824327.081000001,True,False,True,PE-HD,plastic,polymer,PE-HD,PE-HD,PE-HD
c_18,180,c_18-180,MAYP1114611__179__02280.txt,continuous_spectra,pehd,2025-07-10,13206825.56,4824327.081000001,True,False,True,PE-HD,plastic,polymer,PE-HD,PE-HD,PE-HD
c_18,181,c_18-181,MAYP1114611__180__02281.txt,continuous_spectra,pehd,2025-07-10,10205091.0,4824327.081000001,True,False,True,PE-HD,plastic,polymer,PE-HD,PE-HD,PE-HD
c_18,182,c_18-182,MAYP1114611__181__02282.txt,continuous_spectra,pehd,2025-07-10,11671980.44,4824327.081000001,True,False,True,PE-HD,plastic,polymer,PE-HD,PE-HD,PE-HD
c_18,183,c_18-183,MAYP1114611__182__02283.txt,continuous_spectra,pehd,2025-07-10,13821529.0,4824327.081000001,True,False,True,PE-HD,plastic,polymer,PE-HD,PE-HD,PE-HD
c_18,214,c_18-214,MAYP1114611__213__02314.txt,continuous_spectra,pehd,2025-07-10,5455577.440000001,4824327.081000001,True,False,True,PE-HD,plastic,polymer,PE-HD,PE-HD,PE-HD
c_18,215,c_18-215,MAYP1114611__214__02315.txt,continuous_spectra,pehd,2025-07-10,11682164.44,4824327.081000001,True,False,True,PE-HD,plastic,polymer,PE-HD,PE-HD,PE-HD
c_18,216,c_18-216,MAYP1114611__215__02316.txt,continuous_spectra,pehd,2025-07-10,11362563.44,4824327.081000001,True,False,True,PE-HD,plastic,polymer,PE-HD,PE-HD,PE-HD
c_18,217,c_18-217,MAYP1114611__216__02317.txt,continuous_spectra,pehd,2025-07-10,8488804.440000001,4824327.081000001,True,False,True,PE-HD,plastic,polymer,PE-HD,PE-HD,PE-HD
c_18,218,c_18-218,MAYP1114611__217__02318.txt,continuous_spectra,pehd,2025-07-10,7803948.440000001,4824327.081000001,True,False,True,PE-HD,plastic,polymer,PE-HD,PE-HD,PE-HD
c_18,219,c_18-219,MAYP1114611__218__02319.txt,continuous_spectra,pehd,2025-07-10,9333458.56,4824327.081000001,True,False,True,PE-HD,plastic,polymer,PE-HD,PE-HD,PE-HD
c_18,220,c_18-220,MAYP1114611__219__02320.txt,continuous_spectra,pehd,2025-07-10,10208544.0,4824327.081000001,True,False,True,PE-HD,plastic,polymer,PE-HD,PE-HD,PE-HD
c_18,221,c_18-221,MAYP1114611__220__02321.txt,continuous_spectra,pehd,2025-07-10,11355847.56,4824327.081000001,True,False,True,PE-HD,plastic,polymer,PE-HD,PE-HD,PE-HD
c_18,222,c_18-222,MAYP1114611__221__02322.txt,continuous_spectra,pehd,2025-07-10,7024111.559999999,4824327.081000001,True,False,True,PE-HD,plastic,polymer,PE-HD,PE-HD,PE-HD
c_18,226,c_18-226,MAYP1114611__225__02326.txt,continuous_spectra,pehd,2025-07-10,6366682.0,4824327.081000001,True,False,True,PE-HD,plastic,polymer,PE-HD,PE-HD,PE-HD
c_18,227,c_18-227,MAYP1114611__226__02327.txt,continuous_spectra,pehd,2025-07-10,9616801.56,4824327.081000001,True,False,True,PE-HD,plastic,polymer,PE-HD,PE-HD,PE-HD
c_18,228,c_18-228,MAYP1114611__227__02328.txt,continuous_spectra,pehd,2025-07-10,9692854.44,4824327.081000001,True,False,True,PE-HD,plastic,polymer,PE-HD,PE-HD,PE-HD
c_18,229,c_18-229,MAYP1114611__228__02329.txt,continuous_spectra,pehd,2025-07-10,10057915.0,4824327.081000001,True,False,True,PE-HD,plastic,polymer,PE-HD,PE-HD,PE-HD
c_18,230,c_18-230,MAYP1114611__229__02330.txt,continuous_spectra,pehd,2025-07-10,7793511.559999999,4824327.081000001,True,False,True,PE-HD,plastic,polymer,PE-HD,PE-HD,PE-HD
c_18,231,c_18-231,MAYP1114611__230__02331.txt,continuous_spectra,pehd,2025-07-10,12982979.44,4824327.081000001,True,False,True,PE-HD,plastic,polymer,PE-HD,PE-HD,PE-HD
c_18,232,c_18-232,MAYP1114611__231__02332.txt,continuous_spectra,pehd,2025-07-10,10271465.56,4824327.081000001,True,False,True,PE-HD,plastic,polymer,PE-HD,PE-HD,PE-HD
c_18,233,c_18-233,MAYP1114611__232__02333.txt,continuous_spectra,pehd,2025-07-10,5019513.0,4824327.081000001,True,False,True,PE-HD,plastic,polymer,PE-HD,PE-HD,PE-HD
c_18,237,c_18-237,MAYP1114611__236__02337.txt,continuous_spectra,pehd,2025-07-10,10130723.44,4824327.081000001,True,False,True,PE-HD,plastic,polymer,PE-HD,PE-HD,PE-HD
c_18,238,c_18-238,MAYP1114611__237__02338.txt,continuous_spectra,pehd,2025-07-10,11354720.56,4824327.081000001,True,False,True,PE-HD,plastic,polymer,PE-HD,PE-HD,PE-HD
c_18,239,c_18-239,MAYP1114611__238__02339.txt,continuous_spectra,pehd,2025-07-10,12517600.56,4824327.081000001,True,False,True,PE-HD,plastic,polymer,PE-HD,PE-HD,PE-HD
c_18,240,c_18-240,MAYP1114611__239__02340.txt,continuous_spectra,pehd,2025-07-10,9089942.44,4824327.081000001,True,False,True,PE-HD,plastic,polymer,PE-HD,PE-HD,PE-HD
c_18,241,c_18-241,MAYP1114611__240__02341.txt,continuous_spectra,pehd,2025-07-10,13218703.56,4824327.081000001,True,False,True,PE-HD,plastic,polymer,PE-HD,PE-HD,PE-HD
c_18,242,c_18-242,MAYP1114611__241__02342.txt,continuous_spectra,pehd,2025-07-10,9446478.44,4824327.081000001,True,False,True,PE-HD,plastic,polymer,PE-HD,PE-HD,PE-HD
c_18,243,c_18-243,MAYP1114611__242__02343.txt,continuous_spectra,pehd,2025-07-10,10124583.44,4824327.081000001,True,False,True,PE-HD,plastic,polymer,PE-HD,PE-HD,PE-HD
c_18,244,c_18-244,MAYP1114611__243__02344.txt,continuous_spectra,pehd,2025-07-10,5281056.440000001,4824327.081000001,True,False,True,PE-HD,plastic,polymer,PE-HD,PE-HD,PE-HD
c_18,247,c_18-247,MAYP1114611__246__02347.txt,continuous_spectra,pehd,2025-07-10,5679584.440000001,4824327.081000001,True,False,True,PE-HD,plastic,polymer,PE-HD,PE-HD,PP
c_18,248,c_18-248,MAYP1114611__247__02348.txt,continuous_spectra,pehd,2025-07-10,10372091.56,4824327.081000001,True,False,True,PE-HD,plastic,polymer,PE-HD,PE-HD,PE-HD
c_18,249,c_18-249,MAYP1114611__248__02349.txt,continuous_spectra,pehd,2025-07-10,10361523.0,4824327.081000001,True,False,True,PE-HD,plastic,polymer,PE-HD,PE-HD,PE-HD
c_18,250,c_18-250,MAYP1114611__249__02350.txt,continuous_spectra,pehd,2025-07-10,10517302.56,4824327.081000001,True,False,True,PE-HD,plastic,polymer,PE-HD,PE-HD,PE-HD
c_18,251,c_18-251,MAYP1114611__250__02351.txt,continuous_spectra,pehd,2025-07-10,12982260.0,4824327.081000001,True,False,True,PE-HD,plastic,polymer,PE-HD,PE-HD,PE-HD
c_18,252,c_18-252,MAYP1114611__251__02352.txt,continuous_spectra,pehd,2025-07-10,11707434.44,4824327.081000001,True,False,True,PE-HD,plastic,polymer,PE-HD,PE-HD,PE-HD
c_18,253,c_18-253,MAYP1114611__252__02353.txt,continuous_spectra,pehd,2025-07-10,13945976.56,4824327.081000001,True,False,True,PE-HD,plastic,polymer,PE-HD,PE-HD,PE-HD
c_18,254,c_18-254,MAYP1114611__253__02354.txt,continuous_spectra,pehd,2025-07-10,10642250.56,4824327.081000001,True,False,True,PE-HD,plastic,polymer,PE-HD,PE-HD,PE-HD
c_18,258,c_18-258,MAYP1114611__257__02358.txt,continuous_spectra,pehd,2025-07-10,5269466.559999999,4824327.081000001,True,False,True,PE-HD,plastic,polymer,PE-HD,PE-HD,PE-HD
c_18,259,c_18-259,MAYP1114611__258__02359.txt,continuous_spectra,pehd,2025-07-10,11520669.44,4824327.081000001,True,False,True,PE-HD,plastic,polymer,PE-HD,PE-HD,PE-HD
c_18,260,c_18-260,MAYP1114611__259__02360.txt,continuous_spectra,pehd,2025-07-10,9301431.0,4824327.081000001,True,False,True,PE-HD,plastic,polymer,PE-HD,PE-HD,PE-HD
c_18,261,c_18-261,MAYP1114611__260__02361.txt,continuous_spectra,pehd,2025-07-10,12220415.0,4824327.081000001,True,False,True,PE-HD,plastic,polymer,PE-HD,PE-HD,PE-HD
c_18,262,c_18-262,MAYP1114611__261__02362.txt,continuous_spectra,pehd,2025-07-10,13481048.56,4824327.081000001,True,False,True,PE-HD,plastic,polymer,PE-HD,PE-HD,PE-HD
c_18,263,c_18-263,MAYP1114611__262__02363.txt,continuous_spectra,pehd,2025-07-10,10893728.0,4824327.081000001,True,False,True,PE-HD,plastic,polymer,PE-HD,PE-HD,PE-HD
c_18,264,c_18-264,MAYP1114611__263__02364.txt,continuous_spectra,pehd,2025-07-10,11223841.44,4824327.081000001,True,False,True,PE-HD,plastic,polymer,PE-HD,PE-HD,PE-HD
c_18,265,c_18-265,MAYP1114611__264__02365.txt,continuous_spectra,pehd,2025-07-10,11854920.0,4824327.081000001,True,False,True,PE-HD,plastic,polymer,PE-HD,PE-HD,PE-HD
c_18,269,c_18-269,MAYP1114611__268__02369.txt,continuous_spectra,pehd,2025-07-10,10682803.0,4824327.081000001,True,False,True,PE-HD,plastic,polymer,PE-HD,PE-HD,PE-HD
c_18,270,c_18-270,MAYP1114611__269__02370.txt,continuous_spectra,pehd,2025-07-10,10953866.0,4824327.081000001,True,False,True,PE-HD,plastic,polymer,PE-HD,PE-HD,PE-HD
c_18,271,c_18-271,MAYP1114611__270__02371.txt,continuous_spectra,pehd,2025-07-10,14716105.44,4824327.081000001,True,False,True,PE-HD,plastic,polymer,PE-HD,PE-HD,PE-HD
c_18,272,c_18-272,MAYP1114611__271__02372.txt,continuous_spectra,pehd,2025-07-10,13187856.56,4824327.081000001,True,False,True,PE-HD,plastic,polymer,PE-HD,PE-HD,PE-HD
c_18,273,c_18-273,MAYP1114611__272__02373.txt,continuous_spectra,pehd,2025-07-10,9570458.44,4824327.081000001,True,False,True,PE-HD,plastic,polymer,PE-HD,PE-HD,PE-HD
c_18,274,c_18-274,MAYP1114611__273__02374.txt,continuous_spectra,pehd,2025-07-10,10013859.56,4824327.081000001,True,False,True,PE-HD,plastic,polymer,PE-HD,PE-HD,PE-HD
c_18,275,c_18-275,MAYP1114611__274__02375.txt,continuous_spectra,pehd,2025-07-10,10480908.0,4824327.081000001,True,False,True,PE-HD,plastic,polymer,PE-HD,PE-HD,PE-HD
c_18,276,c_18-276,MAYP1114611__275__02376.txt,continuous_spectra,pehd,2025-07-10,9516255.56,4824327.081000001,True,False,True,PE-HD,plastic,polymer,PE-HD,PE-HD,PE-HD
c_19,29,c_19-029,MAYP1114611__28__02429.txt,continuous_spectra,pp_green,2025-07-10,5746173.440000001,4263811.419,True,False,True,PP (green),plastic,polymer,PP,PP (green),PP (green)
c_19,30,c_19-030,MAYP1114611__29__02430.txt,continuous_spectra,pp_green,2025-07-10,8164852.440000001,4263811.419,True,False,True,PP (green),plastic,polymer,PP,PP (green),PP (green)
c_19,31,c_19-031,MAYP1114611__30__02431.txt,continuous_spectra,pp_green,2025-07-10,6854040.559999999,4263811.419,True,False,True,PP (green),plastic,polymer,PP,PP (green),PP (green)
c_19,32,c_19-032,MAYP1114611__31__02432.txt,continuous_spectra,pp_green,2025-07-10,5899338.0,4263811.419,True,False,True,PP (green),plastic,polymer,PP,PP (green),PP (green)
c_19,33,c_19-033,MAYP1114611__32__02433.txt,continuous_spectra,pp_green,2025-07-10,6595499.0,4263811.419,True,False,True,PP (green),plastic,polymer,PP,PP (green),PP (green)
c_19,34,c_19-034,MAYP1114611__33__02434.txt,continuous_spectra,pp_green,2025-07-10,6540365.440000001,4263811.419,True,False,True,PP (green),plastic,polymer,PP,PP (green),PP (green)
c_19,35,c_19-035,MAYP1114611__34__02435.txt,continuous_spectra,pp_green,2025-07-10,9747613.44,4263811.419,True,False,True,PP (green),plastic,polymer,PP,PP (green),PP (green)
c_19,36,c_19-036,MAYP1114611__35__02436.txt,continuous_spectra,pp_green,2025-07-10,8825565.559999999,4263811.419,True,False,True,PP (green),plastic,polymer,PP,PP (green),PP (green)
c_19,40,c_19-040,MAYP1114611__39__02440.txt,continuous_spectra,pp_green,2025-07-10,4423148.440000001,4263811.419,True,False,True,PP (green),plastic,polymer,PP,PP (green),PP (green)
c_19,41,c_19-041,MAYP1114611__40__02441.txt,continuous_spectra,pp_green,2025-07-10,5431957.440000001,4263811.419,True,False,True,PP (green),plastic,polymer,PP,PP (green),PP (green)
c_19,42,c_19-042,MAYP1114611__41__02442.txt,continuous_spectra,pp_green,2025-07-10,5765085.559999999,4263811.419,True,False,True,PP (green),plastic,polymer,PP,PP (green),PP (green)
c_19,43,c_19-043,MAYP1114611__42__02443.txt,continuous_spectra,pp_green,2025-07-10,5168964.0,4263811.419,True,False,True,PP (green),plastic,polymer,PP,PP (green),PP (green)
c_19,44,c_19-044,MAYP1114611__43__02444.txt,continuous_spectra,pp_green,2025-07-10,5474752.559999999,4263811.419,True,False,True,PP (green),plastic,polymer,PP,PP (green),PP (green)
c_19,45,c_19-045,MAYP1114611__44__02445.txt,continuous_spectra,pp_green,2025-07-10,5415361.559999999,4263811.419,True,False,True,PP (green),plastic,polymer,PP,PP (green),PP (green)
c_19,46,c_19-046,MAYP1114611__45__02446.txt,continuous_spectra,pp_green,2025-07-10,6908070.440000001,4263811.419,True,False,True,PP (green),plastic,polymer,PP,PP (green),PP (green)
c_19,47,c_19-047,MAYP1114611__46__02447.txt,continuous_spectra,pp_green,2025-07-10,5556195.0,4263811.419,True,False,True,PP (green),plastic,polymer,PP,PP (green),PP (green)
c_19,51,c_19-051,MAYP1114611__50__02451.txt,continuous_spectra,pp_green,2025-07-10,4364453.440000001,4263811.419,True,False,True,PP (green),plastic,polymer,PP,PP (green),PP (green)
c_19,52,c_19-052,MAYP1114611__51__02452.txt,continuous_spectra,pp_green,2025-07-10,8131155.0,4263811.419,True,False,True,PP (green),plastic,polymer,PP,PP (green),PP (green)
c_19,53,c_19-053,MAYP1114611__52__02453.txt,continuous_spectra,pp_green,2025-07-10,5791857.559999999,4263811.419,True,False,True,PP (green),plastic,polymer,PP,PP (green),PP (green)
c_19,54,c_19-054,MAYP1114611__53__02454.txt,continuous_spectra,pp_green,2025-07-10,5762222.440000001,4263811.419,True,False,True,PP (green),plastic,polymer,PP,PP (green),PP (green)
c_19,55,c_19-055,MAYP1114611__54__02455.txt,continuous_spectra,pp_green,2025-07-10,6288798.440000001,4263811.419,True,False,True,PP (green),plastic,polymer,PP,PP (green),PP (green)
c_19,56,c_19-056,MAYP1114611__55__02456.txt,continuous_spectra,pp_green,2025-07-10,9048192.44,4263811.419,True,False,True,PP (green),plastic,polymer,PP,PP (green),PP (green)
c_19,57,c_19-057,MAYP1114611__56__02457.txt,continuous_spectra,pp_green,2025-07-10,5734509.0,4263811.419,True,False,True,PP (green),plastic,polymer,PP,PP (green),PP (green)
c_19,58,c_19-058,MAYP1114611__57__02458.txt,continuous_spectra,pp_green,2025-07-10,6074608.0,4263811.419,True,False,True,PP (green),plastic,polymer,PP,PP (green),PP (green)
c_19,59,c_19-059,MAYP1114611__58__02459.txt,continuous_spectra,pp_green,2025-07-10,4487970.0,4263811.419,True,False,True,PP (green),plastic,polymer,PP,PP (green),PP (green)
c_19,63,c_19-063,MAYP1114611__62__02463.txt,continuous_spectra,pp_green,2025-07-10,7632377.440000001,4263811.419,True,False,True,PP (green),plastic,polymer,PP,PP (green),PP (green)
c_19,64,c_19-064,MAYP1114611__63__02464.txt,continuous_spectra,pp_green,2025-07-10,6987501.559999999,4263811.419,True,False,True,PP (green),plastic,polymer,PP,PP (green),PP (green)
c_19,65,c_19-065,MAYP1114611__64__02465.txt,continuous_spectra,pp_green,2025-07-10,5338854.0,4263811.419,True,False,True,PP (green),plastic,polymer,PP,PP (green),PP (green)
c_19,66,c_19-066,MAYP1114611__65__02466.txt,continuous_spectra,pp_green,2025-07-10,6080413.559999999,4263811.419,True,False,True,PP (green),plastic,polymer,PP,PP (green),PP (green)
c_19,67,c_19-067,MAYP1114611__66__02467.txt,continuous_spectra,pp_green,2025-07-10,5968176.440000001,4263811.419,True,False,True,PP (green),plastic,polymer,PP,PP (green),PP (green)
c_19,68,c_19-068,MAYP1114611__67__02468.txt,continuous_spectra,pp_green,2025-07-10,5766244.0,4263811.419,True,False,True,PP (green),plastic,polymer,PP,PP (green),PP (green)
c_19,69,c_19-069,MAYP1114611__68__02469.txt,continuous_spectra,pp_green,2025-07-10,7806576.0,4263811.419,True,False,True,PP (green),plastic,polymer,PP,PP (green),PP (green)
c_19,74,c_19-074,MAYP1114611__73__02474.txt,continuous_spectra,pp_green,2025-07-10,7689600.440000001,4263811.419,True,False,True,PP (green),plastic,polymer,PP,PP (green),PP (green)
c_19,75,c_19-075,MAYP1114611__74__02475.txt,continuous_spectra,pp_green,2025-07-10,7796732.559999999,4263811.419,True,False,True,PP (green),plastic,polymer,PP,PP (green),PP (green)
c_19,76,c_19-076,MAYP1114611__75__02476.txt,continuous_spectra,pp_green,2025-07-10,7770678.440000001,4263811.419,True,False,True,PP (green),plastic,polymer,PP,PP (green),PP (green)
c_19,77,c_19-077,MAYP1114611__76__02477.txt,continuous_spectra,pp_green,2025-07-10,8768652.440000001,4263811.419,True,False,True,PP (green),plastic,polymer,PP,PP (green),PP (green)
c_19,78,c_19-078,MAYP1114611__77__02478.txt,continuous_spectra,pp_green,2025-07-10,10430760.56,4263811.419,True,False,True,PP (green),plastic,polymer,PP,PP (green),PP (green)
c_19,79,c_19-079,MAYP1114611__78__02479.txt,continuous_spectra,pp_green,2025-07-10,8147914.0,4263811.419,True,False,True,PP (green),plastic,polymer,PP,PP (green),PP (green)
c_19,80,c_19-080,MAYP1114611__79__02480.txt,continuous_spectra,pp_green,2025-07-10,6247528.0,4263811.419,True,False,True,PP (green),plastic,polymer,PP,PP (green),PP (green)
c_19,84,c_19-084,MAYP1114611__83__02484.txt,continuous_spectra,pp_green,2025-07-10,6313327.559999999,4263811.419,True,False,True,PP (green),plastic,polymer,PP,PP (green),PP (green)
c_19,85,c_19-085,MAYP1114611__84__02485.txt,continuous_spectra,pp_green,2025-07-10,7736463.440000001,4263811.419,True,False,True,PP (green),plastic,polymer,PP,PP (green),PP (green)
c_19,86,c_19-086,MAYP1114611__85__02486.txt,continuous_spectra,pp_green,2025-07-10,6034696.559999999,4263811.419,True,False,True,PP (green),plastic,polymer,PP,PP (green),PP (green)
c_19,87,c_19-087,MAYP1114611__86__02487.txt,continuous_spectra,pp_green,2025-07-10,6158933.440000001,4263811.419,True,False,True,PP (green),plastic,polymer,PP,PP (green),PP (green)
c_19,88,c_19-088,MAYP1114611__87__02488.txt,continuous_spectra,pp_green,2025-07-10,5440956.559999999,4263811.419,True,False,True,PP (green),plastic,polymer,PP,PP (green),PP (green)
c_19,89,c_19-089,MAYP1114611__88__02489.txt,continuous_spectra,pp_green,2025-07-10,6797006.0,4263811.419,True,False,True,PP (green),plastic,polymer,PP,PP (green),PP (green)
c_19,90,c_19-090,MAYP1114611__89__02490.txt,continuous_spectra,pp_green,2025-07-10,7645630.559999999,4263811.419,True,False,True,PP (green),plastic,polymer,PP,PP (green),PP (green)
c_19,91,c_19-091,MAYP1114611__90__02491.txt,continuous_spectra,pp_green,2025-07-10,5746552.0,4263811.419,True,False,True,PP (green),plastic,polymer,PP,PP (green),PP (green)
c_19,122,c_19-122,MAYP1114611__121__02522.txt,continuous_spectra,pp_green,2025-07-10,6931865.559999999,4263811.419,True,False,True,PP (green),plastic,polymer,PP,PP (green),PP (green)
c_19,123,c_19-123,MAYP1114611__122__02523.txt,continuous_spectra,pp_green,2025-07-10,5502788.440000001,4263811.419,True,False,True,PP (green),plastic,polymer,PP,PP (green),PP (green)
c_19,124,c_19-124,MAYP1114611__123__02524.txt,continuous_spectra,pp_green,2025-07-10,4712493.0,4263811.419,True,False,True,PP (green),plastic,polymer,PP,PP (green),PP (green)
c_19,125,c_19-125,MAYP1114611__124__02525.txt,continuous_spectra,pp_green,2025-07-10,5195533.440000001,4263811.419,True,False,True,PP (green),plastic,polymer,PP,PP (green),PP (green)
c_19,126,c_19-126,MAYP1114611__125__02526.txt,continuous_spectra,pp_green,2025-07-10,4818545.559999999,4263811.419,True,False,True,PP (green),plastic,polymer,PP,PP (green),PP (green)
c_19,127,c_19-127,MAYP1114611__126__02527.txt,continuous_spectra,pp_green,2025-07-10,5396212.0,4263811.419,True,False,True,PP (green),plastic,polymer,PP,PP (green),PP (green)
c_19,128,c_19-128,MAYP1114611__127__02528.txt,continuous_spectra,pp_green,2025-07-10,8062445.0,4263811.419,True,False,True,PP (green),plastic,polymer,PP,PP (green),PP (green)
c_19,129,c_19-129,MAYP1114611__128__02529.txt,continuous_spectra,pp_green,2025-07-10,6021569.0,4263811.419,True,False,True,PP (green),plastic,polymer,PP,PP (green),PP (green)
c_19,133,c_19-133,MAYP1114611__132__02533.txt,continuous_spectra,pp_green,2025-07-10,8083148.440000001,4263811.419,True,False,True,PP (green),plastic,polymer,PP,PP (green),PP (green)
c_19,134,c_19-134,MAYP1114611__133__02534.txt,continuous_spectra,pp_green,2025-07-10,8138041.559999999,4263811.419,True,False,True,PP (green),plastic,polymer,PP,PP (green),PP (green)
c_19,135,c_19-135,MAYP1114611__134__02535.txt,continuous_spectra,pp_green,2025-07-10,6341234.440000001,4263811.419,True,False,True,PP (green),plastic,polymer,PP,PP (green),PP (green)
c_19,136,c_19-136,MAYP1114611__135__02536.txt,continuous_spectra,pp_green,2025-07-10,5124428.440000001,4263811.419,True,False,True,PP (green),plastic,polymer,PP,PP (green),PP (green)
c_19,137,c_19-137,MAYP1114611__136__02537.txt,continuous_spectra,pp_green,2025-07-10,5517419.559999999,4263811.419,True,False,True,PP (green),plastic,polymer,PP,PP (green),PP (green)
c_19,138,c_19-138,MAYP1114611__137__02538.txt,continuous_spectra,pp_green,2025-07-10,4867806.559999999,4263811.419,True,False,True,PP (green),plastic,polymer,PP,PP (green),PP (green)
c_19,139,c_19-139,MAYP1114611__138__02539.txt,continuous_spectra,pp_green,2025-07-10,5688460.440000001,4263811.419,True,False,True,PP (green),plastic,polymer,PP,PP (green),PP (green)
c_19,140,c_19-140,MAYP1114611__139__02540.txt,continuous_spectra,pp_green,2025-07-10,7494008.559999999,4263811.419,True,False,True,PP (green),plastic,polymer,PP,PP (green),PET
c_19,144,c_19-144,MAYP1114611__143__02544.txt,continuous_spectra,pp_green,2025-07-10,6949544.559999999,4263811.419,True,False,True,PP (green),plastic,polymer,PP,PP (green),PP (green)
c_19,145,c_19-145,MAYP1114611__144__02545.txt,continuous_spectra,pp_green,2025-07-10,9947965.0,4263811.419,True,False,True,PP (green),plastic,polymer,PP,PP (green),PP (green)
c_19,146,c_19-146,MAYP1114611__145__02546.txt,continuous_spectra,pp_green,2025-07-10,9562613.0,4263811.419,True,False,True,PP (green),plastic,polymer,PP,PP (green),PP (green)
c_19,147,c_19-147,MAYP1114611__146__02547.txt,continuous_spectra,pp_green,2025-07-10,6703007.440000001,4263811.419,True,False,True,PP (green),plastic,polymer,PP,PP (green),PP (green)
c_19,148,c_19-148,MAYP1114611__147__02548.txt,continuous_spectra,pp_green,2025-07-10,5452650.559999999,4263811.419,True,False,True,PP (green),plastic,polymer,PP,PP (green),PP (green)
c_19,149,c_19-149,MAYP1114611__148__02549.txt,continuous_spectra,pp_green,2025-07-10,6189128.0,4263811.419,True,False,True,PP (green),plastic,polymer,PP,PP (green),PP (green)
c_19,150,c_19-150,MAYP1114611__149__02550.txt,continuous_spectra,pp_green,2025-07-10,7635805.559999999,4263811.419,True,False,True,PP (green),plastic,polymer,PP,PP (green),PP (green)
c_19,151,c_19-151,MAYP1114611__150__02551.txt,continuous_spectra,pp_green,2025-07-10,4750590.559999999,4263811.419,True,False,True,PP (green),plastic,polymer,PP,PP (green),PP (green)
c_19,154,c_19-154,MAYP1114611__153__02554.txt,continuous_spectra,pp_green,2025-07-10,5103286.440000001,4263811.419,True,False,True,PP (green),plastic,polymer,PP,PP (green),PP (green)
c_19,155,c_19-155,MAYP1114611__154__02555.txt,continuous_spectra,pp_green,2025-07-10,8510215.440000001,4263811.419,True,False,True,PP (green),plastic,polymer,PP,PP (green),PP (green)
c_19,156,c_19-156,MAYP1114611__155__02556.txt,continuous_spectra,pp_green,2025-07-10,5964380.440000001,4263811.419,True,False,True,PP (green),plastic,polymer,PP,PP (green),PP (green)
c_19,157,c_19-157,MAYP1114611__156__02557.txt,continuous_spectra,pp_green,2025-07-10,5864978.0,4263811.419,True,False,True,PP (green),plastic,polymer,PP,PP (green),PP (green)
c_19,158,c_19-158,MAYP1114611__157__02558.txt,continuous_spectra,pp_green,2025-07-10,7107341.559999999,4263811.419,True,False,True,PP (green),plastic,polymer,PP,PP (green),PP (green)
c_19,159,c_19-159,MAYP1114611__158__02559.txt,continuous_spectra,pp_green,2025-07-10,7535998.0,4263811.419,True,False,True,PP (green),plastic,polymer,PP,PP (green),PP (green)
c_19,160,c_19-160,MAYP1114611__159__02560.txt,continuous_spectra,pp_green,2025-07-10,6738561.440000001,4263811.419,True,False,True,PP (green),plastic,polymer,PP,PP (green),PP (green)
c_19,161,c_19-161,MAYP1114611__160__02561.txt,continuous_spectra,pp_green,2025-07-10,7124328.559999999,4263811.419,True,False,True,PP (green),plastic,polymer,PP,PP (green),PP (green)
c_19,162,c_19-162,MAYP1114611__161__02562.txt,continuous_spectra,pp_green,2025-07-10,5935808.440000001,4263811.419,True,False,True,PP (green),plastic,polymer,PP,PP (green),PP (green)
c_19,165,c_19-165,MAYP1114611__164__02565.txt,continuous_spectra,pp_green,2025-07-10,6402097.0,4263811.419,True,False,True,PP (green),plastic,polymer,PP,PP (green),PP (green)
c_19,166,c_19-166,MAYP1114611__165__02566.txt,continuous_spectra,pp_green,2025-07-10,8116058.0,4263811.419,True,False,True,PP (green),plastic,polymer,PP,PP (green),PP (green)
c_19,167,c_19-167,MAYP1114611__166__02567.txt,continuous_spectra,pp_green,2025-07-10,6262772.559999999,4263811.419,True,False,True,PP (green),plastic,polymer,PP,PP (green),PP (green)
c_19,168,c_19-168,MAYP1114611__167__02568.txt,continuous_spectra,pp_green,2025-07-10,6878714.440000001,4263811.419,True,False,True,PP (green),plastic,polymer,PP,PP (green),PP (green)
c_19,169,c_19-169,MAYP1114611__168__02569.txt,continuous_spectra,pp_green,2025-07-10,7289754.559999999,4263811.419,True,False,True,PP (green),plastic,polymer,PP,PP (green),PP (green)
c_19,170,c_19-170,MAYP1114611__169__02570.txt,continuous_spectra,pp_green,2025-07-10,6222707.559999999,4263811.419,True,False,True,PP (green),plastic,polymer,PP,PP (green),PP (green)
c_19,171,c_19-171,MAYP1114611__170__02571.txt,continuous_spectra,pp_green,2025-07-10,7650980.559999999,4263811.419,True,False,True,PP (green),plastic,polymer,PP,PP (green),PP (green)
c_19,172,c_19-172,MAYP1114611__171__02572.txt,continuous_spectra,pp_green,2025-07-10,7659008.440000001,4263811.419,True,False,True,PP (green),plastic,polymer,PP,PP (green),PP (green)
c_19,175,c_19-175,MAYP1114611__174__02575.txt,continuous_spectra,pp_green,2025-07-10,4403414.559999999,4263811.419,True,False,True,PP (green),plastic,polymer,PP,PP (green),PP (green)
c_19,176,c_19-176,MAYP1114611__175__02576.txt,continuous_spectra,pp_green,2025-07-10,4861784.0,4263811.419,True,False,True,PP (green),plastic,polymer,PP,PP (green),PP (green)
c_19,177,c_19-177,MAYP1114611__176__02577.txt,continuous_spectra,pp_green,2025-07-10,7642584.440000001,4263811.419,True,False,True,PP (green),plastic,polymer,PP,PP (green),PP (green)
c_19,178,c_19-178,MAYP1114611__177__02578.txt,continuous_spectra,pp_green,2025-07-10,8095367.0,4263811.419,True,False,True,PP (green),plastic,polymer,PP,PP (green),PP (green)
c_19,179,c_19-179,MAYP1114611__178__02579.txt,continuous_spectra,pp_green,2025-07-10,7725152.440000001,4263811.419,True,False,True,PP (green),plastic,polymer,PP,PP (green),PP (green)
c_19,180,c_19-180,MAYP1114611__179__02580.txt,continuous_spectra,pp_green,2025-07-10,9184228.56,4263811.419,True,False,True,PP (green),plastic,polymer,PP,PP (green),PP (green)
c_19,181,c_19-181,MAYP1114611__180__02581.txt,continuous_spectra,pp_green,2025-07-10,6898238.559999999,4263811.419,True,False,True,PP (green),plastic,polymer,PP,PP (green),PP (green)
c_19,182,c_19-182,MAYP1114611__181__02582.txt,continuous_spectra,pp_green,2025-07-10,6228348.440000001,4263811.419,True,False,True,PP (green),plastic,polymer,PP,PP (green),PP (green)
c_19,183,c_19-183,MAYP1114611__182__02583.txt,continuous_spectra,pp_green,2025-07-10,7195096.0,4263811.419,True,False,True,PP (green),plastic,polymer,PP,PP (green),PP (green)
c_19,215,c_19-215,MAYP1114611__214__02615.txt,continuous_spectra,pp_green,2025-07-10,5489433.440000001,4263811.419,True,False,True,PP (green),plastic,polymer,PP,PP (green),PP (green)
c_19,216,c_19-216,MAYP1114611__215__02616.txt,continuous_spectra,pp_green,2025-07-10,5164344.0,4263811.419,True,False,True,PP (green),plastic,polymer,PP,PP (green),PP (green)
c_19,217,c_19-217,MAYP1114611__216__02617.txt,continuous_spectra,pp_green,2025-07-10,5168057.440000001,4263811.419,True,False,True,PP (green),plastic,polymer,PP,PP (green),PP (green)
c_19,218,c_19-218,MAYP1114611__217__02618.txt,continuous_spectra,pp_green,2025-07-10,5352389.0,4263811.419,True,False,True,PP (green),plastic,polymer,PP,PP (green),PP (green)
c_19,219,c_19-219,MAYP1114611__218__02619.txt,continuous_spectra,pp_green,2025-07-10,5425518.0,4263811.419,True,False,True,PP (green),plastic,polymer,PP,PP (green),PP (green)
c_19,220,c_19-220,MAYP1114611__219__02620.txt,continuous_spectra,pp_green,2025-07-10,5965067.0,4263811.419,True,False,True,PP (green),plastic,polymer,PP,PP (green),PP (green)
c_19,221,c_19-221,MAYP1114611__220__02621.txt,continuous_spectra,pp_green,2025-07-10,7834680.0,4263811.419,True,False,True,PP (green),plastic,polymer,PP,PP (green),PP (green)
c_19,222,c_19-222,MAYP1114611__221__02622.txt,continuous_spectra,pp_green,2025-07-10,5133342.559999999,4263811.419,True,False,True,PP (green),plastic,polymer,PP,PP (green),PP (green)
c_19,225,c_19-225,MAYP1114611__224__02625.txt,continuous_spectra,pp_green,2025-07-10,5765638.559999999,4263811.419,True,False,True,PP (green),plastic,polymer,PP,PP (green),PP (green)
c_19,226,c_19-226,MAYP1114611__225__02626.txt,continuous_spectra,pp_green,2025-07-10,5472753.0,4263811.419,True,False,True,PP (green),plastic,polymer,PP,PP (green),PP (green)
c_19,227,c_19-227,MAYP1114611__226__02627.txt,continuous_spectra,pp_green,2025-07-10,7810187.559999999,4263811.419,True,False,True,PP (green),plastic,polymer,PP,PP (green),PP (green)
c_19,228,c_19-228,MAYP1114611__227__02628.txt,continuous_spectra,pp_green,2025-07-10,6613643.440000001,4263811.419,True,False,True,PP (green),plastic,polymer,PP,PP (green),PP (green)
c_19,229,c_19-229,MAYP1114611__228__02629.txt,continuous_spectra,pp_green,2025-07-10,6320191.559999999,4263811.419,True,False,True,PP (green),plastic,polymer,PP,PP (green),PP (green)
c_19,230,c_19-230,MAYP1114611__229__02630.txt,continuous_spectra,pp_green,2025-07-10,4943358.559999999,4263811.419,True,False,True,PP (green),plastic,polymer,PP,PP (green),PP (green)
c_19,231,c_19-231,MAYP1114611__230__02631.txt,continuous_spectra,pp_green,2025-07-10,4970732.559999999,4263811.419,True,False,True,PP (green),plastic,polymer,PP,PP (green),PP (green)
c_19,232,c_19-232,MAYP1114611__231__02632.txt,continuous_spectra,pp_green,2025-07-10,6092815.0,4263811.419,True,False,True,PP (green),plastic,polymer,PP,PP (green),PP (green)
c_19,233,c_19-233,MAYP1114611__232__02633.txt,continuous_spectra,pp_green,2025-07-10,5076668.440000001,4263811.419,True,False,True,PP (green),plastic,polymer,PP,PP (green),PP (green)
c_19,235,c_19-235,MAYP1114611__234__02635.txt,continuous_spectra,pp_green,2025-07-10,4811966.559999999,4263811.419,True,False,True,PP (green),plastic,polymer,PP,PP (green),PP (green)
c_19,236,c_19-236,MAYP1114611__235__02636.txt,continuous_spectra,pp_green,2025-07-10,4527008.559999999,4263811.419,True,False,True,PP (green),plastic,polymer,PP,PP (green),PP (green)
c_19,237,c_19-237,MAYP1114611__236__02637.txt,continuous_spectra,pp_green,2025-07-10,7369460.440000001,4263811.419,True,False,True,PP (green),plastic,polymer,PP,PP (green),PP (green)
c_19,238,c_19-238,MAYP1114611__237__02638.txt,continuous_spectra,pp_green,2025-07-10,7392367.440000001,4263811.419,True,False,True,PP (green),plastic,polymer,PP,PP (green),PP (green)
c_19,239,c_19-239,MAYP1114611__238__02639.txt,continuous_spectra,pp_green,2025-07-10,6552550.0,4263811.419,True,False,True,PP (green),plastic,polymer,PP,PP (green),PP (green)
c_19,240,c_19-240,MAYP1114611__239__02640.txt,continuous_spectra,pp_green,2025-07-10,7491668.559999999,4263811.419,True,False,True,PP (green),plastic,polymer,PP,PP (green),PP (green)
c_19,241,c_19-241,MAYP1114611__240__02641.txt,continuous_spectra,pp_green,2025-07-10,7032383.0,4263811.419,True,False,True,PP (green),plastic,polymer,PP,PP (green),PP (green)
c_19,242,c_19-242,MAYP1114611__241__02642.txt,continuous_spectra,pp_green,2025-07-10,7001919.0,4263811.419,True,False,True,PP (green),plastic,polymer,PP,PP (green),PP (green)
c_19,243,c_19-243,MAYP1114611__242__02643.txt,continuous_spectra,pp_green,2025-07-10,8800100.440000001,4263811.419,True,False,True,PP (green),plastic,polymer,PP,PP (green),PP (green)
c_19,247,c_19-247,MAYP1114611__246__02647.txt,continuous_spectra,pp_green,2025-07-10,5574234.440000001,4263811.419,True,False,True,PP (green),plastic,polymer,PP,PP (green),PP (green)
c_19,248,c_19-248,MAYP1114611__247__02648.txt,continuous_spectra,pp_green,2025-07-10,8060801.0,4263811.419,True,False,True,PP (green),plastic,polymer,PP,PP (green),PP (green)
c_19,249,c_19-249,MAYP1114611__248__02649.txt,continuous_spectra,pp_green,2025-07-10,6056647.440000001,4263811.419,True,False,True,PP (green),plastic,polymer,PP,PP (green),PP (green)
c_19,250,c_19-250,MAYP1114611__249__02650.txt,continuous_spectra,pp_green,2025-07-10,6363983.559999999,4263811.419,True,False,True,PP (green),plastic,polymer,PP,PP (green),PP (green)
c_19,251,c_19-251,MAYP1114611__250__02651.txt,continuous_spectra,pp_green,2025-07-10,6095694.559999999,4263811.419,True,False,True,PP (green),plastic,polymer,PP,PP (green),PP (green)
c_19,252,c_19-252,MAYP1114611__251__02652.txt,continuous_spectra,pp_green,2025-07-10,5784739.440000001,4263811.419,True,False,True,PP (green),plastic,polymer,PP,PP (green),PP (green)
c_19,253,c_19-253,MAYP1114611__252__02653.txt,continuous_spectra,pp_green,2025-07-10,7560408.0,4263811.419,True,False,True,PP (green),plastic,polymer,PP,PP (green),PP (green)
c_19,254,c_19-254,MAYP1114611__253__02654.txt,continuous_spectra,pp_green,2025-07-10,7232493.0,4263811.419,True,False,True,PP (green),plastic,polymer,PP,PP (green),PP (green)
c_19,258,c_19-258,MAYP1114611__257__02658.txt,continuous_spectra,pp_green,2025-07-10,6298089.559999999,4263811.419,True,False,True,PP (green),plastic,polymer,PP,PP (green),PP (green)
c_19,259,c_19-259,MAYP1114611__258__02659.txt,continuous_spectra,pp_green,2025-07-10,6313383.0,4263811.419,True,False,True,PP (green),plastic,polymer,PP,PP (green),PP (green)
c_19,260,c_19-260,MAYP1114611__259__02660.txt,continuous_spectra,pp_green,2025-07-10,5264252.440000001,4263811.419,True,False,True,PP (green),plastic,polymer,PP,PP (green),PP (green)
c_19,261,c_19-261,MAYP1114611__260__02661.txt,continuous_spectra,pp_green,2025-07-10,5433490.559999999,4263811.419,True,False,True,PP (green),plastic,polymer,PP,PP (green),PP (green)
c_19,262,c_19-262,MAYP1114611__261__02662.txt,continuous_spectra,pp_green,2025-07-10,7168759.440000001,4263811.419,True,False,True,PP (green),plastic,polymer,PP,PP (green),PP (green)
c_19,263,c_19-263,MAYP1114611__262__02663.txt,continuous_spectra,pp_green,2025-07-10,7490354.559999999,4263811.419,True,False,True,PP (green),plastic,polymer,PP,PP (green),PP (green)
c_19,264,c_19-264,MAYP1114611__263__02664.txt,continuous_spectra,pp_green,2025-07-10,8515130.0,4263811.419,True,False,True,PP (green),plastic,polymer,PP,PP (green),PP (green)
c_19,265,c_19-265,MAYP1114611__264__02665.txt,continuous_spectra,pp_green,2025-07-10,7310217.440000001,4263811.419,True,False,True,PP (green),plastic,polymer,PP,PP (green),PP (green)
c_19,269,c_19-269,MAYP1114611__268__02669.txt,continuous_spectra,pp_green,2025-07-10,5207477.559999999,4263811.419,True,False,True,PP (green),plastic,polymer,PP,PP (green),PP (green)
c_19,270,c_19-270,MAYP1114611__269__02670.txt,continuous_spectra,pp_green,2025-07-10,8407029.559999999,4263811.419,True,False,True,PP (green),plastic,polymer,PP,PP (green),PP (green)
c_19,271,c_19-271,MAYP1114611__270__02671.txt,continuous_spectra,pp_green,2025-07-10,8310162.440000001,4263811.419,True,False,True,PP (green),plastic,polymer,PP,PP (green),PP (green)
c_19,272,c_19-272,MAYP1114611__271__02672.txt,continuous_spectra,pp_green,2025-07-10,7494904.0,4263811.419,True,False,True,PP (green),plastic,polymer,PP,PP (green),PP (green)
c_19,273,c_19-273,MAYP1114611__272__02673.txt,continuous_spectra,pp_green,2025-07-10,9179674.0,4263811.419,True,False,True,PP (green),plastic,polymer,PP,PP (green),PP (green)
c_19,274,c_19-274,MAYP1114611__273__02674.txt,continuous_spectra,pp_green,2025-07-10,9395086.56,4263811.419,True,False,True,PP (green),plastic,polymer,PP,PP (green),PP (green)
c_19,275,c_19-275,MAYP1114611__274__02675.txt,continuous_spectra,pp_green,2025-07-10,8878606.559999999,4263811.419,True,False,True,PP (green),plastic,polymer,PP,PP (green),PP (green)
c_19,276,c_19-276,MAYP1114611__275__02676.txt,continuous_spectra,pp_green,2025-07-10,5582941.0,4263811.419,True,False,True,PP (green),plastic,polymer,PP,PP (green),PP (green)
c_20,29,c_20-029,MAYP1114611__28__02729.txt,continuous_spectra,pp_green,2025-07-10,5367161.0,4610480.406000001,True,False,True,PP (green),plastic,polymer,PP,PP (green),PP (green)
c_20,30,c_20-030,MAYP1114611__29__02730.txt,continuous_spectra,pp_green,2025-07-10,8728891.440000001,4610480.406000001,True,False,True,PP (green),plastic,polymer,PP,PP (green),PP (green)
c_20,31,c_20-031,MAYP1114611__30__02731.txt,continuous_spectra,pp_green,2025-07-10,7657585.0,4610480.406000001,True,False,True,PP (green),plastic,polymer,PP,PP (green),PP (green)
c_20,32,c_20-032,MAYP1114611__31__02732.txt,continuous_spectra,pp_green,2025-07-10,7299709.440000001,4610480.406000001,True,False,True,PP (green),plastic,polymer,PP,PP (green),PP (green)
c_20,33,c_20-033,MAYP1114611__32__02733.txt,continuous_spectra,pp_green,2025-07-10,9520394.0,4610480.406000001,True,False,True,PP (green),plastic,polymer,PP,PP (green),PP (green)
c_20,34,c_20-034,MAYP1114611__33__02734.txt,continuous_spectra,pp_green,2025-07-10,8308005.559999999,4610480.406000001,True,False,True,PP (green),plastic,polymer,PP,PP (green),PP (green)
c_20,35,c_20-035,MAYP1114611__34__02735.txt,continuous_spectra,pp_green,2025-07-10,8077743.440000001,4610480.406000001,True,False,True,PP (green),plastic,polymer,PP,PP (green),PP (green)
c_20,36,c_20-036,MAYP1114611__35__02736.txt,continuous_spectra,pp_green,2025-07-10,7302380.559999999,4610480.406000001,True,False,True,PP (green),plastic,polymer,PP,PP (green),PP (green)
c_20,37,c_20-037,MAYP1114611__36__02737.txt,continuous_spectra,pp_green,2025-07-10,4820634.0,4610480.406000001,True,False,True,PP (green),plastic,polymer,PP,PP (green),PP (green)
c_20,41,c_20-041,MAYP1114611__40__02741.txt,continuous_spectra,pp_green,2025-07-10,5468990.559999999,4610480.406000001,True,False,True,PP (green),plastic,polymer,PP,PP (green),PP (green)
c_20,42,c_20-042,MAYP1114611__41__02742.txt,continuous_spectra,pp_green,2025-07-10,5631904.559999999,4610480.406000001,True,False,True,PP (green),plastic,polymer,PP,PP (green),PP (green)
c_20,43,c_20-043,MAYP1114611__42__02743.txt,continuous_spectra,pp_green,2025-07-10,5539200.440000001,4610480.406000001,True,False,True,PP (green),plastic,polymer,PP,PP (green),PP (green)
c_20,44,c_20-044,MAYP1114611__43__02744.txt,continuous_spectra,pp_green,2025-07-10,6768866.559999999,4610480.406000001,True,False,True,PP (green),plastic,polymer,PP,PP (green),PP (green)
c_20,45,c_20-045,MAYP1114611__44__02745.txt,continuous_spectra,pp_green,2025-07-10,8343903.0,4610480.406000001,True,False,True,PP (green),plastic,polymer,PP,PP (green),PP (green)
c_20,46,c_20-046,MAYP1114611__45__02746.txt,continuous_spectra,pp_green,2025-07-10,6412213.559999999,4610480.406000001,True,False,True,PP (green),plastic,polymer,PP,PP (green),PP (green)
c_20,47,c_20-047,MAYP1114611__46__02747.txt,continuous_spectra,pp_green,2025-07-10,7453436.440000001,4610480.406000001,True,False,True,PP (green),plastic,polymer,PP,PP (green),PP (green)
c_20,52,c_20-052,MAYP1114611__51__02752.txt,continuous_spectra,pp_green,2025-07-10,8731468.440000001,4610480.406000001,True,False,True,PP (green),plastic,polymer,PP,PP (green),PP (green)
c_20,53,c_20-053,MAYP1114611__52__02753.txt,continuous_spectra,pp_green,2025-07-10,6975386.559999999,4610480.406000001,True,False,True,PP (green),plastic,polymer,PP,PP (green),PP (green)
c_20,54,c_20-054,MAYP1114611__53__02754.txt,continuous_spectra,pp_green,2025-07-10,9181611.0,4610480.406000001,True,False,True,PP (green),plastic,polymer,PP,PP (green),PP (green)
c_20,55,c_20-055,MAYP1114611__54__02755.txt,continuous_spectra,pp_green,2025-07-10,8286817.559999999,4610480.406000001,True,False,True,PP (green),plastic,polymer,PP,PP (green),PP (green)
c_20,56,c_20-056,MAYP1114611__55__02756.txt,continuous_spectra,pp_green,2025-07-10,6945365.559999999,4610480.406000001,True,False,True,PP (green),plastic,polymer,PP,PP (green),PP (green)
c_20,57,c_20-057,MAYP1114611__56__02757.txt,continuous_spectra,pp_green,2025-07-10,5892915.0,4610480.406000001,True,False,True,PP (green),plastic,polymer,PP,PP (green),PP (green)
c_20,58,c_20-058,MAYP1114611__57__02758.txt,continuous_spectra,pp_green,2025-07-10,5854714.440000001,4610480.406000001,True,False,True,PP (green),plastic,polymer,PP,PP (green),PP (green)
c_20,59,c_20-059,MAYP1114611__58__02759.txt,continuous_spectra,pp_green,2025-07-10,7378563.0,4610480.406000001,True,False,True,PP (green),plastic,polymer,PP,PP (green),PP (green)
c_20,63,c_20-063,MAYP1114611__62__02763.txt,continuous_spectra,pp_green,2025-07-10,5880190.440000001,4610480.406000001,True,False,True,PP (green),plastic,polymer,PP,PP (green),PP (green)
c_20,64,c_20-064,MAYP1114611__63__02764.txt,continuous_spectra,pp_green,2025-07-10,7333339.440000001,4610480.406000001,True,False,True,PP (green),plastic,polymer,PP,PP (green),PP (green)
c_20,65,c_20-065,MAYP1114611__64__02765.txt,continuous_spectra,pp_green,2025-07-10,6084287.559999999,4610480.406000001,True,False,True,PP (green),plastic,polymer,PP,PP (green),PP (green)
c_20,66,c_20-066,MAYP1114611__65__02766.txt,continuous_spectra,pp_green,2025-07-10,4812040.559999999,4610480.406000001,True,False,True,PP (green),plastic,polymer,PP,PP (green),PP (green)
c_20,67,c_20-067,MAYP1114611__66__02767.txt,continuous_spectra,pp_green,2025-07-10,5953658.0,4610480.406000001,True,False,True,PP (green),plastic,polymer,PP,PP (green),PP (green)
c_20,68,c_20-068,MAYP1114611__67__02768.txt,continuous_spectra,pp_green,2025-07-10,5936939.559999999,4610480.406000001,True,False,True,PP (green),plastic,polymer,PP,PP (green),PP (green)
c_20,69,c_20-069,MAYP1114611__68__02769.txt,continuous_spectra,pp_green,2025-07-10,6187279.440000001,4610480.406000001,True,False,True,PP (green),plastic,polymer,PP,PP (green),PP (green)
c_20,73,c_20-073,MAYP1114611__72__02773.txt,continuous_spectra,pp_green,2025-07-10,6354950.440000001,4610480.406000001,True,False,True,PP (green),plastic,polymer,PP,PP (green),PP (green)
c_20,74,c_20-074,MAYP1114611__73__02774.txt,continuous_spectra,pp_green,2025-07-10,9977588.0,4610480.406000001,True,False,True,PP (green),plastic,polymer,PP,PP (green),PP (green)
c_20,75,c_20-075,MAYP1114611__74__02775.txt,continuous_spectra,pp_green,2025-07-10,6195132.559999999,4610480.406000001,True,False,True,PP (green),plastic,polymer,PP,PP (green),PP (green)
c_20,76,c_20-076,MAYP1114611__75__02776.txt,continuous_spectra,pp_green,2025-07-10,5987648.0,4610480.406000001,True,False,True,PP (green),plastic,polymer,PP,PP (green),PP (green)
c_20,77,c_20-077,MAYP1114611__76__02777.txt,continuous_spectra,pp_green,2025-07-10,7429133.559999999,4610480.406000001,True,False,True,PP (green),plastic,polymer,PP,PP (green),PP (green)
c_20,78,c_20-078,MAYP1114611__77__02778.txt,continuous_spectra,pp_green,2025-07-10,7470303.0,4610480.406000001,True,False,True,PP (green),plastic,polymer,PP,PP (green),PP (green)
c_20,79,c_20-079,MAYP1114611__78__02779.txt,continuous_spectra,pp_green,2025-07-10,8404515.559999999,4610480.406000001,True,False,True,PP (green),plastic,polymer,PP,PP (green),PP (green)
c_20,80,c_20-080,MAYP1114611__79__02780.txt,continuous_spectra,pp_green,2025-07-10,8420599.440000001,4610480.406000001,True,False,True,PP (green),plastic,polymer,PP,PP (green),PP (green)
c_20,85,c_20-085,MAYP1114611__84__02785.txt,continuous_spectra,pp_green,2025-07-10,5543803.0,4610480.406000001,True,False,True,PP (green),plastic,polymer,PP,PP (green),PP (green)
c_20,86,c_20-086,MAYP1114611__85__02786.txt,continuous_spectra,pp_green,2025-07-10,6006540.0,4610480.406000001,True,False,True,PP (green),plastic,polymer,PP,PP (green),PP (green)
c_20,87,c_20-087,MAYP1114611__86__02787.txt,continuous_spectra,pp_green,2025-07-10,5281970.559999999,4610480.406000001,True,False,True,PP (green),plastic,polymer,PP,PP (green),PP (green)
c_20,88,c_20-088,MAYP1114611__87__02788.txt,continuous_spectra,pp_green,2025-07-10,4790201.440000001,4610480.406000001,True,False,True,PP (green),plastic,polymer,PP,PP (green),PP (green)
c_20,89,c_20-089,MAYP1114611__88__02789.txt,continuous_spectra,pp_green,2025-07-10,5451185.0,4610480.406000001,True,False,True,PP (green),plastic,polymer,PP,PP (green),PP (green)
c_20,90,c_20-090,MAYP1114611__89__02790.txt,continuous_spectra,pp_green,2025-07-10,5228705.559999999,4610480.406000001,True,False,True,PP (green),plastic,polymer,PP,PP (green),PP (green)
c_20,91,c_20-091,MAYP1114611__90__02791.txt,continuous_spectra,pp_green,2025-07-10,7464576.559999999,4610480.406000001,True,False,True,PP (green),plastic,polymer,PP,PP (green),PP (green)
c_20,122,c_20-122,MAYP1114611__121__02822.txt,continuous_spectra,pp_green,2025-07-10,6327766.440000001,4610480.406000001,True,False,True,PP (green),plastic,polymer,PP,PP (green),PP (green)
c_20,123,c_20-123,MAYP1114611__122__02823.txt,continuous_spectra,pp_green,2025-07-10,5119822.440000001,4610480.406000001,True,False,True,PP (green),plastic,polymer,PP,PP (green),PP (green)
c_20,124,c_20-124,MAYP1114611__123__02824.txt,continuous_spectra,pp_green,2025-07-10,6117181.559999999,4610480.406000001,True,False,True,PP (green),plastic,polymer,PP,PP (green),PP (green)
c_20,125,c_20-125,MAYP1114611__124__02825.txt,continuous_spectra,pp_green,2025-07-10,5450408.440000001,4610480.406000001,True,False,True,PP (green),plastic,polymer,PP,PP (green),PP (green)
c_20,127,c_20-127,MAYP1114611__126__02827.txt,continuous_spectra,pp_green,2025-07-10,6586469.559999999,4610480.406000001,True,False,True,PP (green),plastic,polymer,PP,PP (green),PP (green)
c_20,128,c_20-128,MAYP1114611__127__02828.txt,continuous_spectra,pp_green,2025-07-10,8625532.559999999,4610480.406000001,True,False,True,PP (green),plastic,polymer,PP,PP (green),PP (green)
c_20,129,c_20-129,MAYP1114611__128__02829.txt,continuous_spectra,pp_green,2025-07-10,6917219.440000001,4610480.406000001,True,False,True,PP (green),plastic,polymer,PP,PP (green),PP (green)
c_20,133,c_20-133,MAYP1114611__132__02833.txt,continuous_spectra,pp_green,2025-07-10,5326320.0,4610480.406000001,True,False,True,PP (green),plastic,polymer,PP,PP (green),PP (green)
c_20,134,c_20-134,MAYP1114611__133__02834.txt,continuous_spectra,pp_green,2025-07-10,7121377.440000001,4610480.406000001,True,False,True,PP (green),plastic,polymer,PP,PP (green),PP (green)
c_20,135,c_20-135,MAYP1114611__134__02835.txt,continuous_spectra,pp_green,2025-07-10,5878493.440000001,4610480.406000001,True,False,True,PP (green),plastic,polymer,PP,PP (green),PP (green)
c_20,136,c_20-136,MAYP1114611__135__02836.txt,continuous_spectra,pp_green,2025-07-10,4718115.440000001,4610480.406000001,True,False,True,PP (green),plastic,polymer,PP,PP (green),PP (green)
c_20,137,c_20-137,MAYP1114611__136__02837.txt,continuous_spectra,pp_green,2025-07-10,6842360.559999999,4610480.406000001,True,False,True,PP (green),plastic,polymer,PP,PP (green),PP (green)
c_20,138,c_20-138,MAYP1114611__137__02838.txt,continuous_spectra,pp_green,2025-07-10,6562316.559999999,4610480.406000001,True,False,True,PP (green),plastic,polymer,PP,PP (green),PP (green)
c_20,139,c_20-139,MAYP1114611__138__02839.txt,continuous_spectra,pp_green,2025-07-10,6574277.440000001,4610480.406000001,True,False,True,PP (green),plastic,polymer,PP,PP (green),PP (green)
c_20,140,c_20-140,MAYP1114611__139__02840.txt,continuous_spectra,pp_green,2025-07-10,10187830.44,4610480.406000001,True,False,True,PP (green),plastic,polymer,PP,PP (green),PP (green)
c_20,144,c_20-144,MAYP1114611__143__02844.txt,continuous_spectra,pp_green,2025-07-10,7286354.440000001,4610480.406000001,True,False,True,PP (green),plastic,polymer,PP,PP (green),PP (green)
c_20,145,c_20-145,MAYP1114611__144__02845.txt,continuous_spectra,pp_green,2025-07-10,5253367.559999999,4610480.406000001,True,False,True,PP (green),plastic,polymer,PP,PP (green),PP (green)
c_20,146,c_20-146,MAYP1114611__145__02846.txt,continuous_spectra,pp_green,2025-07-10,4941093.0,4610480.406000001,True,False,True,PP (green),plastic,polymer,PP,PP (green),PP (green)
c_20,147,c_20-147,MAYP1114611__146__02847.txt,continuous_spectra,pp_green,2025-07-10,5899341.0,4610480.406000001,True,False,True,PP (green),plastic,polymer,PP,PP (green),PP (green)
c_20,148,c_20-148,MAYP1114611__147__02848.txt,continuous_spectra,pp_green,2025-07-10,6026603.440000001,4610480.406000001,True,False,True,PP (green),plastic,polymer,PP,PP (green),PP (green)
c_20,149,c_20-149,MAYP1114611__148__02849.txt,continuous_spectra,pp_green,2025-07-10,6811382.559999999,4610480.406000001,True,False,True,PP (green),plastic,polymer,PP,PP (green),PP (green)
c_20,150,c_20-150,MAYP1114611__149__02850.txt,continuous_spectra,pp_green,2025-07-10,5854438.0,4610480.406000001,True,False,True,PP (green),plastic,polymer,PP,PP (green),PP (green)
c_20,151,c_20-151,MAYP1114611__150__02851.txt,continuous_spectra,pp_green,2025-07-10,7624376.0,4610480.406000001,True,False,True,PP (green),plastic,polymer,PP,PP (green),PP (green)
c_20,155,c_20-155,MAYP1114611__154__02855.txt,continuous_spectra,pp_green,2025-07-10,8073891.559999999,4610480.406000001,True,False,True,PP (green),plastic,polymer,PP,PP (green),PP (green)
c_20,156,c_20-156,MAYP1114611__155__02856.txt,continuous_spectra,pp_green,2025-07-10,5819801.440000001,4610480.406000001,True,False,True,PP (green),plastic,polymer,PP,PP (green),PP (green)
c_20,157,c_20-157,MAYP1114611__156__02857.txt,continuous_spectra,pp_green,2025-07-10,5941327.0,4610480.406000001,True,False,True,PP (green),plastic,polymer,PP,PP (green),PP (green)
c_20,158,c_20-158,MAYP1114611__157__02858.txt,continuous_spectra,pp_green,2025-07-10,5084054.440000001,4610480.406000001,True,False,True,PP (green),plastic,polymer,PP,PP (green),PP (green)
c_20,159,c_20-159,MAYP1114611__158__02859.txt,continuous_spectra,pp_green,2025-07-10,7638936.0,4610480.406000001,True,False,True,PP (green),plastic,polymer,PP,PP (green),PP (green)
c_20,160,c_20-160,MAYP1114611__159__02860.txt,continuous_spectra,pp_green,2025-07-10,6704002.559999999,4610480.406000001,True,False,True,PP (green),plastic,polymer,PP,PP (green),PP (green)
c_20,161,c_20-161,MAYP1114611__160__02861.txt,continuous_spectra,pp_green,2025-07-10,6295736.559999999,4610480.406000001,True,False,True,PP (green),plastic,polymer,PP,PP (green),PP (green)
c_20,162,c_20-162,MAYP1114611__161__02862.txt,continuous_spectra,pp_green,2025-07-10,6670965.0,4610480.406000001,True,False,True,PP (green),plastic,polymer,PP,PP (green),PP (green)
c_20,163,c_20-163,MAYP1114611__162__02863.txt,continuous_spectra,pp_green,2025-07-10,4946814.559999999,4610480.406000001,True,False,True,PP (green),plastic,polymer,PP,PP (green),PP (green)
c_20,165,c_20-165,MAYP1114611__164__02865.txt,continuous_spectra,pp_green,2025-07-10,4883437.559999999,4610480.406000001,True,False,True,PP (green),plastic,polymer,PP,PP (green),PP (green)
c_20,166,c_20-166,MAYP1114611__165__02866.txt,continuous_spectra,pp_green,2025-07-10,6556019.559999999,4610480.406000001,True,False,True,PP (green),plastic,polymer,PP,PP (green),PP (green)
c_20,167,c_20-167,MAYP1114611__166__02867.txt,continuous_spectra,pp_green,2025-07-10,5886537.559999999,4610480.406000001,True,False,True,PP (green),plastic,polymer,PP,PP (green),PP (green)
c_20,168,c_20-168,MAYP1114611__167__02868.txt,continuous_spectra,pp_green,2025-07-10,5431207.559999999,4610480.406000001,True,False,True,PP (green),plastic,polymer,PP,PP (green),PP (green)
c_20,169,c_20-169,MAYP1114611__168__02869.txt,continuous_spectra,pp_green,2025-07-10,6814319.559999999,4610480.406000001,True,False,True,PP (green),plastic,polymer,PP,PP (green),PP (green)
c_20,170,c_20-170,MAYP1114611__169__02870.txt,continuous_spectra,pp_green,2025-07-10,8519099.559999999,4610480.406000001,True,False,True,PP (green),plastic,polymer,PP,PP (green),PP (green)
c_20,171,c_20-171,MAYP1114611__170__02871.txt,continuous_spectra,pp_green,2025-07-10,7519293.0,4610480.406000001,True,False,True,PP (green),plastic,polymer,PP,PP (green),PP (green)
c_20,172,c_20-172,MAYP1114611__171__02872.txt,continuous_spectra,pp_green,2025-07-10,5972126.0,4610480.406000001,True,False,True,PP (green),plastic,polymer,PP,PP (green),PP (green)
c_20,173,c_20-173,MAYP1114611__172__02873.txt,continuous_spectra,pp_green,2025-07-10,4950665.0,4610480.406000001,True,False,True,PP (green),plastic,polymer,PP,PP (green),PP (green)
c_20,174,c_20-174,MAYP1114611__173__02874.txt,continuous_spectra,pp_green,2025-07-10,4735302.559999999,4610480.406000001,True,False,True,PP (green),plastic,polymer,PP,PP (green),PP (green)
c_20,178,c_20-178,MAYP1114611__177__02878.txt,continuous_spectra,pp_green,2025-07-10,4804632.0,4610480.406000001,True,False,True,PP (green),plastic,polymer,PP,PP (green),PP (green)
c_20,179,c_20-179,MAYP1114611__178__02879.txt,continuous_spectra,pp_green,2025-07-10,5069635.440000001,4610480.406000001,True,False,True,PP (green),plastic,polymer,PP,PP (green),PP (green)
c_20,180,c_20-180,MAYP1114611__179__02880.txt,continuous_spectra,pp_green,2025-07-10,6708336.559999999,4610480.406000001,True,False,True,PP (green),plastic,polymer,PP,PP (green),PP (green)
c_20,181,c_20-181,MAYP1114611__180__02881.txt,continuous_spectra,pp_green,2025-07-10,5743060.440000001,4610480.406000001,True,False,True,PP (green),plastic,polymer,PP,PP (green),PP (green)
c_20,182,c_20-182,MAYP1114611__181__02882.txt,continuous_spectra,pp_green,2025-07-10,5430285.440000001,4610480.406000001,True,False,True,PP (green),plastic,polymer,PP,PP (green),PP (green)
c_20,183,c_20-183,MAYP1114611__182__02883.txt,continuous_spectra,pp_green,2025-07-10,6482358.0,4610480.406000001,True,False,True,PP (green),plastic,polymer,PP,PP (green),PP (green)
c_20,184,c_20-184,MAYP1114611__183__02884.txt,continuous_spectra,pp_green,2025-07-10,5192847.559999999,4610480.406000001,True,False,True,PP (green),plastic,polymer,PP,PP (green),PP (green)
c_20,215,c_20-215,MAYP1114611__214__02915.txt,continuous_spectra,pp_green,2025-07-10,5899413.440000001,4610480.406000001,True,False,True,PP (green),plastic,polymer,PP,PP (green),PP (green)
c_20,216,c_20-216,MAYP1114611__215__02916.txt,continuous_spectra,pp_green,2025-07-10,6283589.559999999,4610480.406000001,True,False,True,PP (green),plastic,polymer,PP,PP (green),PP (green)
c_20,217,c_20-217,MAYP1114611__216__02917.txt,continuous_spectra,pp_green,2025-07-10,5494009.559999999,4610480.406000001,True,False,True,PP (green),plastic,polymer,PP,PP (green),PP (green)
c_20,218,c_20-218,MAYP1114611__217__02918.txt,continuous_spectra,pp_green,2025-07-10,6295173.440000001,4610480.406000001,True,False,True,PP (green),plastic,polymer,PP,PP (green),PP (green)
c_20,219,c_20-219,MAYP1114611__218__02919.txt,continuous_spectra,pp_green,2025-07-10,6574206.559999999,4610480.406000001,True,False,True,PP (green),plastic,polymer,PP,PP (green),PP (green)
c_20,220,c_20-220,MAYP1114611__219__02920.txt,continuous_spectra,pp_green,2025-07-10,5170758.440000001,4610480.406000001,True,False,True,PP (green),plastic,polymer,PP,PP (green),PP (green)
c_20,221,c_20-221,MAYP1114611__220__02921.txt,continuous_spectra,pp_green,2025-07-10,5664156.559999999,4610480.406000001,True,False,True,PP (green),plastic,polymer,PP,PP (green),PP (green)
c_20,222,c_20-222,MAYP1114611__221__02922.txt,continuous_spectra,pp_green,2025-07-10,5337040.0,4610480.406000001,True,False,True,PP (green),plastic,polymer,PP,PP (green),PP (green)
c_20,225,c_20-225,MAYP1114611__224__02925.txt,continuous_spectra,pp_green,2025-07-10,5208812.559999999,4610480.406000001,True,False,True,PP (green),plastic,polymer,PP,PP (green),PP (green)
c_20,226,c_20-226,MAYP1114611__225__02926.txt,continuous_spectra,pp_green,2025-07-10,5293809.0,4610480.406000001,True,False,True,PP (green),plastic,polymer,PP,PP (green),PP (green)
c_20,227,c_20-227,MAYP1114611__226__02927.txt,continuous_spectra,pp_green,2025-07-10,5205813.0,4610480.406000001,True,False,True,PP (green),plastic,polymer,PP,PP (green),PP (green)
c_20,228,c_20-228,MAYP1114611__227__02928.txt,continuous_spectra,pp_green,2025-07-10,5366214.440000001,4610480.406000001,True,False,True,PP (green),plastic,polymer,PP,PP (green),PP (green)
c_20,229,c_20-229,MAYP1114611__228__02929.txt,continuous_spectra,pp_green,2025-07-10,4890145.440000001,4610480.406000001,True,False,True,PP (green),plastic,polymer,PP,PP (green),PP (green)
c_20,230,c_20-230,MAYP1114611__229__02930.txt,continuous_spectra,pp_green,2025-07-10,6765368.440000001,4610480.406000001,True,False,True,PP (green),plastic,polymer,PP,PP (green),PP (green)
c_20,231,c_20-231,MAYP1114611__230__02931.txt,continuous_spectra,pp_green,2025-07-10,6421469.440000001,4610480.406000001,True,False,True,PP (green),plastic,polymer,PP,PP (green),PP (green)
c_20,232,c_20-232,MAYP1114611__231__02932.txt,continuous_spectra,pp_green,2025-07-10,6481110.0,4610480.406000001,True,False,True,PP (green),plastic,polymer,PP,PP (green),PP (green)
c_20,233,c_20-233,MAYP1114611__232__02933.txt,continuous_spectra,pp_green,2025-07-10,5911578.440000001,4610480.406000001,True,False,True,PP (green),plastic,polymer,PP,PP (green),PP (green)
c_20,237,c_20-237,MAYP1114611__236__02937.txt,continuous_spectra,pp_green,2025-07-10,6721579.559999999,4610480.406000001,True,False,True,PP (green),plastic,polymer,PP,PP (green),PP (green)
c_20,238,c_20-238,MAYP1114611__237__02938.txt,continuous_spectra,pp_green,2025-07-10,6295359.559999999,4610480.406000001,True,False,True,PP (green),plastic,polymer,PP,PP (green),PP (green)
c_20,239,c_20-239,MAYP1114611__238__02939.txt,continuous_spectra,pp_green,2025-07-10,6901138.0,4610480.406000001,True,False,True,PP (green),plastic,polymer,PP,PP (green),PP (green)
c_20,240,c_20-240,MAYP1114611__239__02940.txt,continuous_spectra,pp_green,2025-07-10,7111083.559999999,4610480.406000001,True,False,True,PP (green),plastic,polymer,PP,PP (green),PP (green)
c_20,241,c_20-241,MAYP1114611__240__02941.txt,continuous_spectra,pp_green,2025-07-10,7109753.440000001,4610480.406000001,True,False,True,PP (green),plastic,polymer,PP,PP (green),PP (green)
c_20,242,c_20-242,MAYP1114611__241__02942.txt,continuous_spectra,pp_green,2025-07-10,7031125.0,4610480.406000001,True,False,True,PP (green),plastic,polymer,PP,PP (green),PP (green)
c_20,243,c_20-243,MAYP1114611__242__02943.txt,continuous_spectra,pp_green,2025-07-10,8241765.440000001,4610480.406000001,True,False,True,PP (green),plastic,polymer,PP,PP (green),PP (green)
c_20,244,c_20-244,MAYP1114611__243__02944.txt,continuous_spectra,pp_green,2025-07-10,5274666.0,4610480.406000001,True,False,True,PP (green),plastic,polymer,PP,PP (green),PP (green)
c_20,247,c_20-247,MAYP1114611__246__02947.txt,continuous_spectra,pp_green,2025-07-10,5284613.559999999,4610480.406000001,True,False,True,PP (green),plastic,polymer,PP,PP (green),PP (green)
c_20,248,c_20-248,MAYP1114611__247__02948.txt,continuous_spectra,pp_green,2025-07-10,7194226.0,4610480.406000001,True,False,True,PP (green),plastic,polymer,PP,PP (green),PP (green)
c_20,249,c_20-249,MAYP1114611__248__02949.txt,continuous_spectra,pp_green,2025-07-10,6487432.0,4610480.406000001,True,False,True,PP (green),plastic,polymer,PP,PP (green),PP (green)
c_20,250,c_20-250,MAYP1114611__249__02950.txt,continuous_spectra,pp_green,2025-07-10,5685701.440000001,4610480.406000001,True,False,True,PP (green),plastic,polymer,PP,PP (green),PP (green)
c_20,251,c_20-251,MAYP1114611__250__02951.txt,continuous_spectra,pp_green,2025-07-10,5674296.440000001,4610480.406000001,True,False,True,PP (green),plastic,polymer,PP,PP (green),PP (green)
c_20,252,c_20-252,MAYP1114611__251__02952.txt,continuous_spectra,pp_green,2025-07-10,5442868.559999999,4610480.406000001,True,False,True,PP (green),plastic,polymer,PP,PP (green),PP (green)
c_20,253,c_20-253,MAYP1114611__252__02953.txt,continuous_spectra,pp_green,2025-07-10,5941884.0,4610480.406000001,True,False,True,PP (green),plastic,polymer,PP,PP (green),PP (green)
c_20,254,c_20-254,MAYP1114611__253__02954.txt,continuous_spectra,pp_green,2025-07-10,6211684.559999999,4610480.406000001,True,False,True,PP (green),plastic,polymer,PP,PP (green),PP (green)
c_20,258,c_20-258,MAYP1114611__257__02958.txt,continuous_spectra,pp_green,2025-07-10,5117964.0,4610480.406000001,True,False,True,PP (green),plastic,polymer,PP,PP (green),PP (green)
c_20,259,c_20-259,MAYP1114611__258__02959.txt,continuous_spectra,pp_green,2025-07-10,6820199.0,4610480.406000001,True,False,True,PP (green),plastic,polymer,PP,PP (green),PP (green)
c_20,260,c_20-260,MAYP1114611__259__02960.txt,continuous_spectra,pp_green,2025-07-10,5446148.440000001,4610480.406000001,True,False,True,PP (green),plastic,polymer,PP,PP (green),PP (green)
c_20,261,c_20-261,MAYP1114611__260__02961.txt,continuous_spectra,pp_green,2025-07-10,5325104.0,4610480.406000001,True,False,True,PP (green),plastic,polymer,PP,PP (green),PP (green)
c_20,262,c_20-262,MAYP1114611__261__02962.txt,continuous_spectra,pp_green,2025-07-10,7035059.440000001,4610480.406000001,True,False,True,PP (green),plastic,polymer,PP,PP (green),PP (green)
c_20,263,c_20-263,MAYP1114611__262__02963.txt,continuous_spectra,pp_green,2025-07-10,6771297.440000001,4610480.406000001,True,False,True,PP (green),plastic,polymer,PP,PP (green),PP (green)
c_20,264,c_20-264,MAYP1114611__263__02964.txt,continuous_spectra,pp_green,2025-07-10,6515555.559999999,4610480.406000001,True,False,True,PP (green),plastic,polymer,PP,PP (green),PP (green)
c_20,265,c_20-265,MAYP1114611__264__02965.txt,continuous_spectra,pp_green,2025-07-10,8187735.440000001,4610480.406000001,True,False,True,PP (green),plastic,polymer,PP,PP (green),PP (green)
c_20,270,c_20-270,MAYP1114611__269__02970.txt,continuous_spectra,pp_green,2025-07-10,7553697.0,4610480.406000001,True,False,True,PP (green),plastic,polymer,PP,PP (green),PP (green)
c_20,271,c_20-271,MAYP1114611__270__02971.txt,continuous_spectra,pp_green,2025-07-10,7001061.440000001,4610480.406000001,True,False,True,PP (green),plastic,polymer,PP,PP (green),PP (green)
c_20,272,c_20-272,MAYP1114611__271__02972.txt,continuous_spectra,pp_green,2025-07-10,6704777.559999999,4610480.406000001,True,False,True,PP (green),plastic,polymer,PP,PP (green),PP (green)
c_20,273,c_20-273,MAYP1114611__272__02973.txt,continuous_spectra,pp_green,2025-07-10,7240621.0,4610480.406000001,True,False,True,PP (green),plastic,polymer,PP,PP (green),PP (green)
c_20,274,c_20-274,MAYP1114611__273__02974.txt,continuous_spectra,pp_green,2025-07-10,7511093.440000001,4610480.406000001,True,False,True,PP (green),plastic,polymer,PP,PP (green),PP (green)
c_20,275,c_20-275,MAYP1114611__274__02975.txt,continuous_spectra,pp_green,2025-07-10,7357707.559999999,4610480.406000001,True,False,True,PP (green),plastic,polymer,PP,PP (green),PP (green)
c_20,276,c_20-276,MAYP1114611__275__02976.txt,continuous_spectra,pp_green,2025-07-10,7564641.559999999,4610480.406000001,True,False,True,PP (green),plastic,polymer,PP,PP (green),PP (green)
c_21,29,c_21-029,MAYP1114611__28__03029.txt,continuous_spectra,pp_orange,2025-07-10,6331628.440000001,4061026.725,True,False,True,PP (orange),plastic,polymer,PP,PP (orange),PP (orange)
c_21,30,c_21-030,MAYP1114611__29__03030.txt,continuous_spectra,pp_orange,2025-07-10,11144178.56,4061026.725,True,False,True,PP (orange),plastic,polymer,PP,PP (orange),PP (orange)
c_21,31,c_21-031,MAYP1114611__30__03031.txt,continuous_spectra,pp_orange,2025-07-10,9994953.56,4061026.725,True,False,True,PP (orange),plastic,polymer,PP,PP (orange),PP (orange)
c_21,32,c_21-032,MAYP1114611__31__03032.txt,continuous_spectra,pp_orange,2025-07-10,9375849.56,4061026.725,True,False,True,PP (orange),plastic,polymer,PP,PP (orange),PP (orange)
c_21,33,c_21-033,MAYP1114611__32__03033.txt,continuous_spectra,pp_orange,2025-07-10,8661922.559999999,4061026.725,True,False,True,PP (orange),plastic,polymer,PP,PP (orange),PP (orange)
c_21,34,c_21-034,MAYP1114611__33__03034.txt,continuous_spectra,pp_orange,2025-07-10,7832490.559999999,4061026.725,True,False,True,PP (orange),plastic,polymer,PP,PP (orange),PP (orange)
c_21,35,c_21-035,MAYP1114611__34__03035.txt,continuous_spectra,pp_orange,2025-07-10,8172892.559999999,4061026.725,True,False,True,PP (orange),plastic,polymer,PP,PP (orange),PP (orange)
c_21,36,c_21-036,MAYP1114611__35__03036.txt,continuous_spectra,pp_orange,2025-07-10,6309135.440000001,4061026.725,True,False,True,PP (orange),plastic,polymer,PP,PP (orange),PP (orange)
c_21,37,c_21-037,MAYP1114611__36__03037.txt,continuous_spectra,pp_orange,2025-07-10,4860126.559999999,4061026.725,True,False,True,PP (orange),plastic,polymer,PP,PP (orange),PP (orange)
c_21,41,c_21-041,MAYP1114611__40__03041.txt,continuous_spectra,pp_orange,2025-07-10,9852974.0,4061026.725,True,False,True,PP (orange),plastic,polymer,PP,PP (orange),PP (orange)
c_21,42,c_21-042,MAYP1114611__41__03042.txt,continuous_spectra,pp_orange,2025-07-10,10235734.56,4061026.725,True,False,True,PP (orange),plastic,polymer,PP,PP (orange),PP (orange)
c_21,43,c_21-043,MAYP1114611__42__03043.txt,continuous_spectra,pp_orange,2025-07-10,9174561.44,4061026.725,True,False,True,PP (orange),plastic,polymer,PP,PP (orange),PP (orange)
c_21,44,c_21-044,MAYP1114611__43__03044.txt,continuous_spectra,pp_orange,2025-07-10,9259363.56,4061026.725,True,False,True,PP (orange),plastic,polymer,PP,PP (orange),PP (orange)
c_21,45,c_21-045,MAYP1114611__44__03045.txt,continuous_spectra,pp_orange,2025-07-10,10459381.0,4061026.725,True,False,True,PP (orange),plastic,polymer,PP,PP (orange),PP (orange)
c_21,46,c_21-046,MAYP1114611__45__03046.txt,continuous_spectra,pp_orange,2025-07-10,10446145.0,4061026.725,True,False,True,PP (orange),plastic,polymer,PP,PP (orange),PP (orange)
c_21,47,c_21-047,MAYP1114611__46__03047.txt,continuous_spectra,pp_orange,2025-07-10,9363780.0,4061026.725,True,False,True,PP (orange),plastic,polymer,PP,PP (orange),PP (orange)
c_21,48,c_21-048,MAYP1114611__47__03048.txt,continuous_spectra,pp_orange,2025-07-10,5442512.440000001,4061026.725,True,False,True,PP (orange),plastic,polymer,PP,PP (orange),PP (orange)
c_21,51,c_21-051,MAYP1114611__50__03051.txt,continuous_spectra,pp_orange,2025-07-10,4560017.440000001,4061026.725,True,False,True,PP (orange),plastic,polymer,PP,PP (orange),PP (orange)
c_21,52,c_21-052,MAYP1114611__51__03052.txt,continuous_spectra,pp_orange,2025-07-10,10170618.56,4061026.725,True,False,True,PP (orange),plastic,polymer,PP,PP (orange),PP (orange)
c_21,53,c_21-053,MAYP1114611__52__03053.txt,continuous_spectra,pp_orange,2025-07-10,8814587.0,4061026.725,True,False,True,PP (orange),plastic,polymer,PP,PP (orange),PP (orange)
c_21,54,c_21-054,MAYP1114611__53__03054.txt,continuous_spectra,pp_orange,2025-07-10,7817696.440000001,4061026.725,True,False,True,PP (orange),plastic,polymer,PP,PP (orange),PP (orange)
c_21,55,c_21-055,MAYP1114611__54__03055.txt,continuous_spectra,pp_orange,2025-07-10,5797607.0,4061026.725,True,False,True,PP (orange),plastic,polymer,PP,PP (orange),PP (orange)
c_21,56,c_21-056,MAYP1114611__55__03056.txt,continuous_spectra,pp_orange,2025-07-10,6429869.559999999,4061026.725,True,False,True,PP (orange),plastic,polymer,PP,PP (orange),PP (orange)
c_21,57,c_21-057,MAYP1114611__56__03057.txt,continuous_spectra,pp_orange,2025-07-10,6792216.440000001,4061026.725,True,False,True,PP (orange),plastic,polymer,PP,PP (orange),PP (orange)
c_21,58,c_21-058,MAYP1114611__57__03058.txt,continuous_spectra,pp_orange,2025-07-10,6636911.440000001,4061026.725,True,False,True,PP (orange),plastic,polymer,PP,PP (orange),PP (orange)
c_21,59,c_21-059,MAYP1114611__58__03059.txt,continuous_spectra,pp_orange,2025-07-10,4115199.559999998,4061026.725,True,False,True,PP (orange),plastic,polymer,PP,PP (orange),PP (orange)
c_21,63,c_21-063,MAYP1114611__62__03063.txt,continuous_spectra,pp_orange,2025-07-10,4440554.559999999,4061026.725,True,False,True,PP (orange),plastic,polymer,PP,PP (orange),PP (orange)
c_21,64,c_21-064,MAYP1114611__63__03064.txt,continuous_spectra,pp_orange,2025-07-10,9179701.44,4061026.725,True,False,True,PP (orange),plastic,polymer,PP,PP (orange),PP (orange)
c_21,65,c_21-065,MAYP1114611__64__03065.txt,continuous_spectra,pp_orange,2025-07-10,8148492.440000001,4061026.725,True,False,True,PP (orange),plastic,polymer,PP,PP (orange),PP (orange)
c_21,66,c_21-066,MAYP1114611__65__03066.txt,continuous_spectra,pp_orange,2025-07-10,7370476.559999999,4061026.725,True,False,True,PP (orange),plastic,polymer,PP,PP (orange),PP (orange)
c_21,67,c_21-067,MAYP1114611__66__03067.txt,continuous_spectra,pp_orange,2025-07-10,6654852.0,4061026.725,True,False,True,PP (orange),plastic,polymer,PP,PP (orange),PP (orange)
c_21,68,c_21-068,MAYP1114611__67__03068.txt,continuous_spectra,pp_orange,2025-07-10,9990017.44,4061026.725,True,False,True,PP (orange),plastic,polymer,PP,PP (orange),PP (orange)
c_21,69,c_21-069,MAYP1114611__68__03069.txt,continuous_spectra,pp_orange,2025-07-10,8102555.440000001,4061026.725,True,False,True,PP (orange),plastic,polymer,PP,PP (orange),PP (orange)
c_21,73,c_21-073,MAYP1114611__72__03073.txt,continuous_spectra,pp_orange,2025-07-10,5628831.0,4061026.725,True,False,True,PP (orange),plastic,polymer,PP,PP (orange),PP (orange)
c_21,74,c_21-074,MAYP1114611__73__03074.txt,continuous_spectra,pp_orange,2025-07-10,9633278.56,4061026.725,True,False,True,PP (orange),plastic,polymer,PP,PP (orange),PP (orange)
c_21,75,c_21-075,MAYP1114611__74__03075.txt,continuous_spectra,pp_orange,2025-07-10,8008287.0,4061026.725,True,False,True,PP (orange),plastic,polymer,PP,PP (orange),PP (orange)
c_21,76,c_21-076,MAYP1114611__75__03076.txt,continuous_spectra,pp_orange,2025-07-10,8286658.0,4061026.725,True,False,True,PP (orange),plastic,polymer,PP,PP (orange),PP (orange)
c_21,77,c_21-077,MAYP1114611__76__03077.txt,continuous_spectra,pp_orange,2025-07-10,6696366.440000001,4061026.725,True,False,True,PP (orange),plastic,polymer,PP,PP (orange),PP (orange)
c_21,78,c_21-078,MAYP1114611__77__03078.txt,continuous_spectra,pp_orange,2025-07-10,5687926.559999999,4061026.725,True,False,True,PP (orange),plastic,polymer,PP,PP (orange),PP (orange)
c_21,79,c_21-079,MAYP1114611__78__03079.txt,continuous_spectra,pp_orange,2025-07-10,7024864.440000001,4061026.725,True,False,True,PP (orange),plastic,polymer,PP,PP (orange),PP (orange)
c_21,80,c_21-080,MAYP1114611__79__03080.txt,continuous_spectra,pp_orange,2025-07-10,7502779.0,4061026.725,True,False,True,PP (orange),plastic,polymer,PP,PP (orange),PP (orange)
c_21,84,c_21-084,MAYP1114611__83__03084.txt,continuous_spectra,pp_orange,2025-07-10,5705831.0,4061026.725,True,False,True,PP (orange),plastic,polymer,PP,PP (orange),PP (orange)
c_21,85,c_21-085,MAYP1114611__84__03085.txt,continuous_spectra,pp_orange,2025-07-10,6591915.0,4061026.725,True,False,True,PP (orange),plastic,polymer,PP,PP (orange),PP (orange)
c_21,86,c_21-086,MAYP1114611__85__03086.txt,continuous_spectra,pp_orange,2025-07-10,5265810.0,4061026.725,True,False,True,PP (orange),plastic,polymer,PP,PP (orange),PP (orange)
c_21,87,c_21-087,MAYP1114611__86__03087.txt,continuous_spectra,pp_orange,2025-07-10,7576387.0,4061026.725,True,False,True,PP (orange),plastic,polymer,PP,PP (orange),PP (orange)
c_21,88,c_21-088,MAYP1114611__87__03088.txt,continuous_spectra,pp_orange,2025-07-10,5375297.0,4061026.725,True,False,True,PP (orange),plastic,polymer,PP,PP (orange),PP (orange)
c_21,89,c_21-089,MAYP1114611__88__03089.txt,continuous_spectra,pp_orange,2025-07-10,5209421.440000001,4061026.725,True,False,True,PP (orange),plastic,polymer,PP,PP (orange),PP (orange)
c_21,90,c_21-090,MAYP1114611__89__03090.txt,continuous_spectra,pp_orange,2025-07-10,8684847.559999999,4061026.725,True,False,True,PP (orange),plastic,polymer,PP,PP (orange),PP (orange)
c_21,91,c_21-091,MAYP1114611__90__03091.txt,continuous_spectra,pp_orange,2025-07-10,5396697.440000001,4061026.725,True,False,True,PP (orange),plastic,polymer,PP,PP (orange),PP (orange)
c_21,122,c_21-122,MAYP1114611__121__03122.txt,continuous_spectra,pp_orange,2025-07-10,10315315.0,4061026.725,True,False,True,PP (orange),plastic,polymer,PP,PP (orange),PP (orange)
c_21,123,c_21-123,MAYP1114611__122__03123.txt,continuous_spectra,pp_orange,2025-07-10,10548011.0,4061026.725,True,False,True,PP (orange),plastic,polymer,PP,PP (orange),PP (orange)
c_21,124,c_21-124,MAYP1114611__123__03124.txt,continuous_spectra,pp_orange,2025-07-10,8794151.559999999,4061026.725,True,False,True,PP (orange),plastic,polymer,PP,PP (orange),PP (orange)
c_21,125,c_21-125,MAYP1114611__124__03125.txt,continuous_spectra,pp_orange,2025-07-10,6482130.0,4061026.725,True,False,True,PP (orange),plastic,polymer,PP,PP (orange),PP (orange)
c_21,126,c_21-126,MAYP1114611__125__03126.txt,continuous_spectra,pp_orange,2025-07-10,6615751.440000001,4061026.725,True,False,True,PP (orange),plastic,polymer,PP,PP (orange),PP (orange)
c_21,127,c_21-127,MAYP1114611__126__03127.txt,continuous_spectra,pp_orange,2025-07-10,7844086.440000001,4061026.725,True,False,True,PP (orange),plastic,polymer,PP,PP (orange),PP (orange)
c_21,128,c_21-128,MAYP1114611__127__03128.txt,continuous_spectra,pp_orange,2025-07-10,10510017.0,4061026.725,True,False,True,PP (orange),plastic,polymer,PP,PP (orange),PP (orange)
c_21,129,c_21-129,MAYP1114611__128__03129.txt,continuous_spectra,pp_orange,2025-07-10,7022178.559999999,4061026.725,True,False,True,PP (orange),plastic,polymer,PP,PP (orange),PP (orange)
c_21,133,c_21-133,MAYP1114611__132__03133.txt,continuous_spectra,pp_orange,2025-07-10,4673652.440000001,4061026.725,True,False,True,PP (orange),plastic,polymer,PP,PP (orange),PP (orange)
c_21,134,c_21-134,MAYP1114611__133__03134.txt,continuous_spectra,pp_orange,2025-07-10,11457466.44,4061026.725,True,False,True,PP (orange),plastic,polymer,PP,PP (orange),PP (orange)
c_21,135,c_21-135,MAYP1114611__134__03135.txt,continuous_spectra,pp_orange,2025-07-10,9694093.44,4061026.725,True,False,True,PP (orange),plastic,polymer,PP,PP (orange),PP (orange)
c_21,136,c_21-136,MAYP1114611__135__03136.txt,continuous_spectra,pp_orange,2025-07-10,7106903.440000001,4061026.725,True,False,True,PP (orange),plastic,polymer,PP,PP (orange),PP (orange)
c_21,137,c_21-137,MAYP1114611__136__03137.txt,continuous_spectra,pp_orange,2025-07-10,8349027.440000001,4061026.725,True,False,True,PP (orange),plastic,polymer,PP,PP (orange),PP (orange)
c_21,138,c_21-138,MAYP1114611__137__03138.txt,continuous_spectra,pp_orange,2025-07-10,10237382.44,4061026.725,True,False,True,PP (orange),plastic,polymer,PP,PP (orange),PP (orange)
c_21,139,c_21-139,MAYP1114611__138__03139.txt,continuous_spectra,pp_orange,2025-07-10,8064075.440000001,4061026.725,True,False,True,PP (orange),plastic,polymer,PP,PP (orange),PP (orange)
c_21,140,c_21-140,MAYP1114611__139__03140.txt,continuous_spectra,pp_orange,2025-07-10,9304249.0,4061026.725,True,False,True,PP (orange),plastic,polymer,PP,PP (orange),PP (orange)
c_21,145,c_21-145,MAYP1114611__144__03145.txt,continuous_spectra,pp_orange,2025-07-10,10327276.56,4061026.725,True,False,True,PP (orange),plastic,polymer,PP,PP (orange),PP (orange)
c_21,146,c_21-146,MAYP1114611__145__03146.txt,continuous_spectra,pp_orange,2025-07-10,13081118.56,4061026.725,True,False,True,PP (orange),plastic,polymer,PP,PP (orange),PP (orange)
c_21,147,c_21-147,MAYP1114611__146__03147.txt,continuous_spectra,pp_orange,2025-07-10,8802567.559999999,4061026.725,True,False,True,PP (orange),plastic,polymer,PP,PP (orange),PP (orange)
c_21,148,c_21-148,MAYP1114611__147__03148.txt,continuous_spectra,pp_orange,2025-07-10,6301201.559999999,4061026.725,True,False,True,PP (orange),plastic,polymer,PP,PP (orange),PP (orange)
c_21,149,c_21-149,MAYP1114611__148__03149.txt,continuous_spectra,pp_orange,2025-07-10,6456408.440000001,4061026.725,True,False,True,PP (orange),plastic,polymer,PP,PP (orange),PP (orange)
c_21,150,c_21-150,MAYP1114611__149__03150.txt,continuous_spectra,pp_orange,2025-07-10,7279241.0,4061026.725,True,False,True,PP (orange),plastic,polymer,PP,PP (orange),PP (orange)
c_21,151,c_21-151,MAYP1114611__150__03151.txt,continuous_spectra,pp_orange,2025-07-10,9426522.0,4061026.725,True,False,True,PP (orange),plastic,polymer,PP,PP (orange),PP (orange)
c_21,152,c_21-152,MAYP1114611__151__03152.txt,continuous_spectra,pp_orange,2025-07-10,4092666.0,4061026.725,True,False,True,PP (orange),plastic,polymer,PP,PP (orange),PP (orange)
c_21,155,c_21-155,MAYP1114611__154__03155.txt,continuous_spectra,pp_orange,2025-07-10,4434928.0,4061026.725,True,False,True,PP (orange),plastic,polymer,PP,PP (orange),PP (orange)
c_21,156,c_21-156,MAYP1114611__155__03156.txt,continuous_spectra,pp_orange,2025-07-10,10634920.56,4061026.725,True,False,True,PP (orange),plastic,polymer,PP,PP (orange),PP (orange)
c_21,157,c_21-157,MAYP1114611__156__03157.txt,continuous_spectra,pp_orange,2025-07-10,9400419.0,4061026.725,True,False,True,PP (orange),plastic,polymer,PP,PP (orange),PP (orange)
c_21,158,c_21-158,MAYP1114611__157__03158.txt,continuous_spectra,pp_orange,2025-07-10,7242615.440000001,4061026.725,True,False,True,PP (orange),plastic,polymer,PP,PP (orange),PP (orange)
c_21,159,c_21-159,MAYP1114611__158__03159.txt,continuous_spectra,pp_orange,2025-07-10,7818206.0,4061026.725,True,False,True,PP (orange),plastic,polymer,PP,PP (orange),PP (orange)
c_21,160,c_21-160,MAYP1114611__159__03160.txt,continuous_spectra,pp_orange,2025-07-10,10150240.56,4061026.725,True,False,True,PP (orange),plastic,polymer,PP,PP (orange),PP (orange)
c_21,161,c_21-161,MAYP1114611__160__03161.txt,continuous_spectra,pp_orange,2025-07-10,10406445.44,4061026.725,True,False,True,PP (orange),plastic,polymer,PP,PP (orange),PP (orange)
c_21,162,c_21-162,MAYP1114611__161__03162.txt,continuous_spectra,pp_orange,2025-07-10,4295436.0,4061026.725,True,False,True,PP (orange),plastic,polymer,PP,PP (orange),PP (orange)
c_21,166,c_21-166,MAYP1114611__165__03166.txt,continuous_spectra,pp_orange,2025-07-10,10061619.0,4061026.725,True,False,True,PP (orange),plastic,polymer,PP,PP (orange),PP (orange)
c_21,167,c_21-167,MAYP1114611__166__03167.txt,continuous_spectra,pp_orange,2025-07-10,9461556.44,4061026.725,True,False,True,PP (orange),plastic,polymer,PP,PP (orange),PP (orange)
c_21,168,c_21-168,MAYP1114611__167__03168.txt,continuous_spectra,pp_orange,2025-07-10,6612613.440000001,4061026.725,True,False,True,PP (orange),plastic,polymer,PP,PP (orange),PP (orange)
c_21,169,c_21-169,MAYP1114611__168__03169.txt,continuous_spectra,pp_orange,2025-07-10,7526889.559999999,4061026.725,True,False,True,PP (orange),plastic,polymer,PP,PP (orange),PP (orange)
c_21,170,c_21-170,MAYP1114611__169__03170.txt,continuous_spectra,pp_orange,2025-07-10,6162442.440000001,4061026.725,True,False,True,PP (orange),plastic,polymer,PP,PP (orange),PP (orange)
c_21,171,c_21-171,MAYP1114611__170__03171.txt,continuous_spectra,pp_orange,2025-07-10,8758472.0,4061026.725,True,False,True,PP (orange),plastic,polymer,PP,PP (orange),PP (orange)
c_21,172,c_21-172,MAYP1114611__171__03172.txt,continuous_spectra,pp_orange,2025-07-10,11775043.56,4061026.725,True,False,True,PP (orange),plastic,polymer,PP,PP (orange),PP (orange)
c_21,173,c_21-173,MAYP1114611__172__03173.txt,continuous_spectra,pp_orange,2025-07-10,8830637.559999999,4061026.725,True,False,True,PP (orange),plastic,polymer,PP,PP (orange),PP (orange)
c_21,176,c_21-176,MAYP1114611__175__03176.txt,continuous_spectra,pp_orange,2025-07-10,6465146.559999999,4061026.725,True,False,True,PP (orange),plastic,polymer,PP,PP (orange),PP (orange)
c_21,177,c_21-177,MAYP1114611__176__03177.txt,continuous_spectra,pp_orange,2025-07-10,8248572.440000001,4061026.725,True,False,True,PP (orange),plastic,polymer,PP,PP (orange),PP (orange)
c_21,178,c_21-178,MAYP1114611__177__03178.txt,continuous_spectra,pp_orange,2025-07-10,7156146.0,4061026.725,True,False,True,PP (orange),plastic,polymer,PP,PP (orange),PP (orange)
c_21,179,c_21-179,MAYP1114611__178__03179.txt,continuous_spectra,pp_orange,2025-07-10,9155276.44,4061026.725,True,False,True,PP (orange),plastic,polymer,PP,PP (orange),PP (orange)
c_21,180,c_21-180,MAYP1114611__179__03180.txt,continuous_spectra,pp_orange,2025-07-10,13217066.44,4061026.725,True,False,True,PP (orange),plastic,polymer,PP,PP (orange),PP (orange)
c_21,181,c_21-181,MAYP1114611__180__03181.txt,continuous_spectra,pp_orange,2025-07-10,10832579.44,4061026.725,True,False,True,PP (orange),plastic,polymer,PP,PP (orange),PP (orange)
c_21,182,c_21-182,MAYP1114611__181__03182.txt,continuous_spectra,pp_orange,2025-07-10,11471672.56,4061026.725,True,False,True,PP (orange),plastic,polymer,PP,PP (orange),PP (orange)
c_21,183,c_21-183,MAYP1114611__182__03183.txt,continuous_spectra,pp_orange,2025-07-10,8679849.0,4061026.725,True,False,True,PP (orange),plastic,polymer,PP,PP (orange),PP (orange)
c_21,215,c_21-215,MAYP1114611__214__03215.txt,continuous_spectra,pp_orange,2025-07-10,5480299.559999999,4061026.725,True,False,True,PP (orange),plastic,polymer,PP,PP (orange),PP (orange)
c_21,216,c_21-216,MAYP1114611__215__03216.txt,continuous_spectra,pp_orange,2025-07-10,7633449.440000001,4061026.725,True,False,True,PP (orange),plastic,polymer,PP,PP (orange),PP (orange)
c_21,217,c_21-217,MAYP1114611__216__03217.txt,continuous_spectra,pp_orange,2025-07-10,7786138.0,4061026.725,True,False,True,PP (orange),plastic,polymer,PP,PP (orange),PP (orange)
c_21,218,c_21-218,MAYP1114611__217__03218.txt,continuous_spectra,pp_orange,2025-07-10,7822795.559999999,4061026.725,True,False,True,PP (orange),plastic,polymer,PP,PP (orange),PP (orange)
c_21,219,c_21-219,MAYP1114611__218__03219.txt,continuous_spectra,pp_orange,2025-07-10,7844338.559999999,4061026.725,True,False,True,PP (orange),plastic,polymer,PP,PP (orange),PP (orange)
c_21,220,c_21-220,MAYP1114611__219__03220.txt,continuous_spectra,pp_orange,2025-07-10,10121230.56,4061026.725,True,False,True,PP (orange),plastic,polymer,PP,PP (orange),PP (orange)
c_21,221,c_21-221,MAYP1114611__220__03221.txt,continuous_spectra,pp_orange,2025-07-10,9711889.0,4061026.725,True,False,True,PP (orange),plastic,polymer,PP,PP (orange),PP (orange)
c_21,222,c_21-222,MAYP1114611__221__03222.txt,continuous_spectra,pp_orange,2025-07-10,6043475.559999999,4061026.725,True,False,True,PP (orange),plastic,polymer,PP,PP (orange),PP (orange)
c_21,226,c_21-226,MAYP1114611__225__03226.txt,continuous_spectra,pp_orange,2025-07-10,4178218.0,4061026.725,True,False,True,PP (orange),plastic,polymer,PP,PP (orange),PP (orange)
c_21,227,c_21-227,MAYP1114611__226__03227.txt,continuous_spectra,pp_orange,2025-07-10,6547878.559999999,4061026.725,True,False,True,PP (orange),plastic,polymer,PP,PP (orange),PP (orange)
c_21,228,c_21-228,MAYP1114611__227__03228.txt,continuous_spectra,pp_orange,2025-07-10,9901732.56,4061026.725,True,False,True,PP (orange),plastic,polymer,PP,PP (orange),PP (orange)
c_21,229,c_21-229,MAYP1114611__228__03229.txt,continuous_spectra,pp_orange,2025-07-10,7104515.559999999,4061026.725,True,False,True,PP (orange),plastic,polymer,PP,PP (orange),PP (orange)
c_21,230,c_21-230,MAYP1114611__229__03230.txt,continuous_spectra,pp_orange,2025-07-10,6316583.559999999,4061026.725,True,False,True,PP (orange),plastic,polymer,PP,PP (orange),PP (orange)
c_21,231,c_21-231,MAYP1114611__230__03231.txt,continuous_spectra,pp_orange,2025-07-10,8013579.440000001,4061026.725,True,False,True,PP (orange),plastic,polymer,PP,PP (orange),PP (orange)
c_21,232,c_21-232,MAYP1114611__231__03232.txt,continuous_spectra,pp_orange,2025-07-10,8002192.559999999,4061026.725,True,False,True,PP (orange),plastic,polymer,PP,PP (orange),PP (orange)
c_21,233,c_21-233,MAYP1114611__232__03233.txt,continuous_spectra,pp_orange,2025-07-10,5362670.559999999,4061026.725,True,False,True,PP (orange),plastic,polymer,PP,PP (orange),PP (orange)
c_21,237,c_21-237,MAYP1114611__236__03237.txt,continuous_spectra,pp_orange,2025-07-10,7051504.0,4061026.725,True,False,True,PP (orange),plastic,polymer,PP,PP (orange),PP (orange)
c_21,238,c_21-238,MAYP1114611__237__03238.txt,continuous_spectra,pp_orange,2025-07-10,8581009.440000001,4061026.725,True,False,True,PP (orange),plastic,polymer,PP,PP (orange),PP (orange)
c_21,239,c_21-239,MAYP1114611__238__03239.txt,continuous_spectra,pp_orange,2025-07-10,8281719.0,4061026.725,True,False,True,PP (orange),plastic,polymer,PP,PP (orange),PP (orange)
c_21,240,c_21-240,MAYP1114611__239__03240.txt,continuous_spectra,pp_orange,2025-07-10,5506245.440000001,4061026.725,True,False,True,PP (orange),plastic,polymer,PP,PP (orange),PP (orange)
c_21,241,c_21-241,MAYP1114611__240__03241.txt,continuous_spectra,pp_orange,2025-07-10,5253136.559999999,4061026.725,True,False,True,PP (orange),plastic,polymer,PP,PP (orange),PP (orange)
c_21,242,c_21-242,MAYP1114611__241__03242.txt,continuous_spectra,pp_orange,2025-07-10,9299361.0,4061026.725,True,False,True,PP (orange),plastic,polymer,PP,PP (orange),PP (orange)
c_21,243,c_21-243,MAYP1114611__242__03243.txt,continuous_spectra,pp_orange,2025-07-10,10293554.56,4061026.725,True,False,True,PP (orange),plastic,polymer,PP,PP (orange),PP (orange)
c_21,244,c_21-244,MAYP1114611__243__03244.txt,continuous_spectra,pp_orange,2025-07-10,8029331.559999999,4061026.725,True,False,True,PP (orange),plastic,polymer,PP,PP (orange),PP (orange)
c_21,247,c_21-247,MAYP1114611__246__03247.txt,continuous_spectra,pp_orange,2025-07-10,4205607.559999999,4061026.725,True,False,True,PP (orange),plastic,polymer,PP,PP (orange),PP (orange)
c_21,248,c_21-248,MAYP1114611__247__03248.txt,continuous_spectra,pp_orange,2025-07-10,8399786.559999999,4061026.725,True,False,True,PP (orange),plastic,polymer,PP,PP (orange),PP (orange)
c_21,249,c_21-249,MAYP1114611__248__03249.txt,continuous_spectra,pp_orange,2025-07-10,7427444.440000001,4061026.725,True,False,True,PP (orange),plastic,polymer,PP,PP (orange),PP (orange)
c_21,250,c_21-250,MAYP1114611__249__03250.txt,continuous_spectra,pp_orange,2025-07-10,9920541.44,4061026.725,True,False,True,PP (orange),plastic,polymer,PP,PP (orange),PP (orange)
c_21,251,c_21-251,MAYP1114611__250__03251.txt,continuous_spectra,pp_orange,2025-07-10,8356671.559999999,4061026.725,True,False,True,PP (orange),plastic,polymer,PP,PP (orange),PP (orange)
c_21,252,c_21-252,MAYP1114611__251__03252.txt,continuous_spectra,pp_orange,2025-07-10,10135341.44,4061026.725,True,False,True,PP (orange),plastic,polymer,PP,PP (orange),PP (orange)
c_21,253,c_21-253,MAYP1114611__252__03253.txt,continuous_spectra,pp_orange,2025-07-10,11534587.44,4061026.725,True,False,True,PP (orange),plastic,polymer,PP,PP (orange),PP (orange)
c_21,254,c_21-254,MAYP1114611__253__03254.txt,continuous_spectra,pp_orange,2025-07-10,8148790.0,4061026.725,True,False,True,PP (orange),plastic,polymer,PP,PP (orange),PP (orange)
c_21,255,c_21-255,MAYP1114611__254__03255.txt,continuous_spectra,pp_orange,2025-07-10,5676079.559999999,4061026.725,True,False,True,PP (orange),plastic,polymer,PP,PP (orange),PP (orange)
c_21,258,c_21-258,MAYP1114611__257__03258.txt,continuous_spectra,pp_orange,2025-07-10,4524503.559999999,4061026.725,True,False,True,PP (orange),plastic,polymer,PP,PP (orange),PP (orange)
c_21,259,c_21-259,MAYP1114611__258__03259.txt,continuous_spectra,pp_orange,2025-07-10,9258263.0,4061026.725,True,False,True,PP (orange),plastic,polymer,PP,PP (orange),PP (orange)
c_21,260,c_21-260,MAYP1114611__259__03260.txt,continuous_spectra,pp_orange,2025-07-10,8463796.559999999,4061026.725,True,False,True,PP (orange),plastic,polymer,PP,PP (orange),PP (orange)
c_21,261,c_21-261,MAYP1114611__260__03261.txt,continuous_spectra,pp_orange,2025-07-10,11245255.0,4061026.725,True,False,True,PP (orange),plastic,polymer,PP,PP (orange),PP (orange)
c_21,262,c_21-262,MAYP1114611__261__03262.txt,continuous_spectra,pp_orange,2025-07-10,8863750.0,4061026.725,True,False,True,PP (orange),plastic,polymer,PP,PP (orange),PP (orange)
c_21,263,c_21-263,MAYP1114611__262__03263.txt,continuous_spectra,pp_orange,2025-07-10,8959841.440000001,4061026.725,True,False,True,PP (orange),plastic,polymer,PP,PP (orange),PP (orange)
c_21,264,c_21-264,MAYP1114611__263__03264.txt,continuous_spectra,pp_orange,2025-07-10,9708887.44,4061026.725,True,False,True,PP (orange),plastic,polymer,PP,PP (orange),PP (orange)
c_21,265,c_21-265,MAYP1114611__264__03265.txt,continuous_spectra,pp_orange,2025-07-10,8985930.559999999,4061026.725,True,False,True,PP (orange),plastic,polymer,PP,PP (orange),PP (orange)
c_21,266,c_21-266,MAYP1114611__265__03266.txt,continuous_spectra,pp_orange,2025-07-10,4909669.440000001,4061026.725,True,False,True,PP (orange),plastic,polymer,PP,PP (orange),PP (orange)
c_21,269,c_21-269,MAYP1114611__268__03269.txt,continuous_spectra,pp_orange,2025-07-10,5612197.440000001,4061026.725,True,False,True,PP (orange),plastic,polymer,PP,PP (orange),PP (orange)
c_21,270,c_21-270,MAYP1114611__269__03270.txt,continuous_spectra,pp_orange,2025-07-10,10263456.56,4061026.725,True,False,True,PP (orange),plastic,polymer,PP,PP (orange),PP (orange)
c_21,271,c_21-271,MAYP1114611__270__03271.txt,continuous_spectra,pp_orange,2025-07-10,9252926.56,4061026.725,True,False,True,PP (orange),plastic,polymer,PP,PP (orange),PP (orange)
c_21,272,c_21-272,MAYP1114611__271__03272.txt,continuous_spectra,pp_orange,2025-07-10,8673931.440000001,4061026.725,True,False,True,PP (orange),plastic,polymer,PP,PP (orange),PP (orange)
c_21,273,c_21-273,MAYP1114611__272__03273.txt,continuous_spectra,pp_orange,2025-07-10,8794742.440000001,4061026.725,True,False,True,PP (orange),plastic,polymer,PP,PP (orange),PP (orange)
c_21,274,c_21-274,MAYP1114611__273__03274.txt,continuous_spectra,pp_orange,2025-07-10,9268424.0,4061026.725,True,False,True,PP (orange),plastic,polymer,PP,PP (orange),PP (orange)
c_21,275,c_21-275,MAYP1114611__274__03275.txt,continuous_spectra,pp_orange,2025-07-10,9762930.56,4061026.725,True,False,True,PP (orange),plastic,polymer,PP,PP (orange),PP (orange)
c_21,276,c_21-276,MAYP1114611__275__03276.txt,continuous_spectra,pp_orange,2025-07-10,6813950.559999999,4061026.725,True,False,True,PP (orange),plastic,polymer,PP,PP (orange),PP (orange)
c_22,28,c_22-028,MAYP1114611__27__03328.txt,continuous_spectra,pp_orange,2025-07-10,5779475.0,4422587.4,True,False,True,PP (orange),plastic,polymer,PP,PP (orange),PP (orange)
c_22,29,c_22-029,MAYP1114611__28__03329.txt,continuous_spectra,pp_orange,2025-07-10,9122274.0,4422587.4,True,False,True,PP (orange),plastic,polymer,PP,PP (orange),PP (orange)
c_22,30,c_22-030,MAYP1114611__29__03330.txt,continuous_spectra,pp_orange,2025-07-10,9080380.0,4422587.4,True,False,True,PP (orange),plastic,polymer,PP,PP (orange),PP (orange)
c_22,31,c_22-031,MAYP1114611__30__03331.txt,continuous_spectra,pp_orange,2025-07-10,8435852.559999999,4422587.4,True,False,True,PP (orange),plastic,polymer,PP,PP (orange),PP (orange)
c_22,32,c_22-032,MAYP1114611__31__03332.txt,continuous_spectra,pp_orange,2025-07-10,7796672.440000001,4422587.4,True,False,True,PP (orange),plastic,polymer,PP,PP (orange),PP (orange)
c_22,33,c_22-033,MAYP1114611__32__03333.txt,continuous_spectra,pp_orange,2025-07-10,10088717.0,4422587.4,True,False,True,PP (orange),plastic,polymer,PP,PP (orange),PP (orange)
c_22,34,c_22-034,MAYP1114611__33__03334.txt,continuous_spectra,pp_orange,2025-07-10,11137780.56,4422587.4,True,False,True,PP (orange),plastic,polymer,PP,PP (orange),PP (orange)
c_22,35,c_22-035,MAYP1114611__34__03335.txt,continuous_spectra,pp_orange,2025-07-10,9936441.0,4422587.4,True,False,True,PP (orange),plastic,polymer,PP,PP (orange),PP (orange)
c_22,36,c_22-036,MAYP1114611__35__03336.txt,continuous_spectra,pp_orange,2025-07-10,7292225.0,4422587.4,True,False,True,PP (orange),plastic,polymer,PP,PP (orange),PP (orange)
c_22,40,c_22-040,MAYP1114611__39__03340.txt,continuous_spectra,pp_orange,2025-07-10,4883259.0,4422587.4,True,False,True,PP (orange),plastic,polymer,PP,PP (orange),PP (orange)
c_22,41,c_22-041,MAYP1114611__40__03341.txt,continuous_spectra,pp_orange,2025-07-10,7208704.0,4422587.4,True,False,True,PP (orange),plastic,polymer,PP,PP (orange),PP (orange)
c_22,42,c_22-042,MAYP1114611__41__03342.txt,continuous_spectra,pp_orange,2025-07-10,8174508.440000001,4422587.4,True,False,True,PP (orange),plastic,polymer,PP,PP (orange),PP (orange)
c_22,43,c_22-043,MAYP1114611__42__03343.txt,continuous_spectra,pp_orange,2025-07-10,6108763.440000001,4422587.4,True,False,True,PP (orange),plastic,polymer,PP,PP (orange),PP (orange)
c_22,44,c_22-044,MAYP1114611__43__03344.txt,continuous_spectra,pp_orange,2025-07-10,7828208.559999999,4422587.4,True,False,True,PP (orange),plastic,polymer,PP,PP (orange),PP (orange)
c_22,45,c_22-045,MAYP1114611__44__03345.txt,continuous_spectra,pp_orange,2025-07-10,9091824.56,4422587.4,True,False,True,PP (orange),plastic,polymer,PP,PP (orange),PP (orange)
c_22,46,c_22-046,MAYP1114611__45__03346.txt,continuous_spectra,pp_orange,2025-07-10,6939362.440000001,4422587.4,True,False,True,PP (orange),plastic,polymer,PP,PP (orange),PP (orange)
c_22,47,c_22-047,MAYP1114611__46__03347.txt,continuous_spectra,pp_orange,2025-07-10,6175486.440000001,4422587.4,True,False,True,PP (orange),plastic,polymer,PP,PP (orange),PP (orange)
c_22,51,c_22-051,MAYP1114611__50__03351.txt,continuous_spectra,pp_orange,2025-07-10,6420671.440000001,4422587.4,True,False,True,PP (orange),plastic,polymer,PP,PP (orange),PP (orange)
c_22,52,c_22-052,MAYP1114611__51__03352.txt,continuous_spectra,pp_orange,2025-07-10,10440431.0,4422587.4,True,False,True,PP (orange),plastic,polymer,PP,PP (orange),PP (orange)
c_22,53,c_22-053,MAYP1114611__52__03353.txt,continuous_spectra,pp_orange,2025-07-10,7442251.0,4422587.4,True,False,True,PP (orange),plastic,polymer,PP,PP (orange),PP (orange)
c_22,54,c_22-054,MAYP1114611__53__03354.txt,continuous_spectra,pp_orange,2025-07-10,11313737.0,4422587.4,True,False,True,PP (orange),plastic,polymer,PP,PP (orange),PP (orange)
c_22,55,c_22-055,MAYP1114611__54__03355.txt,continuous_spectra,pp_orange,2025-07-10,8298347.0,4422587.4,True,False,True,PP (orange),plastic,polymer,PP,PP (orange),PP (orange)
c_22,56,c_22-056,MAYP1114611__55__03356.txt,continuous_spectra,pp_orange,2025-07-10,7279629.559999999,4422587.4,True,False,True,PP (orange),plastic,polymer,PP,PP (orange),PP (orange)
c_22,57,c_22-057,MAYP1114611__56__03357.txt,continuous_spectra,pp_orange,2025-07-10,8403344.440000001,4422587.4,True,False,True,PP (orange),plastic,polymer,PP,PP (orange),PP (orange)
c_22,58,c_22-058,MAYP1114611__57__03358.txt,continuous_spectra,pp_orange,2025-07-10,5913331.440000001,4422587.4,True,False,True,PP (orange),plastic,polymer,PP,PP (orange),PP (orange)
c_22,63,c_22-063,MAYP1114611__62__03363.txt,continuous_spectra,pp_orange,2025-07-10,9471703.56,4422587.4,True,False,True,PP (orange),plastic,polymer,PP,PP (orange),PP (orange)
c_22,64,c_22-064,MAYP1114611__63__03364.txt,continuous_spectra,pp_orange,2025-07-10,8150184.559999999,4422587.4,True,False,True,PP (orange),plastic,polymer,PP,PP (orange),PP (orange)
c_22,65,c_22-065,MAYP1114611__64__03365.txt,continuous_spectra,pp_orange,2025-07-10,6784360.559999999,4422587.4,True,False,True,PP (orange),plastic,polymer,PP,PP (orange),PP (orange)
c_22,66,c_22-066,MAYP1114611__65__03366.txt,continuous_spectra,pp_orange,2025-07-10,8003042.559999999,4422587.4,True,False,True,PP (orange),plastic,polymer,PP,PP (orange),PP (orange)
c_22,67,c_22-067,MAYP1114611__66__03367.txt,continuous_spectra,pp_orange,2025-07-10,9440418.0,4422587.4,True,False,True,PP (orange),plastic,polymer,PP,PP (orange),PP (orange)
c_22,68,c_22-068,MAYP1114611__67__03368.txt,continuous_spectra,pp_orange,2025-07-10,9294652.44,4422587.4,True,False,True,PP (orange),plastic,polymer,PP,PP (orange),PP (orange)
c_22,69,c_22-069,MAYP1114611__68__03369.txt,continuous_spectra,pp_orange,2025-07-10,5111250.440000001,4422587.4,True,False,True,PP (orange),plastic,polymer,PP,PP (orange),PP (orange)
c_22,73,c_22-073,MAYP1114611__72__03373.txt,continuous_spectra,pp_orange,2025-07-10,7935490.440000001,4422587.4,True,False,True,PP (orange),plastic,polymer,PP,PP (orange),PP (orange)
c_22,74,c_22-074,MAYP1114611__73__03374.txt,continuous_spectra,pp_orange,2025-07-10,8311307.0,4422587.4,True,False,True,PP (orange),plastic,polymer,PP,PP (orange),PP (orange)
c_22,75,c_22-075,MAYP1114611__74__03375.txt,continuous_spectra,pp_orange,2025-07-10,7976832.559999999,4422587.4,True,False,True,PP (orange),plastic,polymer,PP,PP (orange),PP (orange)
c_22,76,c_22-076,MAYP1114611__75__03376.txt,continuous_spectra,pp_orange,2025-07-10,8119835.440000001,4422587.4,True,False,True,PP (orange),plastic,polymer,PP,PP (orange),PP (orange)
c_22,77,c_22-077,MAYP1114611__76__03377.txt,continuous_spectra,pp_orange,2025-07-10,7266511.0,4422587.4,True,False,True,PP (orange),plastic,polymer,PP,PP (orange),PP (orange)
c_22,78,c_22-078,MAYP1114611__77__03378.txt,continuous_spectra,pp_orange,2025-07-10,5815396.440000001,4422587.4,True,False,True,PP (orange),plastic,polymer,PP,PP (orange),PP (orange)
c_22,79,c_22-079,MAYP1114611__78__03379.txt,continuous_spectra,pp_orange,2025-07-10,7718274.559999999,4422587.4,True,False,True,PP (orange),plastic,polymer,PP,PP (orange),PP (orange)
c_22,80,c_22-080,MAYP1114611__79__03380.txt,continuous_spectra,pp_orange,2025-07-10,5636240.0,4422587.4,True,False,True,PP (orange),plastic,polymer,PP,PP (orange),PP (orange)
c_22,84,c_22-084,MAYP1114611__83__03384.txt,continuous_spectra,pp_orange,2025-07-10,5146884.440000001,4422587.4,True,False,True,PP (orange),plastic,polymer,PP,PP (orange),PP (orange)
c_22,85,c_22-085,MAYP1114611__84__03385.txt,continuous_spectra,pp_orange,2025-07-10,5800780.440000001,4422587.4,True,False,True,PP (orange),plastic,polymer,PP,PP (orange),PP (orange)
c_22,86,c_22-086,MAYP1114611__85__03386.txt,continuous_spectra,pp_orange,2025-07-10,5581437.0,4422587.4,True,False,True,PP (orange),plastic,polymer,PP,PP (orange),PP (orange)
c_22,87,c_22-087,MAYP1114611__86__03387.txt,continuous_spectra,pp_orange,2025-07-10,6840348.559999999,4422587.4,True,False,True,PP (orange),plastic,polymer,PP,PP (orange),PP (orange)
c_22,88,c_22-088,MAYP1114611__87__03388.txt,continuous_spectra,pp_orange,2025-07-10,6343677.0,4422587.4,True,False,True,PP (orange),plastic,polymer,PP,PP (orange),PP (orange)
c_22,89,c_22-089,MAYP1114611__88__03389.txt,continuous_spectra,pp_orange,2025-07-10,9778441.44,4422587.4,True,False,True,PP (orange),plastic,polymer,PP,PP (orange),PP (orange)
c_22,90,c_22-090,MAYP1114611__89__03390.txt,continuous_spectra,pp_orange,2025-07-10,7195117.559999999,4422587.4,True,False,True,PP (orange),plastic,polymer,PP,PP (orange),PP (orange)
c_22,121,c_22-121,MAYP1114611__120__03421.txt,continuous_spectra,pp_orange,2025-07-10,7786583.440000001,4422587.4,True,False,True,PP (orange),plastic,polymer,PP,PP (orange),PP (orange)
c_22,122,c_22-122,MAYP1114611__121__03422.txt,continuous_spectra,pp_orange,2025-07-10,12014989.0,4422587.4,True,False,True,PP (orange),plastic,polymer,PP,PP (orange),PP (orange)
c_22,123,c_22-123,MAYP1114611__122__03423.txt,continuous_spectra,pp_orange,2025-07-10,7069535.0,4422587.4,True,False,True,PP (orange),plastic,polymer,PP,PP (orange),PP (orange)
c_22,124,c_22-124,MAYP1114611__123__03424.txt,continuous_spectra,pp_orange,2025-07-10,6743644.440000001,4422587.4,True,False,True,PP (orange),plastic,polymer,PP,PP (orange),PP (orange)
c_22,125,c_22-125,MAYP1114611__124__03425.txt,continuous_spectra,pp_orange,2025-07-10,8193117.440000001,4422587.4,True,False,True,PP (orange),plastic,polymer,PP,PP (orange),PP (orange)
c_22,126,c_22-126,MAYP1114611__125__03426.txt,continuous_spectra,pp_orange,2025-07-10,6658324.440000001,4422587.4,True,False,True,PP (orange),plastic,polymer,PP,PP (orange),PP (orange)
c_22,127,c_22-127,MAYP1114611__126__03427.txt,continuous_spectra,pp_orange,2025-07-10,7182148.0,4422587.4,True,False,True,PP (orange),plastic,polymer,PP,PP (orange),PP (orange)
c_22,128,c_22-128,MAYP1114611__127__03428.txt,continuous_spectra,pp_orange,2025-07-10,11283220.56,4422587.4,True,False,True,PP (orange),plastic,polymer,PP,PP (orange),PP (orange)
c_22,129,c_22-129,MAYP1114611__128__03429.txt,continuous_spectra,pp_orange,2025-07-10,6430519.440000001,4422587.4,True,False,True,PP (orange),plastic,polymer,PP,PP (orange),PP (orange)
c_22,133,c_22-133,MAYP1114611__132__03433.txt,continuous_spectra,pp_orange,2025-07-10,9749444.0,4422587.4,True,False,True,PP (orange),plastic,polymer,PP,PP (orange),PP (orange)
c_22,134,c_22-134,MAYP1114611__133__03434.txt,continuous_spectra,pp_orange,2025-07-10,10968320.56,4422587.4,True,False,True,PP (orange),plastic,polymer,PP,PP (orange),PP (orange)
c_22,135,c_22-135,MAYP1114611__134__03435.txt,continuous_spectra,pp_orange,2025-07-10,11768214.56,4422587.4,True,False,True,PP (orange),plastic,polymer,PP,PP (orange),PP (orange)
c_22,136,c_22-136,MAYP1114611__135__03436.txt,continuous_spectra,pp_orange,2025-07-10,7907213.559999999,4422587.4,True,False,True,PP (orange),plastic,polymer,PP,PP (orange),PP (orange)
c_22,137,c_22-137,MAYP1114611__136__03437.txt,continuous_spectra,pp_orange,2025-07-10,8541455.0,4422587.4,True,False,True,PP (orange),plastic,polymer,PP,PP (orange),PP (orange)
c_22,138,c_22-138,MAYP1114611__137__03438.txt,continuous_spectra,pp_orange,2025-07-10,9801973.56,4422587.4,True,False,True,PP (orange),plastic,polymer,PP,PP (orange),PP (orange)
c_22,139,c_22-139,MAYP1114611__138__03439.txt,continuous_spectra,pp_orange,2025-07-10,7724401.440000001,4422587.4,True,False,True,PP (orange),plastic,polymer,PP,PP (orange),PP (orange)
c_22,140,c_22-140,MAYP1114611__139__03440.txt,continuous_spectra,pp_orange,2025-07-10,7225191.559999999,4422587.4,True,False,True,PP (orange),plastic,polymer,PP,PP (orange),PP (orange)
c_22,144,c_22-144,MAYP1114611__143__03444.txt,continuous_spectra,pp_orange,2025-07-10,9378236.56,4422587.4,True,False,True,PP (orange),plastic,polymer,PP,PP (orange),PP (orange)
c_22,145,c_22-145,MAYP1114611__144__03445.txt,continuous_spectra,pp_orange,2025-07-10,12819602.56,4422587.4,True,False,True,PP (orange),plastic,polymer,PP,PP (orange),PP (orange)
c_22,146,c_22-146,MAYP1114611__145__03446.txt,continuous_spectra,pp_orange,2025-07-10,13164912.44,4422587.4,True,False,True,PP (orange),plastic,polymer,PP,PP (orange),PP (orange)
c_22,147,c_22-147,MAYP1114611__146__03447.txt,continuous_spectra,pp_orange,2025-07-10,10457502.56,4422587.4,True,False,True,PP (orange),plastic,polymer,PP,PP (orange),PP (orange)
c_22,148,c_22-148,MAYP1114611__147__03448.txt,continuous_spectra,pp_orange,2025-07-10,9482629.44,4422587.4,True,False,True,PP (orange),plastic,polymer,PP,PP (orange),PP (orange)
c_22,149,c_22-149,MAYP1114611__148__03449.txt,continuous_spectra,pp_orange,2025-07-10,8078403.0,4422587.4,True,False,True,PP (orange),plastic,polymer,PP,PP (orange),PP (orange)
c_22,150,c_22-150,MAYP1114611__149__03450.txt,continuous_spectra,pp_orange,2025-07-10,8265123.559999999,4422587.4,True,False,True,PP (orange),plastic,polymer,PP,PP (orange),PP (orange)
c_22,151,c_22-151,MAYP1114611__150__03451.txt,continuous_spectra,pp_orange,2025-07-10,8482163.440000001,4422587.4,True,False,True,PP (orange),plastic,polymer,PP,PP (orange),PP (orange)
c_22,155,c_22-155,MAYP1114611__154__03455.txt,continuous_spectra,pp_orange,2025-07-10,9305244.44,4422587.4,True,False,True,PP (orange),plastic,polymer,PP,PP (orange),PP (orange)
c_22,156,c_22-156,MAYP1114611__155__03456.txt,continuous_spectra,pp_orange,2025-07-10,8211823.440000001,4422587.4,True,False,True,PP (orange),plastic,polymer,PP,PP (orange),PP (orange)
c_22,157,c_22-157,MAYP1114611__156__03457.txt,continuous_spectra,pp_orange,2025-07-10,7306080.559999999,4422587.4,True,False,True,PP (orange),plastic,polymer,PP,PP (orange),PP (orange)
c_22,158,c_22-158,MAYP1114611__157__03458.txt,continuous_spectra,pp_orange,2025-07-10,8066393.559999999,4422587.4,True,False,True,PP (orange),plastic,polymer,PP,PP (orange),PP (orange)
c_22,159,c_22-159,MAYP1114611__158__03459.txt,continuous_spectra,pp_orange,2025-07-10,6188373.0,4422587.4,True,False,True,PP (orange),plastic,polymer,PP,PP (orange),PP (orange)
c_22,160,c_22-160,MAYP1114611__159__03460.txt,continuous_spectra,pp_orange,2025-07-10,7504905.0,4422587.4,True,False,True,PP (orange),plastic,polymer,PP,PP (orange),PP (orange)
c_22,161,c_22-161,MAYP1114611__160__03461.txt,continuous_spectra,pp_orange,2025-07-10,8077906.559999999,4422587.4,True,False,True,PP (orange),plastic,polymer,PP,PP (orange),PP (orange)
c_22,165,c_22-165,MAYP1114611__164__03465.txt,continuous_spectra,pp_orange,2025-07-10,5818174.559999999,4422587.4,True,False,True,PP (orange),plastic,polymer,PP,PP (orange),PP (orange)
c_22,166,c_22-166,MAYP1114611__165__03466.txt,continuous_spectra,pp_orange,2025-07-10,11922403.56,4422587.4,True,False,True,PP (orange),plastic,polymer,PP,PP (orange),PP (orange)
c_22,167,c_22-167,MAYP1114611__166__03467.txt,continuous_spectra,pp_orange,2025-07-10,9121256.56,4422587.4,True,False,True,PP (orange),plastic,polymer,PP,PP (orange),PP (orange)
c_22,168,c_22-168,MAYP1114611__167__03468.txt,continuous_spectra,pp_orange,2025-07-10,10945106.44,4422587.4,True,False,True,PP (orange),plastic,polymer,PP,PP (orange),PP (orange)
c_22,169,c_22-169,MAYP1114611__168__03469.txt,continuous_spectra,pp_orange,2025-07-10,7518775.0,4422587.4,True,False,True,PP (orange),plastic,polymer,PP,PP (orange),PP (orange)
c_22,170,c_22-170,MAYP1114611__169__03470.txt,continuous_spectra,pp_orange,2025-07-10,9404653.56,4422587.4,True,False,True,PP (orange),plastic,polymer,PP,PP (orange),PP (orange)
c_22,171,c_22-171,MAYP1114611__170__03471.txt,continuous_spectra,pp_orange,2025-07-10,8775752.440000001,4422587.4,True,False,True,PP (orange),plastic,polymer,PP,PP (orange),PP (orange)
c_22,172,c_22-172,MAYP1114611__171__03472.txt,continuous_spectra,pp_orange,2025-07-10,9798270.0,4422587.4,True,False,True,PP (orange),plastic,polymer,PP,PP (orange),PP (orange)
c_22,173,c_22-173,MAYP1114611__172__03473.txt,continuous_spectra,pp_orange,2025-07-10,6503633.559999999,4422587.4,True,False,True,PP (orange),plastic,polymer,PP,PP (orange),PP (orange)
c_22,175,c_22-175,MAYP1114611__174__03475.txt,continuous_spectra,pp_orange,2025-07-10,4753224.0,4422587.4,True,False,True,PP (orange),plastic,polymer,PP,PP (orange),PP (orange)
c_22,176,c_22-176,MAYP1114611__175__03476.txt,continuous_spectra,pp_orange,2025-07-10,8489642.559999999,4422587.4,True,False,True,PP (orange),plastic,polymer,PP,PP (orange),PP (orange)
c_22,177,c_22-177,MAYP1114611__176__03477.txt,continuous_spectra,pp_orange,2025-07-10,8303707.559999999,4422587.4,True,False,True,PP (orange),plastic,polymer,PP,PP (orange),PP (orange)
c_22,178,c_22-178,MAYP1114611__177__03478.txt,continuous_spectra,pp_orange,2025-07-10,7675475.559999999,4422587.4,True,False,True,PP (orange),plastic,polymer,PP,PP (orange),PP (orange)
c_22,179,c_22-179,MAYP1114611__178__03479.txt,continuous_spectra,pp_orange,2025-07-10,8808593.440000001,4422587.4,True,False,True,PP (orange),plastic,polymer,PP,PP (orange),PP (orange)
c_22,180,c_22-180,MAYP1114611__179__03480.txt,continuous_spectra,pp_orange,2025-07-10,8180800.0,4422587.4,True,False,True,PP (orange),plastic,polymer,PP,PP (orange),PP (orange)
c_22,181,c_22-181,MAYP1114611__180__03481.txt,continuous_spectra,pp_orange,2025-07-10,7027319.559999999,4422587.4,True,False,True,PP (orange),plastic,polymer,PP,PP (orange),PP (orange)
c_22,182,c_22-182,MAYP1114611__181__03482.txt,continuous_spectra,pp_orange,2025-07-10,12394729.44,4422587.4,True,False,True,PP (orange),plastic,polymer,PP,PP (orange),PP (orange)
c_22,183,c_22-183,MAYP1114611__182__03483.txt,continuous_spectra,pp_orange,2025-07-10,7840669.0,4422587.4,True,False,True,PP (orange),plastic,polymer,PP,PP (orange),PP (orange)
c_22,215,c_22-215,MAYP1114611__214__03515.txt,continuous_spectra,pp_orange,2025-07-10,9431090.44,4422587.4,True,False,True,PP (orange),plastic,polymer,PP,PP (orange),PP (orange)
c_22,216,c_22-216,MAYP1114611__215__03516.txt,continuous_spectra,pp_orange,2025-07-10,7596443.0,4422587.4,True,False,True,PP (orange),plastic,polymer,PP,PP (orange),PP (orange)
c_22,217,c_22-217,MAYP1114611__216__03517.txt,continuous_spectra,pp_orange,2025-07-10,8942174.559999999,4422587.4,True,False,True,PP (orange),plastic,polymer,PP,PP (orange),PP (orange)
c_22,218,c_22-218,MAYP1114611__217__03518.txt,continuous_spectra,pp_orange,2025-07-10,8125426.559999999,4422587.4,True,False,True,PP (orange),plastic,polymer,PP,PP (orange),PP (orange)
c_22,219,c_22-219,MAYP1114611__218__03519.txt,continuous_spectra,pp_orange,2025-07-10,7929301.0,4422587.4,True,False,True,PP (orange),plastic,polymer,PP,PP (orange),PP (orange)
c_22,220,c_22-220,MAYP1114611__219__03520.txt,continuous_spectra,pp_orange,2025-07-10,8372245.440000001,4422587.4,True,False,True,PP (orange),plastic,polymer,PP,PP (orange),PP (orange)
c_22,221,c_22-221,MAYP1114611__220__03521.txt,continuous_spectra,pp_orange,2025-07-10,7600767.559999999,4422587.4,True,False,True,PP (orange),plastic,polymer,PP,PP (orange),PP (orange)
c_22,225,c_22-225,MAYP1114611__224__03525.txt,continuous_spectra,pp_orange,2025-07-10,5146280.440000001,4422587.4,True,False,True,PP (orange),plastic,polymer,PP,PP (orange),PP (orange)
c_22,226,c_22-226,MAYP1114611__225__03526.txt,continuous_spectra,pp_orange,2025-07-10,9979633.56,4422587.4,True,False,True,PP (orange),plastic,polymer,PP,PP (orange),PP (orange)
c_22,227,c_22-227,MAYP1114611__226__03527.txt,continuous_spectra,pp_orange,2025-07-10,9451281.44,4422587.4,True,False,True,PP (orange),plastic,polymer,PP,PP (orange),PP (orange)
c_22,228,c_22-228,MAYP1114611__227__03528.txt,continuous_spectra,pp_orange,2025-07-10,9284889.0,4422587.4,True,False,True,PP (orange),plastic,polymer,PP,PP (orange),PP (orange)
c_22,229,c_22-229,MAYP1114611__228__03529.txt,continuous_spectra,pp_orange,2025-07-10,7909156.559999999,4422587.4,True,False,True,PP (orange),plastic,polymer,PP,PP (orange),PP (orange)
c_22,230,c_22-230,MAYP1114611__229__03530.txt,continuous_spectra,pp_orange,2025-07-10,7713652.0,4422587.4,True,False,True,PP (orange),plastic,polymer,PP,PP (orange),PP (orange)
c_22,231,c_22-231,MAYP1114611__230__03531.txt,continuous_spectra,pp_orange,2025-07-10,7628310.0,4422587.4,True,False,True,PP (orange),plastic,polymer,PP,PP (orange),PP (orange)
c_22,232,c_22-232,MAYP1114611__231__03532.txt,continuous_spectra,pp_orange,2025-07-10,9673164.56,4422587.4,True,False,True,PP (orange),plastic,polymer,PP,PP (orange),PP (orange)
c_22,236,c_22-236,MAYP1114611__235__03536.txt,continuous_spectra,pp_orange,2025-07-10,6454819.559999999,4422587.4,True,False,True,PP (orange),plastic,polymer,PP,PP (orange),PP (orange)
c_22,237,c_22-237,MAYP1114611__236__03537.txt,continuous_spectra,pp_orange,2025-07-10,9271250.0,4422587.4,True,False,True,PP (orange),plastic,polymer,PP,PP (orange),PP (orange)
c_22,238,c_22-238,MAYP1114611__237__03538.txt,continuous_spectra,pp_orange,2025-07-10,7241956.559999999,4422587.4,True,False,True,PP (orange),plastic,polymer,PP,PP (orange),PP (orange)
c_22,239,c_22-239,MAYP1114611__238__03539.txt,continuous_spectra,pp_orange,2025-07-10,6951103.440000001,4422587.4,True,False,True,PP (orange),plastic,polymer,PP,PP (orange),PP (orange)
c_22,240,c_22-240,MAYP1114611__239__03540.txt,continuous_spectra,pp_orange,2025-07-10,8633043.440000001,4422587.4,True,False,True,PP (orange),plastic,polymer,PP,PP (orange),PP (orange)
c_22,241,c_22-241,MAYP1114611__240__03541.txt,continuous_spectra,pp_orange,2025-07-10,8528022.0,4422587.4,True,False,True,PP (orange),plastic,polymer,PP,PP (orange),PP (orange)
c_22,242,c_22-242,MAYP1114611__241__03542.txt,continuous_spectra,pp_orange,2025-07-10,9438829.56,4422587.4,True,False,True,PP (orange),plastic,polymer,PP,PP (orange),PP (orange)
c_22,243,c_22-243,MAYP1114611__242__03543.txt,continuous_spectra,pp_orange,2025-07-10,10276708.56,4422587.4,True,False,True,PP (orange),plastic,polymer,PP,PP (orange),PP (orange)
c_22,244,c_22-244,MAYP1114611__243__03544.txt,continuous_spectra,pp_orange,2025-07-10,5346691.0,4422587.4,True,False,True,PP (orange),plastic,polymer,PP,PP (orange),PP (orange)
c_22,247,c_22-247,MAYP1114611__246__03547.txt,continuous_spectra,pp_orange,2025-07-10,6565466.559999999,4422587.4,True,False,True,PP (orange),plastic,polymer,PP,PP (orange),PP (orange)
c_22,248,c_22-248,MAYP1114611__247__03548.txt,continuous_spectra,pp_orange,2025-07-10,10619287.0,4422587.4,True,False,True,PP (orange),plastic,polymer,PP,PP (orange),PP (orange)
c_22,249,c_22-249,MAYP1114611__248__03549.txt,continuous_spectra,pp_orange,2025-07-10,9081025.0,4422587.4,True,False,True,PP (orange),plastic,polymer,PP,PP (orange),PP (orange)
c_22,250,c_22-250,MAYP1114611__249__03550.txt,continuous_spectra,pp_orange,2025-07-10,8385209.440000001,4422587.4,True,False,True,PP (orange),plastic,polymer,PP,PP (orange),PP (orange)
c_22,251,c_22-251,MAYP1114611__250__03551.txt,continuous_spectra,pp_orange,2025-07-10,9503462.56,4422587.4,True,False,True,PP (orange),plastic,polymer,PP,PP (orange),PP (orange)
c_22,252,c_22-252,MAYP1114611__251__03552.txt,continuous_spectra,pp_orange,2025-07-10,10916045.44,4422587.4,True,False,True,PP (orange),plastic,polymer,PP,PP (orange),PP (orange)
c_22,253,c_22-253,MAYP1114611__252__03553.txt,continuous_spectra,pp_orange,2025-07-10,8990906.440000001,4422587.4,True,False,True,PP (orange),plastic,polymer,PP,PP (orange),PP (orange)
c_22,254,c_22-254,MAYP1114611__253__03554.txt,continuous_spectra,pp_orange,2025-07-10,8919634.0,4422587.4,True,False,True,PP (orange),plastic,polymer,PP,PP (orange),PP (orange)
c_22,258,c_22-258,MAYP1114611__257__03558.txt,continuous_spectra,pp_orange,2025-07-10,7180944.440000001,4422587.4,True,False,True,PP (orange),plastic,polymer,PP,PP (orange),PP (orange)
c_22,259,c_22-259,MAYP1114611__258__03559.txt,continuous_spectra,pp_orange,2025-07-10,9002101.0,4422587.4,True,False,True,PP (orange),plastic,polymer,PP,PP (orange),PP (orange)
c_22,260,c_22-260,MAYP1114611__259__03560.txt,continuous_spectra,pp_orange,2025-07-10,9605199.0,4422587.4,True,False,True,PP (orange),plastic,polymer,PP,PP (orange),PP (orange)
c_22,261,c_22-261,MAYP1114611__260__03561.txt,continuous_spectra,pp_orange,2025-07-10,11420149.0,4422587.4,True,False,True,PP (orange),plastic,polymer,PP,PP (orange),PP (orange)
c_22,262,c_22-262,MAYP1114611__261__03562.txt,continuous_spectra,pp_orange,2025-07-10,9929681.0,4422587.4,True,False,True,PP (orange),plastic,polymer,PP,PP (orange),PP (orange)
c_22,263,c_22-263,MAYP1114611__262__03563.txt,continuous_spectra,pp_orange,2025-07-10,10132186.0,4422587.4,True,False,True,PP (orange),plastic,polymer,PP,PP (orange),PP (orange)
c_22,264,c_22-264,MAYP1114611__263__03564.txt,continuous_spectra,pp_orange,2025-07-10,12549220.56,4422587.4,True,False,True,PP (orange),plastic,polymer,PP,PP (orange),PP (orange)
c_22,265,c_22-265,MAYP1114611__264__03565.txt,continuous_spectra,pp_orange,2025-07-10,8531564.0,4422587.4,True,False,True,PP (orange),plastic,polymer,PP,PP (orange),PP (orange)
c_22,269,c_22-269,MAYP1114611__268__03569.txt,continuous_spectra,pp_orange,2025-07-10,9164381.0,4422587.4,True,False,True,PP (orange),plastic,polymer,PP,PP (orange),PP (orange)
c_22,270,c_22-270,MAYP1114611__269__03570.txt,continuous_spectra,pp_orange,2025-07-10,9501198.56,4422587.4,True,False,True,PP (orange),plastic,polymer,PP,PP (orange),PP (orange)
c_22,271,c_22-271,MAYP1114611__270__03571.txt,continuous_spectra,pp_orange,2025-07-10,10911730.44,4422587.4,True,False,True,PP (orange),plastic,polymer,PP,PP (orange),PP (orange)
c_22,272,c_22-272,MAYP1114611__271__03572.txt,continuous_spectra,pp_orange,2025-07-10,11548826.56,4422587.4,True,False,True,PP (orange),plastic,polymer,PP,PP (orange),PP (orange)
c_22,273,c_22-273,MAYP1114611__272__03573.txt,continuous_spectra,pp_orange,2025-07-10,9694294.56,4422587.4,True,False,True,PP (orange),plastic,polymer,PP,PP (orange),PP (orange)
c_22,274,c_22-274,MAYP1114611__273__03574.txt,continuous_spectra,pp_orange,2025-07-10,9200356.56,4422587.4,True,False,True,PP (orange),plastic,polymer,PP,PP (orange),PP (orange)
c_22,275,c_22-275,MAYP1114611__274__03575.txt,continuous_spectra,pp_orange,2025-07-10,7701331.0,4422587.4,True,False,True,PP (orange),plastic,polymer,PP,PP (orange),PP (orange)
c_22,276,c_22-276,MAYP1114611__275__03576.txt,continuous_spectra,pp_orange,2025-07-10,7400041.559999999,4422587.4,True,False,True,PP (orange),plastic,polymer,PP,PP (orange),PP (orange)
c_23,28,c_23-028,MAYP1114611__27__03628.txt,continuous_spectra,pp_pink,2025-07-10,4045577.559999998,3936966.8939999994,True,False,True,PP (pink),plastic,polymer,PP,PP (pink),PP (pink)
c_23,29,c_23-029,MAYP1114611__28__03629.txt,continuous_spectra,pp_pink,2025-07-10,5560660.0,3936966.8939999994,True,False,True,PP (pink),plastic,polymer,PP,PP (pink),PP (pink)
c_23,30,c_23-030,MAYP1114611__29__03630.txt,continuous_spectra,pp_pink,2025-07-10,7870961.440000001,3936966.8939999994,True,False,True,PP (pink),plastic,polymer,PP,PP (pink),PP (pink)
c_23,31,c_23-031,MAYP1114611__30__03631.txt,continuous_spectra,pp_pink,2025-07-10,8470974.0,3936966.8939999994,True,False,True,PP (pink),plastic,polymer,PP,PP (pink),PP (pink)
c_23,32,c_23-032,MAYP1114611__31__03632.txt,continuous_spectra,pp_pink,2025-07-10,7452055.0,3936966.8939999994,True,False,True,PP (pink),plastic,polymer,PP,PP (pink),PP (pink)
c_23,33,c_23-033,MAYP1114611__32__03633.txt,continuous_spectra,pp_pink,2025-07-10,6925972.559999999,3936966.8939999994,True,False,True,PP (pink),plastic,polymer,PP,PP (pink),PP (pink)
c_23,34,c_23-034,MAYP1114611__33__03634.txt,continuous_spectra,pp_pink,2025-07-10,10239519.44,3936966.8939999994,True,False,True,PP (pink),plastic,polymer,PP,PP (pink),PP (pink)
c_23,35,c_23-035,MAYP1114611__34__03635.txt,continuous_spectra,pp_pink,2025-07-10,8310796.0,3936966.8939999994,True,False,True,PP (pink),plastic,polymer,PP,PP (pink),PP (pink)
c_23,36,c_23-036,MAYP1114611__35__03636.txt,continuous_spectra,pp_pink,2025-07-10,6513393.559999999,3936966.8939999994,True,False,True,PP (pink),plastic,polymer,PP,PP (pink),PP (pink)
c_23,40,c_23-040,MAYP1114611__39__03640.txt,continuous_spectra,pp_pink,2025-07-10,5453710.559999999,3936966.8939999994,True,False,True,PP (pink),plastic,polymer,PP,PP (pink),PP (pink)
c_23,41,c_23-041,MAYP1114611__40__03641.txt,continuous_spectra,pp_pink,2025-07-10,9902449.56,3936966.8939999994,True,False,True,PP (pink),plastic,polymer,PP,PP (pink),PP (pink)
c_23,42,c_23-042,MAYP1114611__41__03642.txt,continuous_spectra,pp_pink,2025-07-10,10661882.44,3936966.8939999994,True,False,True,PP (pink),plastic,polymer,PP,PP (pink),PP (pink)
c_23,43,c_23-043,MAYP1114611__42__03643.txt,continuous_spectra,pp_pink,2025-07-10,7902179.0,3936966.8939999994,True,False,True,PP (pink),plastic,polymer,PP,PP (pink),PP (pink)
c_23,44,c_23-044,MAYP1114611__43__03644.txt,continuous_spectra,pp_pink,2025-07-10,7372305.559999999,3936966.8939999994,True,False,True,PP (pink),plastic,polymer,PP,PP (pink),PP (pink)
c_23,45,c_23-045,MAYP1114611__44__03645.txt,continuous_spectra,pp_pink,2025-07-10,10151030.0,3936966.8939999994,True,False,True,PP (pink),plastic,polymer,PP,PP (pink),PP (pink)
c_23,46,c_23-046,MAYP1114611__45__03646.txt,continuous_spectra,pp_pink,2025-07-10,9451501.44,3936966.8939999994,True,False,True,PP (pink),plastic,polymer,PP,PP (pink),PP (pink)
c_23,47,c_23-047,MAYP1114611__46__03647.txt,continuous_spectra,pp_pink,2025-07-10,5036626.0,3936966.8939999994,True,False,True,PP (pink),plastic,polymer,PP,PP (pink),PP (pink)
c_23,51,c_23-051,MAYP1114611__50__03651.txt,continuous_spectra,pp_pink,2025-07-10,4406352.0,3936966.8939999994,True,False,True,PP (pink),plastic,polymer,PP,PP (pink),PP (pink)
c_23,52,c_23-052,MAYP1114611__51__03652.txt,continuous_spectra,pp_pink,2025-07-10,6999451.0,3936966.8939999994,True,False,True,PP (pink),plastic,polymer,PP,PP (pink),PP (pink)
c_23,53,c_23-053,MAYP1114611__52__03653.txt,continuous_spectra,pp_pink,2025-07-10,11205388.44,3936966.8939999994,True,False,True,PP (pink),plastic,polymer,PP,PP (pink),PP (pink)
c_23,54,c_23-054,MAYP1114611__53__03654.txt,continuous_spectra,pp_pink,2025-07-10,8043143.440000001,3936966.8939999994,True,False,True,PP (pink),plastic,polymer,PP,PP (pink),PP (pink)
c_23,55,c_23-055,MAYP1114611__54__03655.txt,continuous_spectra,pp_pink,2025-07-10,8036395.559999999,3936966.8939999994,True,False,True,PP (pink),plastic,polymer,PP,PP (pink),PP (pink)
c_23,56,c_23-056,MAYP1114611__55__03656.txt,continuous_spectra,pp_pink,2025-07-10,9483680.44,3936966.8939999994,True,False,True,PP (pink),plastic,polymer,PP,PP (pink),PP (pink)
c_23,57,c_23-057,MAYP1114611__56__03657.txt,continuous_spectra,pp_pink,2025-07-10,11582451.0,3936966.8939999994,True,False,True,PP (pink),plastic,polymer,PP,PP (pink),PP (pink)
c_23,58,c_23-058,MAYP1114611__57__03658.txt,continuous_spectra,pp_pink,2025-07-10,8656773.559999999,3936966.8939999994,True,False,True,PP (pink),plastic,polymer,PP,PP (pink),PP (pink)
c_23,63,c_23-063,MAYP1114611__62__03663.txt,continuous_spectra,pp_pink,2025-07-10,8528660.0,3936966.8939999994,True,False,True,PP (pink),plastic,polymer,PP,PP (pink),PP (pink)
c_23,64,c_23-064,MAYP1114611__63__03664.txt,continuous_spectra,pp_pink,2025-07-10,12017749.56,3936966.8939999994,True,False,True,PP (pink),plastic,polymer,PP,PP (pink),PP (pink)
c_23,65,c_23-065,MAYP1114611__64__03665.txt,continuous_spectra,pp_pink,2025-07-10,9159160.0,3936966.8939999994,True,False,True,PP (pink),plastic,polymer,PP,PP (pink),PP (pink)
c_23,66,c_23-066,MAYP1114611__65__03666.txt,continuous_spectra,pp_pink,2025-07-10,9300516.44,3936966.8939999994,True,False,True,PP (pink),plastic,polymer,PP,PP (pink),PP (pink)
c_23,67,c_23-067,MAYP1114611__66__03667.txt,continuous_spectra,pp_pink,2025-07-10,9717799.56,3936966.8939999994,True,False,True,PP (pink),plastic,polymer,PP,PP (pink),PP (pink)
c_23,68,c_23-068,MAYP1114611__67__03668.txt,continuous_spectra,pp_pink,2025-07-10,5582828.0,3936966.8939999994,True,False,True,PP (pink),plastic,polymer,PP,PP (pink),PP (pink)
c_23,74,c_23-074,MAYP1114611__73__03674.txt,continuous_spectra,pp_pink,2025-07-10,4501063.440000001,3936966.8939999994,True,False,True,PP (pink),plastic,polymer,PP,PP (pink),PP (pink)
c_23,75,c_23-075,MAYP1114611__74__03675.txt,continuous_spectra,pp_pink,2025-07-10,7998336.559999999,3936966.8939999994,True,False,True,PP (pink),plastic,polymer,PP,PP (pink),PP (pink)
c_23,76,c_23-076,MAYP1114611__75__03676.txt,continuous_spectra,pp_pink,2025-07-10,10566931.0,3936966.8939999994,True,False,True,PP (pink),plastic,polymer,PP,PP (pink),PP (pink)
c_23,77,c_23-077,MAYP1114611__76__03677.txt,continuous_spectra,pp_pink,2025-07-10,11903597.56,3936966.8939999994,True,False,True,PP (pink),plastic,polymer,PP,PP (pink),PP (pink)
c_23,78,c_23-078,MAYP1114611__77__03678.txt,continuous_spectra,pp_pink,2025-07-10,11626970.44,3936966.8939999994,True,False,True,PP (pink),plastic,polymer,PP,PP (pink),PP (pink)
c_23,79,c_23-079,MAYP1114611__78__03679.txt,continuous_spectra,pp_pink,2025-07-10,7560788.0,3936966.8939999994,True,False,True,PP (pink),plastic,polymer,PP,PP (pink),PP (pink)
c_23,80,c_23-080,MAYP1114611__79__03680.txt,continuous_spectra,pp_pink,2025-07-10,4961977.0,3936966.8939999994,True,False,True,PP (pink),plastic,polymer,PP,PP (pink),PP (pink)
c_23,84,c_23-084,MAYP1114611__83__03684.txt,continuous_spectra,pp_pink,2025-07-10,4558939.0,3936966.8939999994,True,False,True,PP (pink),plastic,polymer,PP,PP (pink),PP (pink)
c_23,85,c_23-085,MAYP1114611__84__03685.txt,continuous_spectra,pp_pink,2025-07-10,8194338.0,3936966.8939999994,True,False,True,PP (pink),plastic,polymer,PP,PP (pink),PP (pink)
c_23,86,c_23-086,MAYP1114611__85__03686.txt,continuous_spectra,pp_pink,2025-07-10,8581076.0,3936966.8939999994,True,False,True,PP (pink),plastic,polymer,PP,PP (pink),PP (pink)
c_23,87,c_23-087,MAYP1114611__86__03687.txt,continuous_spectra,pp_pink,2025-07-10,7891820.440000001,3936966.8939999994,True,False,True,PP (pink),plastic,polymer,PP,PP (pink),PP (pink)
c_23,88,c_23-088,MAYP1114611__87__03688.txt,continuous_spectra,pp_pink,2025-07-10,6238672.440000001,3936966.8939999994,True,False,True,PP (pink),plastic,polymer,PP,PP (pink),PP (pink)
c_23,89,c_23-089,MAYP1114611__88__03689.txt,continuous_spectra,pp_pink,2025-07-10,6359697.559999999,3936966.8939999994,True,False,True,PP (pink),plastic,polymer,PP,PP (pink),PP (pink)
c_23,90,c_23-090,MAYP1114611__89__03690.txt,continuous_spectra,pp_pink,2025-07-10,7971876.440000001,3936966.8939999994,True,False,True,PP (pink),plastic,polymer,PP,PP (pink),PP (pink)
c_23,91,c_23-091,MAYP1114611__90__03691.txt,continuous_spectra,pp_pink,2025-07-10,5592456.559999999,3936966.8939999994,True,False,True,PP (pink),plastic,polymer,PP,PP (pink),PP (pink)
c_23,122,c_23-122,MAYP1114611__121__03722.txt,continuous_spectra,pp_pink,2025-07-10,8168569.0,3936966.8939999994,True,False,True,PP (pink),plastic,polymer,PP,PP (pink),PP (pink)
c_23,123,c_23-123,MAYP1114611__122__03723.txt,continuous_spectra,pp_pink,2025-07-10,10800271.44,3936966.8939999994,True,False,True,PP (pink),plastic,polymer,PP,PP (pink),PP (pink)
c_23,124,c_23-124,MAYP1114611__123__03724.txt,continuous_spectra,pp_pink,2025-07-10,9435875.56,3936966.8939999994,True,False,True,PP (pink),plastic,polymer,PP,PP (pink),PP (pink)
c_23,125,c_23-125,MAYP1114611__124__03725.txt,continuous_spectra,pp_pink,2025-07-10,7732169.559999999,3936966.8939999994,True,False,True,PP (pink),plastic,polymer,PP,PP (pink),PP (pink)
c_23,126,c_23-126,MAYP1114611__125__03726.txt,continuous_spectra,pp_pink,2025-07-10,11081420.56,3936966.8939999994,True,False,True,PP (pink),plastic,polymer,PP,PP (pink),PP (pink)
c_23,127,c_23-127,MAYP1114611__126__03727.txt,continuous_spectra,pp_pink,2025-07-10,9272145.56,3936966.8939999994,True,False,True,PP (pink),plastic,polymer,PP,PP (pink),PP (pink)
c_23,128,c_23-128,MAYP1114611__127__03728.txt,continuous_spectra,pp_pink,2025-07-10,8596997.440000001,3936966.8939999994,True,False,True,PP (pink),plastic,polymer,PP,PP (pink),PP (pink)
c_23,129,c_23-129,MAYP1114611__128__03729.txt,continuous_spectra,pp_pink,2025-07-10,7984301.0,3936966.8939999994,True,False,True,PP (pink),plastic,polymer,PP,PP (pink),PP (pink)
c_23,132,c_23-132,MAYP1114611__131__03732.txt,continuous_spectra,pp_pink,2025-07-10,4544361.559999999,3936966.8939999994,True,False,True,PP (pink),plastic,polymer,PP,PP (pink),PP (pink)
c_23,133,c_23-133,MAYP1114611__132__03733.txt,continuous_spectra,pp_pink,2025-07-10,10335803.56,3936966.8939999994,True,False,True,PP (pink),plastic,polymer,PP,PP (pink),PP (pink)
c_23,134,c_23-134,MAYP1114611__133__03734.txt,continuous_spectra,pp_pink,2025-07-10,8745332.440000001,3936966.8939999994,True,False,True,PP (pink),plastic,polymer,PP,PP (pink),PP (pink)
c_23,135,c_23-135,MAYP1114611__134__03735.txt,continuous_spectra,pp_pink,2025-07-10,6378298.559999999,3936966.8939999994,True,False,True,PP (pink),plastic,polymer,PP,PP (pink),PP (pink)
c_23,136,c_23-136,MAYP1114611__135__03736.txt,continuous_spectra,pp_pink,2025-07-10,7209135.559999999,3936966.8939999994,True,False,True,PP (pink),plastic,polymer,PP,PP (pink),PP (pink)
c_23,137,c_23-137,MAYP1114611__136__03737.txt,continuous_spectra,pp_pink,2025-07-10,7273657.0,3936966.8939999994,True,False,True,PP (pink),plastic,polymer,PP,PP (pink),PP (pink)
c_23,138,c_23-138,MAYP1114611__137__03738.txt,continuous_spectra,pp_pink,2025-07-10,10979194.56,3936966.8939999994,True,False,True,PP (pink),plastic,polymer,PP,PP (pink),PP (pink)
c_23,139,c_23-139,MAYP1114611__138__03739.txt,continuous_spectra,pp_pink,2025-07-10,11672701.44,3936966.8939999994,True,False,True,PP (pink),plastic,polymer,PP,PP (pink),PP (pink)
c_23,140,c_23-140,MAYP1114611__139__03740.txt,continuous_spectra,pp_pink,2025-07-10,4827580.440000001,3936966.8939999994,True,False,True,PP (pink),plastic,polymer,PP,PP (pink),PP (pink)
c_23,144,c_23-144,MAYP1114611__143__03744.txt,continuous_spectra,pp_pink,2025-07-10,7652933.559999999,3936966.8939999994,True,False,True,PP (pink),plastic,polymer,PP,PP (pink),PP (pink)
c_23,145,c_23-145,MAYP1114611__144__03745.txt,continuous_spectra,pp_pink,2025-07-10,10974293.56,3936966.8939999994,True,False,True,PP (pink),plastic,polymer,PP,PP (pink),PP (pink)
c_23,146,c_23-146,MAYP1114611__145__03746.txt,continuous_spectra,pp_pink,2025-07-10,9035484.0,3936966.8939999994,True,False,True,PP (pink),plastic,polymer,PP,PP (pink),PP (pink)
c_23,147,c_23-147,MAYP1114611__146__03747.txt,continuous_spectra,pp_pink,2025-07-10,6611262.559999999,3936966.8939999994,True,False,True,PP (pink),plastic,polymer,PP,PP (pink),PP (pink)
c_23,148,c_23-148,MAYP1114611__147__03748.txt,continuous_spectra,pp_pink,2025-07-10,6711104.559999999,3936966.8939999994,True,False,True,PP (pink),plastic,polymer,PP,PP (pink),PP (pink)
c_23,149,c_23-149,MAYP1114611__148__03749.txt,continuous_spectra,pp_pink,2025-07-10,11692120.44,3936966.8939999994,True,False,True,PP (pink),plastic,polymer,PP,PP (pink),PP (pink)
c_23,150,c_23-150,MAYP1114611__149__03750.txt,continuous_spectra,pp_pink,2025-07-10,7702220.440000001,3936966.8939999994,True,False,True,PP (pink),plastic,polymer,PP,PP (pink),PP (pink)
c_23,151,c_23-151,MAYP1114611__150__03751.txt,continuous_spectra,pp_pink,2025-07-10,4431444.559999999,3936966.8939999994,True,False,True,PP (pink),plastic,polymer,PP,PP (pink),PP (pink)
c_23,152,c_23-152,MAYP1114611__151__03752.txt,continuous_spectra,pp_pink,2025-07-10,3947503.440000002,3936966.8939999994,True,False,True,PP (pink),plastic,polymer,PP,PP (pink),PE-HD (blue)
c_23,154,c_23-154,MAYP1114611__153__03754.txt,continuous_spectra,pp_pink,2025-07-10,4164220.0,3936966.8939999994,True,False,True,PP (pink),plastic,polymer,PP,PP (pink),PP (pink)
c_23,155,c_23-155,MAYP1114611__154__03755.txt,continuous_spectra,pp_pink,2025-07-10,9471690.44,3936966.8939999994,True,False,True,PP (pink),plastic,polymer,PP,PP (pink),PP (pink)
c_23,156,c_23-156,MAYP1114611__155__03756.txt,continuous_spectra,pp_pink,2025-07-10,8859181.0,3936966.8939999994,True,False,True,PP (pink),plastic,polymer,PP,PP (pink),PP (pink)
c_23,157,c_23-157,MAYP1114611__156__03757.txt,continuous_spectra,pp_pink,2025-07-10,9371559.56,3936966.8939999994,True,False,True,PP (pink),plastic,polymer,PP,PP (pink),PP (pink)
c_23,158,c_23-158,MAYP1114611__157__03758.txt,continuous_spectra,pp_pink,2025-07-10,9631460.44,3936966.8939999994,True,False,True,PP (pink),plastic,polymer,PP,PP (pink),PP (pink)
c_23,159,c_23-159,MAYP1114611__158__03759.txt,continuous_spectra,pp_pink,2025-07-10,9991951.56,3936966.8939999994,True,False,True,PP (pink),plastic,polymer,PP,PP (pink),PP (pink)
c_23,160,c_23-160,MAYP1114611__159__03760.txt,continuous_spectra,pp_pink,2025-07-10,10593587.56,3936966.8939999994,True,False,True,PP (pink),plastic,polymer,PP,PP (pink),PP (pink)
c_23,161,c_23-161,MAYP1114611__160__03761.txt,continuous_spectra,pp_pink,2025-07-10,9760572.0,3936966.8939999994,True,False,True,PP (pink),plastic,polymer,PP,PP (pink),PP (pink)
c_23,165,c_23-165,MAYP1114611__164__03765.txt,continuous_spectra,pp_pink,2025-07-10,4394103.440000001,3936966.8939999994,True,False,True,PP (pink),plastic,polymer,PP,PP (pink),PP (pink)
c_23,166,c_23-166,MAYP1114611__165__03766.txt,continuous_spectra,pp_pink,2025-07-10,11764497.56,3936966.8939999994,True,False,True,PP (pink),plastic,polymer,PP,PP (pink),PP (pink)
c_23,167,c_23-167,MAYP1114611__166__03767.txt,continuous_spectra,pp_pink,2025-07-10,14740802.0,3936966.8939999994,True,False,True,PP (pink),plastic,polymer,PP,PP (pink),PP (pink)
c_23,168,c_23-168,MAYP1114611__167__03768.txt,continuous_spectra,pp_pink,2025-07-10,10525643.0,3936966.8939999994,True,False,True,PP (pink),plastic,polymer,PP,PP (pink),PP (pink)
c_23,169,c_23-169,MAYP1114611__168__03769.txt,continuous_spectra,pp_pink,2025-07-10,10826131.44,3936966.8939999994,True,False,True,PP (pink),plastic,polymer,PP,PP (pink),PP (pink)
c_23,170,c_23-170,MAYP1114611__169__03770.txt,continuous_spectra,pp_pink,2025-07-10,10814909.44,3936966.8939999994,True,False,True,PP (pink),plastic,polymer,PP,PP (pink),PP (pink)
c_23,171,c_23-171,MAYP1114611__170__03771.txt,continuous_spectra,pp_pink,2025-07-10,12076949.0,3936966.8939999994,True,False,True,PP (pink),plastic,polymer,PP,PP (pink),PP (pink)
c_23,172,c_23-172,MAYP1114611__171__03772.txt,continuous_spectra,pp_pink,2025-07-10,9667962.44,3936966.8939999994,True,False,True,PP (pink),plastic,polymer,PP,PP (pink),PP (pink)
c_23,173,c_23-173,MAYP1114611__172__03773.txt,continuous_spectra,pp_pink,2025-07-10,5456970.559999999,3936966.8939999994,True,False,True,PP (pink),plastic,polymer,PP,PP (pink),PP (pink)
c_23,175,c_23-175,MAYP1114611__174__03775.txt,continuous_spectra,pp_pink,2025-07-10,4182201.440000002,3936966.8939999994,True,False,True,PP (pink),plastic,polymer,PP,PP (pink),PP (pink)
c_23,177,c_23-177,MAYP1114611__176__03777.txt,continuous_spectra,pp_pink,2025-07-10,6187327.440000001,3936966.8939999994,True,False,True,PP (pink),plastic,polymer,PP,PP (pink),PP (pink)
c_23,178,c_23-178,MAYP1114611__177__03778.txt,continuous_spectra,pp_pink,2025-07-10,12098122.0,3936966.8939999994,True,False,True,PP (pink),plastic,polymer,PP,PP (pink),PP (pink)
c_23,179,c_23-179,MAYP1114611__178__03779.txt,continuous_spectra,pp_pink,2025-07-10,11380653.44,3936966.8939999994,True,False,True,PP (pink),plastic,polymer,PP,PP (pink),PP (pink)
c_23,180,c_23-180,MAYP1114611__179__03780.txt,continuous_spectra,pp_pink,2025-07-10,9893012.56,3936966.8939999994,True,False,True,PP (pink),plastic,polymer,PP,PP (pink),PP (pink)
c_23,181,c_23-181,MAYP1114611__180__03781.txt,continuous_spectra,pp_pink,2025-07-10,10606501.56,3936966.8939999994,True,False,True,PP (pink),plastic,polymer,PP,PP (pink),PP (pink)
c_23,182,c_23-182,MAYP1114611__181__03782.txt,continuous_spectra,pp_pink,2025-07-10,11203060.44,3936966.8939999994,True,False,True,PP (pink),plastic,polymer,PP,PP (pink),PP (pink)
c_23,183,c_23-183,MAYP1114611__182__03783.txt,continuous_spectra,pp_pink,2025-07-10,8447784.559999999,3936966.8939999994,True,False,True,PP (pink),plastic,polymer,PP,PP (pink),PP (pink)
c_23,214,c_23-214,MAYP1114611__213__03814.txt,continuous_spectra,pp_pink,2025-07-10,7689988.440000001,3936966.8939999994,True,False,True,PP (pink),plastic,polymer,PP,PP (pink),PP (pink)
c_23,215,c_23-215,MAYP1114611__214__03815.txt,continuous_spectra,pp_pink,2025-07-10,10007741.56,3936966.8939999994,True,False,True,PP (pink),plastic,polymer,PP,PP (pink),PP (pink)
c_23,216,c_23-216,MAYP1114611__215__03816.txt,continuous_spectra,pp_pink,2025-07-10,6716441.559999999,3936966.8939999994,True,False,True,PP (pink),plastic,polymer,PP,PP (pink),PP (pink)
c_23,217,c_23-217,MAYP1114611__216__03817.txt,continuous_spectra,pp_pink,2025-07-10,7932725.559999999,3936966.8939999994,True,False,True,PP (pink),plastic,polymer,PP,PP (pink),PP (pink)
c_23,218,c_23-218,MAYP1114611__217__03818.txt,continuous_spectra,pp_pink,2025-07-10,7543068.440000001,3936966.8939999994,True,False,True,PP (pink),plastic,polymer,PP,PP (pink),PP (pink)
c_23,219,c_23-219,MAYP1114611__218__03819.txt,continuous_spectra,pp_pink,2025-07-10,8205969.0,3936966.8939999994,True,False,True,PP (pink),plastic,polymer,PP,PP (pink),PP (pink)
c_23,220,c_23-220,MAYP1114611__219__03820.txt,continuous_spectra,pp_pink,2025-07-10,9184152.44,3936966.8939999994,True,False,True,PP (pink),plastic,polymer,PP,PP (pink),PP (pink)
c_23,221,c_23-221,MAYP1114611__220__03821.txt,continuous_spectra,pp_pink,2025-07-10,9711751.44,3936966.8939999994,True,False,True,PP (pink),plastic,polymer,PP,PP (pink),PP (pink)
c_23,222,c_23-222,MAYP1114611__221__03822.txt,continuous_spectra,pp_pink,2025-07-10,4778439.440000001,3936966.8939999994,True,False,True,PP (pink),plastic,polymer,PP,PP (pink),PP (pink)
c_23,226,c_23-226,MAYP1114611__225__03826.txt,continuous_spectra,pp_pink,2025-07-10,6812110.559999999,3936966.8939999994,True,False,True,PP (pink),plastic,polymer,PP,PP (pink),PP (pink)
c_23,227,c_23-227,MAYP1114611__226__03827.txt,continuous_spectra,pp_pink,2025-07-10,8742242.559999999,3936966.8939999994,True,False,True,PP (pink),plastic,polymer,PP,PP (pink),PP (pink)
c_23,228,c_23-228,MAYP1114611__227__03828.txt,continuous_spectra,pp_pink,2025-07-10,6697022.0,3936966.8939999994,True,False,True,PP (pink),plastic,polymer,PP,PP (pink),PP (pink)
c_23,229,c_23-229,MAYP1114611__228__03829.txt,continuous_spectra,pp_pink,2025-07-10,7786570.0,3936966.8939999994,True,False,True,PP (pink),plastic,polymer,PP,PP (pink),PP (pink)
c_23,230,c_23-230,MAYP1114611__229__03830.txt,continuous_spectra,pp_pink,2025-07-10,6082905.559999999,3936966.8939999994,True,False,True,PP (pink),plastic,polymer,PP,PP (pink),PP (pink)
c_23,231,c_23-231,MAYP1114611__230__03831.txt,continuous_spectra,pp_pink,2025-07-10,5850749.440000001,3936966.8939999994,True,False,True,PP (pink),plastic,polymer,PP,PP (pink),PP (pink)
c_23,232,c_23-232,MAYP1114611__231__03832.txt,continuous_spectra,pp_pink,2025-07-10,8495292.0,3936966.8939999994,True,False,True,PP (pink),plastic,polymer,PP,PP (pink),PP (pink)
c_23,233,c_23-233,MAYP1114611__232__03833.txt,continuous_spectra,pp_pink,2025-07-10,5134439.440000001,3936966.8939999994,True,False,True,PP (pink),plastic,polymer,PP,PP (pink),PP (pink)
c_23,236,c_23-236,MAYP1114611__235__03836.txt,continuous_spectra,pp_pink,2025-07-10,4925343.440000001,3936966.8939999994,True,False,True,PP (pink),plastic,polymer,PP,PP (pink),PP (pink)
c_23,237,c_23-237,MAYP1114611__236__03837.txt,continuous_spectra,pp_pink,2025-07-10,10720880.0,3936966.8939999994,True,False,True,PP (pink),plastic,polymer,PP,PP (pink),PP (pink)
c_23,238,c_23-238,MAYP1114611__237__03838.txt,continuous_spectra,pp_pink,2025-07-10,10191918.56,3936966.8939999994,True,False,True,PP (pink),plastic,polymer,PP,PP (pink),PP (pink)
c_23,239,c_23-239,MAYP1114611__238__03839.txt,continuous_spectra,pp_pink,2025-07-10,11048544.44,3936966.8939999994,True,False,True,PP (pink),plastic,polymer,PP,PP (pink),PP (pink)
c_23,240,c_23-240,MAYP1114611__239__03840.txt,continuous_spectra,pp_pink,2025-07-10,11476393.56,3936966.8939999994,True,False,True,PP (pink),plastic,polymer,PP,PP (pink),PP (pink)
c_23,241,c_23-241,MAYP1114611__240__03841.txt,continuous_spectra,pp_pink,2025-07-10,10890381.56,3936966.8939999994,True,False,True,PP (pink),plastic,polymer,PP,PP (pink),PP (pink)
c_23,242,c_23-242,MAYP1114611__241__03842.txt,continuous_spectra,pp_pink,2025-07-10,11663855.56,3936966.8939999994,True,False,True,PP (pink),plastic,polymer,PP,PP (pink),PP (pink)
c_23,243,c_23-243,MAYP1114611__242__03843.txt,continuous_spectra,pp_pink,2025-07-10,11983002.44,3936966.8939999994,True,False,True,PP (pink),plastic,polymer,PP,PP (pink),PP (pink)
c_23,244,c_23-244,MAYP1114611__243__03844.txt,continuous_spectra,pp_pink,2025-07-10,4699879.0,3936966.8939999994,True,False,True,PP (pink),plastic,polymer,PP,PP (pink),PP (pink)
c_23,247,c_23-247,MAYP1114611__246__03847.txt,continuous_spectra,pp_pink,2025-07-10,4573244.559999999,3936966.8939999994,True,False,True,PP (pink),plastic,polymer,PP,PP (pink),PP (pink)
c_23,248,c_23-248,MAYP1114611__247__03848.txt,continuous_spectra,pp_pink,2025-07-10,7132713.0,3936966.8939999994,True,False,True,PP (pink),plastic,polymer,PP,PP (pink),PP (pink)
c_23,249,c_23-249,MAYP1114611__248__03849.txt,continuous_spectra,pp_pink,2025-07-10,9121664.0,3936966.8939999994,True,False,True,PP (pink),plastic,polymer,PP,PP (pink),PP (pink)
c_23,250,c_23-250,MAYP1114611__249__03850.txt,continuous_spectra,pp_pink,2025-07-10,10527959.44,3936966.8939999994,True,False,True,PP (pink),plastic,polymer,PP,PP (pink),PP (pink)
c_23,251,c_23-251,MAYP1114611__250__03851.txt,continuous_spectra,pp_pink,2025-07-10,9938713.44,3936966.8939999994,True,False,True,PP (pink),plastic,polymer,PP,PP (pink),PP (pink)
c_23,252,c_23-252,MAYP1114611__251__03852.txt,continuous_spectra,pp_pink,2025-07-10,10696285.56,3936966.8939999994,True,False,True,PP (pink),plastic,polymer,PP,PP (pink),PP (pink)
c_23,253,c_23-253,MAYP1114611__252__03853.txt,continuous_spectra,pp_pink,2025-07-10,13225885.56,3936966.8939999994,True,False,True,PP (pink),plastic,polymer,PP,PP (pink),PP (pink)
c_23,254,c_23-254,MAYP1114611__253__03854.txt,continuous_spectra,pp_pink,2025-07-10,8522716.0,3936966.8939999994,True,False,True,PP (pink),plastic,polymer,PP,PP (pink),PP (pink)
c_23,258,c_23-258,MAYP1114611__257__03858.txt,continuous_spectra,pp_pink,2025-07-10,6773951.559999999,3936966.8939999994,True,False,True,PP (pink),plastic,polymer,PP,PP (pink),PP (pink)
c_23,259,c_23-259,MAYP1114611__258__03859.txt,continuous_spectra,pp_pink,2025-07-10,12738175.44,3936966.8939999994,True,False,True,PP (pink),plastic,polymer,PP,PP (pink),PP (pink)
c_23,260,c_23-260,MAYP1114611__259__03860.txt,continuous_spectra,pp_pink,2025-07-10,10253412.0,3936966.8939999994,True,False,True,PP (pink),plastic,polymer,PP,PP (pink),PP (pink)
c_23,261,c_23-261,MAYP1114611__260__03861.txt,continuous_spectra,pp_pink,2025-07-10,11640020.56,3936966.8939999994,True,False,True,PP (pink),plastic,polymer,PP,PP (pink),PP (pink)
c_23,262,c_23-262,MAYP1114611__261__03862.txt,continuous_spectra,pp_pink,2025-07-10,11219937.0,3936966.8939999994,True,False,True,PP (pink),plastic,polymer,PP,PP (pink),PP (pink)
c_23,263,c_23-263,MAYP1114611__262__03863.txt,continuous_spectra,pp_pink,2025-07-10,10354538.44,3936966.8939999994,True,False,True,PP (pink),plastic,polymer,PP,PP (pink),PP (pink)
c_23,264,c_23-264,MAYP1114611__263__03864.txt,continuous_spectra,pp_pink,2025-07-10,9154119.0,3936966.8939999994,True,False,True,PP (pink),plastic,polymer,PP,PP (pink),PP (pink)
c_23,265,c_23-265,MAYP1114611__264__03865.txt,continuous_spectra,pp_pink,2025-07-10,7686015.440000001,3936966.8939999994,True,False,True,PP (pink),plastic,polymer,PP,PP (pink),PP (pink)
c_23,269,c_23-269,MAYP1114611__268__03869.txt,continuous_spectra,pp_pink,2025-07-10,5360880.440000001,3936966.8939999994,True,False,True,PP (pink),plastic,polymer,PP,PP (pink),PP (pink)
c_23,270,c_23-270,MAYP1114611__269__03870.txt,continuous_spectra,pp_pink,2025-07-10,9643921.56,3936966.8939999994,True,False,True,PP (pink),plastic,polymer,PP,PP (pink),PP (pink)
c_23,271,c_23-271,MAYP1114611__270__03871.txt,continuous_spectra,pp_pink,2025-07-10,11835186.0,3936966.8939999994,True,False,True,PP (pink),plastic,polymer,PP,PP (pink),PP (pink)
c_23,272,c_23-272,MAYP1114611__271__03872.txt,continuous_spectra,pp_pink,2025-07-10,11830821.0,3936966.8939999994,True,False,True,PP (pink),plastic,polymer,PP,PP (pink),PP (pink)
c_23,273,c_23-273,MAYP1114611__272__03873.txt,continuous_spectra,pp_pink,2025-07-10,10157652.0,3936966.8939999994,True,False,True,PP (pink),plastic,polymer,PP,PP (pink),PP (pink)
c_23,274,c_23-274,MAYP1114611__273__03874.txt,continuous_spectra,pp_pink,2025-07-10,12514561.56,3936966.8939999994,True,False,True,PP (pink),plastic,polymer,PP,PP (pink),PP (pink)
c_23,275,c_23-275,MAYP1114611__274__03875.txt,continuous_spectra,pp_pink,2025-07-10,10215318.44,3936966.8939999994,True,False,True,PP (pink),plastic,polymer,PP,PP (pink),PP (pink)
c_23,276,c_23-276,MAYP1114611__275__03876.txt,continuous_spectra,pp_pink,2025-07-10,4566161.559999999,3936966.8939999994,True,False,True,PP (pink),plastic,polymer,PP,PP (pink),PP (pink)
c_24,28,c_24-028,MAYP1114611__27__03928.txt,continuous_spectra,pp_pink,2025-07-10,5673261.440000001,4265095.506000001,True,False,True,PP (pink),plastic,polymer,PP,PP (pink),PP (pink)
c_24,29,c_24-029,MAYP1114611__28__03929.txt,continuous_spectra,pp_pink,2025-07-10,7248791.559999999,4265095.506000001,True,False,True,PP (pink),plastic,polymer,PP,PP (pink),PP (pink)
c_24,30,c_24-030,MAYP1114611__29__03930.txt,continuous_spectra,pp_pink,2025-07-10,7894092.440000001,4265095.506000001,True,False,True,PP (pink),plastic,polymer,PP,PP (pink),PP (pink)
c_24,31,c_24-031,MAYP1114611__30__03931.txt,continuous_spectra,pp_pink,2025-07-10,10616520.44,4265095.506000001,True,False,True,PP (pink),plastic,polymer,PP,PP (pink),PP (pink)
c_24,32,c_24-032,MAYP1114611__31__03932.txt,continuous_spectra,pp_pink,2025-07-10,10887495.0,4265095.506000001,True,False,True,PP (pink),plastic,polymer,PP,PP (pink),PP (pink)
c_24,33,c_24-033,MAYP1114611__32__03933.txt,continuous_spectra,pp_pink,2025-07-10,9244983.56,4265095.506000001,True,False,True,PP (pink),plastic,polymer,PP,PP (pink),PP (pink)
c_24,34,c_24-034,MAYP1114611__33__03934.txt,continuous_spectra,pp_pink,2025-07-10,8767967.440000001,4265095.506000001,True,False,True,PP (pink),plastic,polymer,PP,PP (pink),PP (pink)
c_24,35,c_24-035,MAYP1114611__34__03935.txt,continuous_spectra,pp_pink,2025-07-10,8839417.440000001,4265095.506000001,True,False,True,PP (pink),plastic,polymer,PP,PP (pink),PP (pink)
c_24,36,c_24-036,MAYP1114611__35__03936.txt,continuous_spectra,pp_pink,2025-07-10,4961025.0,4265095.506000001,True,False,True,PP (pink),plastic,polymer,PP,PP (pink),PP (pink)
c_24,39,c_24-039,MAYP1114611__38__03939.txt,continuous_spectra,pp_pink,2025-07-10,4502490.440000001,4265095.506000001,True,False,True,PP (pink),plastic,polymer,PP,PP (pink),PP (pink)
c_24,40,c_24-040,MAYP1114611__39__03940.txt,continuous_spectra,pp_pink,2025-07-10,8639354.559999999,4265095.506000001,True,False,True,PP (pink),plastic,polymer,PP,PP (pink),PP (pink)
c_24,41,c_24-041,MAYP1114611__40__03941.txt,continuous_spectra,pp_pink,2025-07-10,10104898.56,4265095.506000001,True,False,True,PP (pink),plastic,polymer,PP,PP (pink),PP (pink)
c_24,42,c_24-042,MAYP1114611__41__03942.txt,continuous_spectra,pp_pink,2025-07-10,11243107.56,4265095.506000001,True,False,True,PP (pink),plastic,polymer,PP,PP (pink),PP (pink)
c_24,43,c_24-043,MAYP1114611__42__03943.txt,continuous_spectra,pp_pink,2025-07-10,10373100.0,4265095.506000001,True,False,True,PP (pink),plastic,polymer,PP,PP (pink),PP (pink)
c_24,44,c_24-044,MAYP1114611__43__03944.txt,continuous_spectra,pp_pink,2025-07-10,11412271.56,4265095.506000001,True,False,True,PP (pink),plastic,polymer,PP,PP (pink),PP (pink)
c_24,45,c_24-045,MAYP1114611__44__03945.txt,continuous_spectra,pp_pink,2025-07-10,10894478.56,4265095.506000001,True,False,True,PP (pink),plastic,polymer,PP,PP (pink),PP (pink)
c_24,46,c_24-046,MAYP1114611__45__03946.txt,continuous_spectra,pp_pink,2025-07-10,8369873.0,4265095.506000001,True,False,True,PP (pink),plastic,polymer,PP,PP (pink),PP (pink)
c_24,51,c_24-051,MAYP1114611__50__03951.txt,continuous_spectra,pp_pink,2025-07-10,8866729.0,4265095.506000001,True,False,True,PP (pink),plastic,polymer,PP,PP (pink),PP (pink)
c_24,52,c_24-052,MAYP1114611__51__03952.txt,continuous_spectra,pp_pink,2025-07-10,9862833.44,4265095.506000001,True,False,True,PP (pink),plastic,polymer,PP,PP (pink),PP (pink)
c_24,53,c_24-053,MAYP1114611__52__03953.txt,continuous_spectra,pp_pink,2025-07-10,10254236.44,4265095.506000001,True,False,True,PP (pink),plastic,polymer,PP,PP (pink),PP (pink)
c_24,54,c_24-054,MAYP1114611__53__03954.txt,continuous_spectra,pp_pink,2025-07-10,11122429.56,4265095.506000001,True,False,True,PP (pink),plastic,polymer,PP,PP (pink),PP (pink)
c_24,55,c_24-055,MAYP1114611__54__03955.txt,continuous_spectra,pp_pink,2025-07-10,8321463.0,4265095.506000001,True,False,True,PP (pink),plastic,polymer,PP,PP (pink),PP (pink)
c_24,56,c_24-056,MAYP1114611__55__03956.txt,continuous_spectra,pp_pink,2025-07-10,10999706.44,4265095.506000001,True,False,True,PP (pink),plastic,polymer,PP,PP (pink),PP (pink)
c_24,57,c_24-057,MAYP1114611__56__03957.txt,continuous_spectra,pp_pink,2025-07-10,5635747.0,4265095.506000001,True,False,True,PP (pink),plastic,polymer,PP,PP (pink),PP (pink)
c_24,62,c_24-062,MAYP1114611__61__03962.txt,continuous_spectra,pp_pink,2025-07-10,8233785.559999999,4265095.506000001,True,False,True,PP (pink),plastic,polymer,PP,PP (pink),PP (pink)
c_24,63,c_24-063,MAYP1114611__62__03963.txt,continuous_spectra,pp_pink,2025-07-10,9622429.56,4265095.506000001,True,False,True,PP (pink),plastic,polymer,PP,PP (pink),PP (pink)
c_24,64,c_24-064,MAYP1114611__63__03964.txt,continuous_spectra,pp_pink,2025-07-10,9313966.56,4265095.506000001,True,False,True,PP (pink),plastic,polymer,PP,PP (pink),PP (pink)
c_24,65,c_24-065,MAYP1114611__64__03965.txt,continuous_spectra,pp_pink,2025-07-10,8794090.559999999,4265095.506000001,True,False,True,PP (pink),plastic,polymer,PP,PP (pink),PP (pink)
c_24,66,c_24-066,MAYP1114611__65__03966.txt,continuous_spectra,pp_pink,2025-07-10,11169513.56,4265095.506000001,True,False,True,PP (pink),plastic,polymer,PP,PP (pink),PP (pink)
c_24,67,c_24-067,MAYP1114611__66__03967.txt,continuous_spectra,pp_pink,2025-07-10,12130662.44,4265095.506000001,True,False,True,PP (pink),plastic,polymer,PP,PP (pink),PP (pink)
c_24,68,c_24-068,MAYP1114611__67__03968.txt,continuous_spectra,pp_pink,2025-07-10,6087516.559999999,4265095.506000001,True,False,True,PP (pink),plastic,polymer,PP,PP (pink),PP (pink)
c_24,72,c_24-072,MAYP1114611__71__03972.txt,continuous_spectra,pp_pink,2025-07-10,5001501.0,4265095.506000001,True,False,True,PP (pink),plastic,polymer,PP,PP (pink),PP (pink)
c_24,73,c_24-073,MAYP1114611__72__03973.txt,continuous_spectra,pp_pink,2025-07-10,6482134.559999999,4265095.506000001,True,False,True,PP (pink),plastic,polymer,PP,PP (pink),PP (pink)
c_24,74,c_24-074,MAYP1114611__73__03974.txt,continuous_spectra,pp_pink,2025-07-10,5140051.0,4265095.506000001,True,False,True,PP (pink),plastic,polymer,PP,PP (pink),PP (pink)
c_24,75,c_24-075,MAYP1114611__74__03975.txt,continuous_spectra,pp_pink,2025-07-10,5651039.440000001,4265095.506000001,True,False,True,PP (pink),plastic,polymer,PP,PP (pink),PP (pink)
c_24,76,c_24-076,MAYP1114611__75__03976.txt,continuous_spectra,pp_pink,2025-07-10,6302527.440000001,4265095.506000001,True,False,True,PP (pink),plastic,polymer,PP,PP (pink),PP (pink)
c_24,77,c_24-077,MAYP1114611__76__03977.txt,continuous_spectra,pp_pink,2025-07-10,7287985.559999999,4265095.506000001,True,False,True,PP (pink),plastic,polymer,PP,PP (pink),PP (pink)
c_24,78,c_24-078,MAYP1114611__77__03978.txt,continuous_spectra,pp_pink,2025-07-10,5831628.0,4265095.506000001,True,False,True,PP (pink),plastic,polymer,PP,PP (pink),PP (pink)
c_24,79,c_24-079,MAYP1114611__78__03979.txt,continuous_spectra,pp_pink,2025-07-10,5503740.0,4265095.506000001,True,False,True,PP (pink),plastic,polymer,PP,PP (pink),PP (pink)
c_24,83,c_24-083,MAYP1114611__82__03983.txt,continuous_spectra,pp_pink,2025-07-10,5469911.440000001,4265095.506000001,True,False,True,PP (pink),plastic,polymer,PP,PP (pink),PP (pink)
c_24,84,c_24-084,MAYP1114611__83__03984.txt,continuous_spectra,pp_pink,2025-07-10,12045246.56,4265095.506000001,True,False,True,PP (pink),plastic,polymer,PP,PP (pink),PP (pink)
c_24,85,c_24-085,MAYP1114611__84__03985.txt,continuous_spectra,pp_pink,2025-07-10,12072741.56,4265095.506000001,True,False,True,PP (pink),plastic,polymer,PP,PP (pink),PP (pink)
c_24,86,c_24-086,MAYP1114611__85__03986.txt,continuous_spectra,pp_pink,2025-07-10,9813569.0,4265095.506000001,True,False,True,PP (pink),plastic,polymer,PP,PP (pink),PP (pink)
c_24,87,c_24-087,MAYP1114611__86__03987.txt,continuous_spectra,pp_pink,2025-07-10,8002790.440000001,4265095.506000001,True,False,True,PP (pink),plastic,polymer,PP,PP (pink),PP (pink)
c_24,88,c_24-088,MAYP1114611__87__03988.txt,continuous_spectra,pp_pink,2025-07-10,7421710.559999999,4265095.506000001,True,False,True,PP (pink),plastic,polymer,PP,PP (pink),PP (pink)
c_24,89,c_24-089,MAYP1114611__88__03989.txt,continuous_spectra,pp_pink,2025-07-10,10087279.44,4265095.506000001,True,False,True,PP (pink),plastic,polymer,PP,PP (pink),PP (pink)
c_24,90,c_24-090,MAYP1114611__89__03990.txt,continuous_spectra,pp_pink,2025-07-10,8321184.559999999,4265095.506000001,True,False,True,PP (pink),plastic,polymer,PP,PP (pink),PP (pink)
c_24,121,c_24-121,MAYP1114611__120__04021.txt,continuous_spectra,pp_pink,2025-07-10,6558247.559999999,4265095.506000001,True,False,True,PP (pink),plastic,polymer,PP,PP (pink),PP (pink)
c_24,122,c_24-122,MAYP1114611__121__04022.txt,continuous_spectra,pp_pink,2025-07-10,5238818.559999999,4265095.506000001,True,False,True,PP (pink),plastic,polymer,PP,PP (pink),PP (pink)
c_24,123,c_24-123,MAYP1114611__122__04023.txt,continuous_spectra,pp_pink,2025-07-10,6869253.559999999,4265095.506000001,True,False,True,PP (pink),plastic,polymer,PP,PP (pink),PP (pink)
c_24,124,c_24-124,MAYP1114611__123__04024.txt,continuous_spectra,pp_pink,2025-07-10,7658223.440000001,4265095.506000001,True,False,True,PP (pink),plastic,polymer,PP,PP (pink),PP (pink)
c_24,125,c_24-125,MAYP1114611__124__04025.txt,continuous_spectra,pp_pink,2025-07-10,9799616.0,4265095.506000001,True,False,True,PP (pink),plastic,polymer,PP,PP (pink),PP (pink)
c_24,126,c_24-126,MAYP1114611__125__04026.txt,continuous_spectra,pp_pink,2025-07-10,9180056.56,4265095.506000001,True,False,True,PP (pink),plastic,polymer,PP,PP (pink),PP (pink)
c_24,127,c_24-127,MAYP1114611__126__04027.txt,continuous_spectra,pp_pink,2025-07-10,9830297.44,4265095.506000001,True,False,True,PP (pink),plastic,polymer,PP,PP (pink),PP (pink)
c_24,128,c_24-128,MAYP1114611__127__04028.txt,continuous_spectra,pp_pink,2025-07-10,6897493.440000001,4265095.506000001,True,False,True,PP (pink),plastic,polymer,PP,PP (pink),PP (pink)
c_24,129,c_24-129,MAYP1114611__128__04029.txt,continuous_spectra,pp_pink,2025-07-10,6835951.0,4265095.506000001,True,False,True,PP (pink),plastic,polymer,PP,PP (pink),PP (pink)
c_24,131,c_24-131,MAYP1114611__130__04031.txt,continuous_spectra,pp_pink,2025-07-10,4351618.0,4265095.506000001,True,False,True,PP (pink),plastic,polymer,PP,PP (pink),PP (pink)
c_24,132,c_24-132,MAYP1114611__131__04032.txt,continuous_spectra,pp_pink,2025-07-10,10206131.56,4265095.506000001,True,False,True,PP (pink),plastic,polymer,PP,PP (pink),PP (pink)
c_24,133,c_24-133,MAYP1114611__132__04033.txt,continuous_spectra,pp_pink,2025-07-10,11532176.56,4265095.506000001,True,False,True,PP (pink),plastic,polymer,PP,PP (pink),PP (pink)
c_24,134,c_24-134,MAYP1114611__133__04034.txt,continuous_spectra,pp_pink,2025-07-10,13286374.0,4265095.506000001,True,False,True,PP (pink),plastic,polymer,PP,PP (pink),PP (pink)
c_24,135,c_24-135,MAYP1114611__134__04035.txt,continuous_spectra,pp_pink,2025-07-10,11518267.56,4265095.506000001,True,False,True,PP (pink),plastic,polymer,PP,PP (pink),PP (pink)
c_24,136,c_24-136,MAYP1114611__135__04036.txt,continuous_spectra,pp_pink,2025-07-10,8579416.440000001,4265095.506000001,True,False,True,PP (pink),plastic,polymer,PP,PP (pink),PP (pink)
c_24,137,c_24-137,MAYP1114611__136__04037.txt,continuous_spectra,pp_pink,2025-07-10,7602120.0,4265095.506000001,True,False,True,PP (pink),plastic,polymer,PP,PP (pink),PP (pink)
c_24,138,c_24-138,MAYP1114611__137__04038.txt,continuous_spectra,pp_pink,2025-07-10,9226829.56,4265095.506000001,True,False,True,PP (pink),plastic,polymer,PP,PP (pink),PP (pink)
c_24,139,c_24-139,MAYP1114611__138__04039.txt,continuous_spectra,pp_pink,2025-07-10,10293484.0,4265095.506000001,True,False,True,PP (pink),plastic,polymer,PP,PP (pink),PP (pink)
c_24,143,c_24-143,MAYP1114611__142__04043.txt,continuous_spectra,pp_pink,2025-07-10,10723943.44,4265095.506000001,True,False,True,PP (pink),plastic,polymer,PP,PP (pink),PP (pink)
c_24,144,c_24-144,MAYP1114611__143__04044.txt,continuous_spectra,pp_pink,2025-07-10,11260399.56,4265095.506000001,True,False,True,PP (pink),plastic,polymer,PP,PP (pink),PP (pink)
c_24,145,c_24-145,MAYP1114611__144__04045.txt,continuous_spectra,pp_pink,2025-07-10,10039546.44,4265095.506000001,True,False,True,PP (pink),plastic,polymer,PP,PP (pink),PP (pink)
c_24,146,c_24-146,MAYP1114611__145__04046.txt,continuous_spectra,pp_pink,2025-07-10,7765048.559999999,4265095.506000001,True,False,True,PP (pink),plastic,polymer,PP,PP (pink),PP (pink)
c_24,147,c_24-147,MAYP1114611__146__04047.txt,continuous_spectra,pp_pink,2025-07-10,7153505.559999999,4265095.506000001,True,False,True,PP (pink),plastic,polymer,PP,PP (pink),PP (pink)
c_24,148,c_24-148,MAYP1114611__147__04048.txt,continuous_spectra,pp_pink,2025-07-10,8552451.559999999,4265095.506000001,True,False,True,PP (pink),plastic,polymer,PP,PP (pink),PP (pink)
c_24,149,c_24-149,MAYP1114611__148__04049.txt,continuous_spectra,pp_pink,2025-07-10,10065615.44,4265095.506000001,True,False,True,PP (pink),plastic,polymer,PP,PP (pink),PP (pink)
c_24,150,c_24-150,MAYP1114611__149__04050.txt,continuous_spectra,pp_pink,2025-07-10,11932851.56,4265095.506000001,True,False,True,PP (pink),plastic,polymer,PP,PP (pink),PP (pink)
c_24,151,c_24-151,MAYP1114611__150__04051.txt,continuous_spectra,pp_pink,2025-07-10,6551439.440000001,4265095.506000001,True,False,True,PP (pink),plastic,polymer,PP,PP (pink),PP (pink)
c_24,154,c_24-154,MAYP1114611__153__04054.txt,continuous_spectra,pp_pink,2025-07-10,10380560.56,4265095.506000001,True,False,True,PP (pink),plastic,polymer,PP,PP (pink),PP (pink)
c_24,155,c_24-155,MAYP1114611__154__04055.txt,continuous_spectra,pp_pink,2025-07-10,9957778.0,4265095.506000001,True,False,True,PP (pink),plastic,polymer,PP,PP (pink),PP (pink)
c_24,156,c_24-156,MAYP1114611__155__04056.txt,continuous_spectra,pp_pink,2025-07-10,12396279.56,4265095.506000001,True,False,True,PP (pink),plastic,polymer,PP,PP (pink),PP (pink)
c_24,157,c_24-157,MAYP1114611__156__04057.txt,continuous_spectra,pp_pink,2025-07-10,9613508.44,4265095.506000001,True,False,True,PP (pink),plastic,polymer,PP,PP (pink),PP (pink)
c_24,158,c_24-158,MAYP1114611__157__04058.txt,continuous_spectra,pp_pink,2025-07-10,8847189.0,4265095.506000001,True,False,True,PP (pink),plastic,polymer,PP,PP (pink),PP (pink)
c_24,159,c_24-159,MAYP1114611__158__04059.txt,continuous_spectra,pp_pink,2025-07-10,12539102.44,4265095.506000001,True,False,True,PP (pink),plastic,polymer,PP,PP (pink),PP (pink)
c_24,160,c_24-160,MAYP1114611__159__04060.txt,continuous_spectra,pp_pink,2025-07-10,11864247.56,4265095.506000001,True,False,True,PP (pink),plastic,polymer,PP,PP (pink),PP (pink)
c_24,161,c_24-161,MAYP1114611__160__04061.txt,continuous_spectra,pp_pink,2025-07-10,7419120.559999999,4265095.506000001,True,False,True,PP (pink),plastic,polymer,PP,PP (pink),PP (pink)
c_24,165,c_24-165,MAYP1114611__164__04065.txt,continuous_spectra,pp_pink,2025-07-10,9719839.56,4265095.506000001,True,False,True,PP (pink),plastic,polymer,PP,PP (pink),PP (pink)
c_24,166,c_24-166,MAYP1114611__165__04066.txt,continuous_spectra,pp_pink,2025-07-10,10441906.56,4265095.506000001,True,False,True,PP (pink),plastic,polymer,PP,PP (pink),PP (pink)
c_24,167,c_24-167,MAYP1114611__166__04067.txt,continuous_spectra,pp_pink,2025-07-10,8529649.440000001,4265095.506000001,True,False,True,PP (pink),plastic,polymer,PP,PP (pink),PP (pink)
c_24,168,c_24-168,MAYP1114611__167__04068.txt,continuous_spectra,pp_pink,2025-07-10,8919005.559999999,4265095.506000001,True,False,True,PP (pink),plastic,polymer,PP,PP (pink),PP (pink)
c_24,169,c_24-169,MAYP1114611__168__04069.txt,continuous_spectra,pp_pink,2025-07-10,9676256.0,4265095.506000001,True,False,True,PP (pink),plastic,polymer,PP,PP (pink),PP (pink)
c_24,170,c_24-170,MAYP1114611__169__04070.txt,continuous_spectra,pp_pink,2025-07-10,9434296.0,4265095.506000001,True,False,True,PP (pink),plastic,polymer,PP,PP (pink),PP (pink)
c_24,171,c_24-171,MAYP1114611__170__04071.txt,continuous_spectra,pp_pink,2025-07-10,9329394.44,4265095.506000001,True,False,True,PP (pink),plastic,polymer,PP,PP (pink),PP (pink)
c_24,172,c_24-172,MAYP1114611__171__04072.txt,continuous_spectra,pp_pink,2025-07-10,9386355.44,4265095.506000001,True,False,True,PP (pink),plastic,polymer,PP,PP (pink),PP (pink)
c_24,176,c_24-176,MAYP1114611__175__04076.txt,continuous_spectra,pp_pink,2025-07-10,4372388.559999999,4265095.506000001,True,False,True,PP (pink),plastic,polymer,PP,PP (pink),PP (pink)
c_24,177,c_24-177,MAYP1114611__176__04077.txt,continuous_spectra,pp_pink,2025-07-10,11115719.56,4265095.506000001,True,False,True,PP (pink),plastic,polymer,PP,PP (pink),PP (pink)
c_24,178,c_24-178,MAYP1114611__177__04078.txt,continuous_spectra,pp_pink,2025-07-10,11397341.56,4265095.506000001,True,False,True,PP (pink),plastic,polymer,PP,PP (pink),PP (pink)
c_24,179,c_24-179,MAYP1114611__178__04079.txt,continuous_spectra,pp_pink,2025-07-10,11265648.0,4265095.506000001,True,False,True,PP (pink),plastic,polymer,PP,PP (pink),PP (pink)
c_24,180,c_24-180,MAYP1114611__179__04080.txt,continuous_spectra,pp_pink,2025-07-10,9343057.56,4265095.506000001,True,False,True,PP (pink),plastic,polymer,PP,PP (pink),PP (pink)
c_24,181,c_24-181,MAYP1114611__180__04081.txt,continuous_spectra,pp_pink,2025-07-10,9876955.0,4265095.506000001,True,False,True,PP (pink),plastic,polymer,PP,PP (pink),PP (pink)
c_24,182,c_24-182,MAYP1114611__181__04082.txt,continuous_spectra,pp_pink,2025-07-10,9015582.0,4265095.506000001,True,False,True,PP (pink),plastic,polymer,PP,PP (pink),PP (pink)
c_24,183,c_24-183,MAYP1114611__182__04083.txt,continuous_spectra,pp_pink,2025-07-10,4775936.0,4265095.506000001,True,False,True,PP (pink),plastic,polymer,PP,PP (pink),PP (pink)
c_24,214,c_24-214,MAYP1114611__213__04114.txt,continuous_spectra,pp_pink,2025-07-10,9959884.44,4265095.506000001,True,False,True,PP (pink),plastic,polymer,PP,PP (pink),PP (pink)
c_24,215,c_24-215,MAYP1114611__214__04115.txt,continuous_spectra,pp_pink,2025-07-10,8862297.0,4265095.506000001,True,False,True,PP (pink),plastic,polymer,PP,PP (pink),PP (pink)
c_24,216,c_24-216,MAYP1114611__215__04116.txt,continuous_spectra,pp_pink,2025-07-10,7613203.0,4265095.506000001,True,False,True,PP (pink),plastic,polymer,PP,PP (pink),PP (pink)
c_24,217,c_24-217,MAYP1114611__216__04117.txt,continuous_spectra,pp_pink,2025-07-10,6687759.559999999,4265095.506000001,True,False,True,PP (pink),plastic,polymer,PP,PP (pink),PP (pink)
c_24,218,c_24-218,MAYP1114611__217__04118.txt,continuous_spectra,pp_pink,2025-07-10,6546064.559999999,4265095.506000001,True,False,True,PP (pink),plastic,polymer,PP,PP (pink),PP (pink)
c_24,219,c_24-219,MAYP1114611__218__04119.txt,continuous_spectra,pp_pink,2025-07-10,8578477.440000001,4265095.506000001,True,False,True,PP (pink),plastic,polymer,PP,PP (pink),PP (pink)
c_24,220,c_24-220,MAYP1114611__219__04120.txt,continuous_spectra,pp_pink,2025-07-10,7196732.559999999,4265095.506000001,True,False,True,PP (pink),plastic,polymer,PP,PP (pink),PP (pink)
c_24,221,c_24-221,MAYP1114611__220__04121.txt,continuous_spectra,pp_pink,2025-07-10,6072662.0,4265095.506000001,True,False,True,PP (pink),plastic,polymer,PP,PP (pink),PP (pink)
c_24,225,c_24-225,MAYP1114611__224__04125.txt,continuous_spectra,pp_pink,2025-07-10,7202673.440000001,4265095.506000001,True,False,True,PP (pink),plastic,polymer,PP,PP (pink),PP (pink)
c_24,226,c_24-226,MAYP1114611__225__04126.txt,continuous_spectra,pp_pink,2025-07-10,9735321.44,4265095.506000001,True,False,True,PP (pink),plastic,polymer,PP,PP (pink),PP (pink)
c_24,227,c_24-227,MAYP1114611__226__04127.txt,continuous_spectra,pp_pink,2025-07-10,7362664.440000001,4265095.506000001,True,False,True,PP (pink),plastic,polymer,PP,PP (pink),PP (pink)
c_24,228,c_24-228,MAYP1114611__227__04128.txt,continuous_spectra,pp_pink,2025-07-10,6166174.440000001,4265095.506000001,True,False,True,PP (pink),plastic,polymer,PP,PP (pink),PP (pink)
c_24,229,c_24-229,MAYP1114611__228__04129.txt,continuous_spectra,pp_pink,2025-07-10,8019269.0,4265095.506000001,True,False,True,PP (pink),plastic,polymer,PP,PP (pink),PP (pink)
c_24,230,c_24-230,MAYP1114611__229__04130.txt,continuous_spectra,pp_pink,2025-07-10,8555547.559999999,4265095.506000001,True,False,True,PP (pink),plastic,polymer,PP,PP (pink),PP (pink)
c_24,231,c_24-231,MAYP1114611__230__04131.txt,continuous_spectra,pp_pink,2025-07-10,8637365.559999999,4265095.506000001,True,False,True,PP (pink),plastic,polymer,PP,PP (pink),PP (pink)
c_24,232,c_24-232,MAYP1114611__231__04132.txt,continuous_spectra,pp_pink,2025-07-10,7211605.559999999,4265095.506000001,True,False,True,PP (pink),plastic,polymer,PP,PP (pink),PP (pink)
c_24,236,c_24-236,MAYP1114611__235__04136.txt,continuous_spectra,pp_pink,2025-07-10,10011331.56,4265095.506000001,True,False,True,PP (pink),plastic,polymer,PP,PP (pink),PP (pink)
c_24,237,c_24-237,MAYP1114611__236__04137.txt,continuous_spectra,pp_pink,2025-07-10,11064334.44,4265095.506000001,True,False,True,PP (pink),plastic,polymer,PP,PP (pink),PP (pink)
c_24,238,c_24-238,MAYP1114611__237__04138.txt,continuous_spectra,pp_pink,2025-07-10,11013513.0,4265095.506000001,True,False,True,PP (pink),plastic,polymer,PP,PP (pink),PP (pink)
c_24,239,c_24-239,MAYP1114611__238__04139.txt,continuous_spectra,pp_pink,2025-07-10,11311933.44,4265095.506000001,True,False,True,PP (pink),plastic,polymer,PP,PP (pink),PP (pink)
c_24,240,c_24-240,MAYP1114611__239__04140.txt,continuous_spectra,pp_pink,2025-07-10,11039414.56,4265095.506000001,True,False,True,PP (pink),plastic,polymer,PP,PP (pink),PP (pink)
c_24,241,c_24-241,MAYP1114611__240__04141.txt,continuous_spectra,pp_pink,2025-07-10,10083365.0,4265095.506000001,True,False,True,PP (pink),plastic,polymer,PP,PP (pink),PP (pink)
c_24,242,c_24-242,MAYP1114611__241__04142.txt,continuous_spectra,pp_pink,2025-07-10,10186483.56,4265095.506000001,True,False,True,PP (pink),plastic,polymer,PP,PP (pink),PP (pink)
c_24,243,c_24-243,MAYP1114611__242__04143.txt,continuous_spectra,pp_pink,2025-07-10,7954959.0,4265095.506000001,True,False,True,PP (pink),plastic,polymer,PP,PP (pink),PP (pink)
c_24,247,c_24-247,MAYP1114611__246__04147.txt,continuous_spectra,pp_pink,2025-07-10,6546232.440000001,4265095.506000001,True,False,True,PP (pink),plastic,polymer,PP,PP (pink),PP (pink)
c_24,248,c_24-248,MAYP1114611__247__04148.txt,continuous_spectra,pp_pink,2025-07-10,9757052.44,4265095.506000001,True,False,True,PP (pink),plastic,polymer,PP,PP (pink),PP (pink)
c_24,249,c_24-249,MAYP1114611__248__04149.txt,continuous_spectra,pp_pink,2025-07-10,10819886.56,4265095.506000001,True,False,True,PP (pink),plastic,polymer,PP,PP (pink),PP (pink)
c_24,250,c_24-250,MAYP1114611__249__04150.txt,continuous_spectra,pp_pink,2025-07-10,11769262.0,4265095.506000001,True,False,True,PP (pink),plastic,polymer,PP,PP (pink),PP (pink)
c_24,251,c_24-251,MAYP1114611__250__04151.txt,continuous_spectra,pp_pink,2025-07-10,10335745.0,4265095.506000001,True,False,True,PP (pink),plastic,polymer,PP,PP (pink),PP (pink)
c_24,252,c_24-252,MAYP1114611__251__04152.txt,continuous_spectra,pp_pink,2025-07-10,9889579.0,4265095.506000001,True,False,True,PP (pink),plastic,polymer,PP,PP (pink),PP (pink)
c_24,253,c_24-253,MAYP1114611__252__04153.txt,continuous_spectra,pp_pink,2025-07-10,11528383.44,4265095.506000001,True,False,True,PP (pink),plastic,polymer,PP,PP (pink),PP (pink)
c_24,254,c_24-254,MAYP1114611__253__04154.txt,continuous_spectra,pp_pink,2025-07-10,4926899.559999999,4265095.506000001,True,False,True,PP (pink),plastic,polymer,PP,PP (pink),PP (pink)
c_24,258,c_24-258,MAYP1114611__257__04158.txt,continuous_spectra,pp_pink,2025-07-10,10512427.56,4265095.506000001,True,False,True,PP (pink),plastic,polymer,PP,PP (pink),PP (pink)
c_24,259,c_24-259,MAYP1114611__258__04159.txt,continuous_spectra,pp_pink,2025-07-10,10081370.44,4265095.506000001,True,False,True,PP (pink),plastic,polymer,PP,PP (pink),PP (pink)
c_24,260,c_24-260,MAYP1114611__259__04160.txt,continuous_spectra,pp_pink,2025-07-10,8867025.559999999,4265095.506000001,True,False,True,PP (pink),plastic,polymer,PP,PP (pink),PP (pink)
c_24,261,c_24-261,MAYP1114611__260__04161.txt,continuous_spectra,pp_pink,2025-07-10,9245183.0,4265095.506000001,True,False,True,PP (pink),plastic,polymer,PP,PP (pink),PP (pink)
c_24,262,c_24-262,MAYP1114611__261__04162.txt,continuous_spectra,pp_pink,2025-07-10,10955349.56,4265095.506000001,True,False,True,PP (pink),plastic,polymer,PP,PP (pink),PP (pink)
c_24,263,c_24-263,MAYP1114611__262__04163.txt,continuous_spectra,pp_pink,2025-07-10,11456167.44,4265095.506000001,True,False,True,PP (pink),plastic,polymer,PP,PP (pink),PP (pink)
c_24,264,c_24-264,MAYP1114611__263__04164.txt,continuous_spectra,pp_pink,2025-07-10,9829940.56,4265095.506000001,True,False,True,PP (pink),plastic,polymer,PP,PP (pink),PP (pink)
c_24,268,c_24-268,MAYP1114611__267__04168.txt,continuous_spectra,pp_pink,2025-07-10,4269987.559999999,4265095.506000001,True,False,True,PP (pink),plastic,polymer,PP,PP (pink),PP (pink)
c_24,269,c_24-269,MAYP1114611__268__04169.txt,continuous_spectra,pp_pink,2025-07-10,9917928.0,4265095.506000001,True,False,True,PP (pink),plastic,polymer,PP,PP (pink),PP (pink)
c_24,270,c_24-270,MAYP1114611__269__04170.txt,continuous_spectra,pp_pink,2025-07-10,11546760.56,4265095.506000001,True,False,True,PP (pink),plastic,polymer,PP,PP (pink),PP (pink)
c_24,271,c_24-271,MAYP1114611__270__04171.txt,continuous_spectra,pp_pink,2025-07-10,10542603.44,4265095.506000001,True,False,True,PP (pink),plastic,polymer,PP,PP (pink),PP (pink)
c_24,272,c_24-272,MAYP1114611__271__04172.txt,continuous_spectra,pp_pink,2025-07-10,10475041.56,4265095.506000001,True,False,True,PP (pink),plastic,polymer,PP,PP (pink),PP (pink)
c_24,273,c_24-273,MAYP1114611__272__04173.txt,continuous_spectra,pp_pink,2025-07-10,10353028.56,4265095.506000001,True,False,True,PP (pink),plastic,polymer,PP,PP (pink),PP (pink)
c_24,274,c_24-274,MAYP1114611__273__04174.txt,continuous_spectra,pp_pink,2025-07-10,12356101.44,4265095.506000001,True,False,True,PP (pink),plastic,polymer,PP,PP (pink),PP (pink)
c_24,275,c_24-275,MAYP1114611__274__04175.txt,continuous_spectra,pp_pink,2025-07-10,7063018.440000001,4265095.506000001,True,False,True,PP (pink),plastic,polymer,PP,PP (pink),PP (pink)
c_25,28,c_25-028,MAYP1114611__27__04228.txt,continuous_spectra,pp_yellow,2025-07-10,4438967.0,3853319.925,True,False,True,PP (yellow),plastic,polymer,PP,PP (yellow),PP (yellow)
c_25,29,c_25-029,MAYP1114611__28__04229.txt,continuous_spectra,pp_yellow,2025-07-10,9664244.44,3853319.925,True,False,True,PP (yellow),plastic,polymer,PP,PP (yellow),PP (yellow)
c_25,30,c_25-030,MAYP1114611__29__04230.txt,continuous_spectra,pp_yellow,2025-07-10,9065625.56,3853319.925,True,False,True,PP (yellow),plastic,polymer,PP,PP (yellow),PP (yellow)
c_25,31,c_25-031,MAYP1114611__30__04231.txt,continuous_spectra,pp_yellow,2025-07-10,8462603.559999999,3853319.925,True,False,True,PP (yellow),plastic,polymer,PP,PP (yellow),PP (yellow)
c_25,32,c_25-032,MAYP1114611__31__04232.txt,continuous_spectra,pp_yellow,2025-07-10,7099101.559999999,3853319.925,True,False,True,PP (yellow),plastic,polymer,PP,PP (yellow),PP (yellow)
c_25,33,c_25-033,MAYP1114611__32__04233.txt,continuous_spectra,pp_yellow,2025-07-10,9086545.56,3853319.925,True,False,True,PP (yellow),plastic,polymer,PP,PP (yellow),PP (yellow)
c_25,34,c_25-034,MAYP1114611__33__04234.txt,continuous_spectra,pp_yellow,2025-07-10,9665699.56,3853319.925,True,False,True,PP (yellow),plastic,polymer,PP,PP (yellow),PP (yellow)
c_25,35,c_25-035,MAYP1114611__34__04235.txt,continuous_spectra,pp_yellow,2025-07-10,8738959.0,3853319.925,True,False,True,PP (yellow),plastic,polymer,PP,PP (yellow),PP (yellow)
c_25,36,c_25-036,MAYP1114611__35__04236.txt,continuous_spectra,pp_yellow,2025-07-10,4157071.559999998,3853319.925,True,False,True,PP (yellow),plastic,polymer,PP,PP (yellow),PP (yellow)
c_25,40,c_25-040,MAYP1114611__39__04240.txt,continuous_spectra,pp_yellow,2025-07-10,5876298.559999999,3853319.925,True,False,True,PP (yellow),plastic,polymer,PP,PP (yellow),PP (yellow)
c_25,41,c_25-041,MAYP1114611__40__04241.txt,continuous_spectra,pp_yellow,2025-07-10,5500829.559999999,3853319.925,True,False,True,PP (yellow),plastic,polymer,PP,PP (yellow),PP (yellow)
c_25,42,c_25-042,MAYP1114611__41__04242.txt,continuous_spectra,pp_yellow,2025-07-10,7887708.0,3853319.925,True,False,True,PP (yellow),plastic,polymer,PP,PP (yellow),PP (yellow)
c_25,43,c_25-043,MAYP1114611__42__04243.txt,continuous_spectra,pp_yellow,2025-07-10,6694918.0,3853319.925,True,False,True,PP (yellow),plastic,polymer,PP,PP (yellow),PP (yellow)
c_25,44,c_25-044,MAYP1114611__43__04244.txt,continuous_spectra,pp_yellow,2025-07-10,5423445.440000001,3853319.925,True,False,True,PP (yellow),plastic,polymer,PP,PP (yellow),PP (yellow)
c_25,45,c_25-045,MAYP1114611__44__04245.txt,continuous_spectra,pp_yellow,2025-07-10,6966636.440000001,3853319.925,True,False,True,PP (yellow),plastic,polymer,PP,PP (yellow),PP (yellow)
c_25,46,c_25-046,MAYP1114611__45__04246.txt,continuous_spectra,pp_yellow,2025-07-10,6386601.0,3853319.925,True,False,True,PP (yellow),plastic,polymer,PP,PP (yellow),PP (yellow)
c_25,47,c_25-047,MAYP1114611__46__04247.txt,continuous_spectra,pp_yellow,2025-07-10,5359071.0,3853319.925,True,False,True,PP (yellow),plastic,polymer,PP,PP (yellow),PP (yellow)
c_25,51,c_25-051,MAYP1114611__50__04251.txt,continuous_spectra,pp_yellow,2025-07-10,7104322.0,3853319.925,True,False,True,PP (yellow),plastic,polymer,PP,PP (yellow),PP (yellow)
c_25,52,c_25-052,MAYP1114611__51__04252.txt,continuous_spectra,pp_yellow,2025-07-10,8835446.0,3853319.925,True,False,True,PP (yellow),plastic,polymer,PP,PP (yellow),PP (yellow)
c_25,53,c_25-053,MAYP1114611__52__04253.txt,continuous_spectra,pp_yellow,2025-07-10,8669796.559999999,3853319.925,True,False,True,PP (yellow),plastic,polymer,PP,PP (yellow),PP (yellow)
c_25,54,c_25-054,MAYP1114611__53__04254.txt,continuous_spectra,pp_yellow,2025-07-10,7125209.440000001,3853319.925,True,False,True,PP (yellow),plastic,polymer,PP,PP (yellow),PP (yellow)
c_25,55,c_25-055,MAYP1114611__54__04255.txt,continuous_spectra,pp_yellow,2025-07-10,9724957.0,3853319.925,True,False,True,PP (yellow),plastic,polymer,PP,PP (yellow),PP (yellow)
c_25,56,c_25-056,MAYP1114611__55__04256.txt,continuous_spectra,pp_yellow,2025-07-10,7047294.559999999,3853319.925,True,False,True,PP (yellow),plastic,polymer,PP,PP (yellow),PP (yellow)
c_25,57,c_25-057,MAYP1114611__56__04257.txt,continuous_spectra,pp_yellow,2025-07-10,5015102.440000001,3853319.925,True,False,True,PP (yellow),plastic,polymer,PP,PP (yellow),PP (yellow)
c_25,58,c_25-058,MAYP1114611__57__04258.txt,continuous_spectra,pp_yellow,2025-07-10,4326146.440000001,3853319.925,True,False,True,PP (yellow),plastic,polymer,PP,PP (yellow),PP (yellow)
c_25,62,c_25-062,MAYP1114611__61__04262.txt,continuous_spectra,pp_yellow,2025-07-10,3986074.0,3853319.925,True,False,True,PP (yellow),plastic,polymer,PP,PP (yellow),PP (yellow)
c_25,63,c_25-063,MAYP1114611__62__04263.txt,continuous_spectra,pp_yellow,2025-07-10,10304282.44,3853319.925,True,False,True,PP (yellow),plastic,polymer,PP,PP (yellow),PP (yellow)
c_25,64,c_25-064,MAYP1114611__63__04264.txt,continuous_spectra,pp_yellow,2025-07-10,9274244.44,3853319.925,True,False,True,PP (yellow),plastic,polymer,PP,PP (yellow),PP (yellow)
c_25,65,c_25-065,MAYP1114611__64__04265.txt,continuous_spectra,pp_yellow,2025-07-10,10238924.56,3853319.925,True,False,True,PP (yellow),plastic,polymer,PP,PP (yellow),PP (yellow)
c_25,66,c_25-066,MAYP1114611__65__04266.txt,continuous_spectra,pp_yellow,2025-07-10,8573733.0,3853319.925,True,False,True,PP (yellow),plastic,polymer,PP,PP (yellow),PP (yellow)
c_25,67,c_25-067,MAYP1114611__66__04267.txt,continuous_spectra,pp_yellow,2025-07-10,8591441.559999999,3853319.925,True,False,True,PP (yellow),plastic,polymer,PP,PP (yellow),PP (yellow)
c_25,68,c_25-068,MAYP1114611__67__04268.txt,continuous_spectra,pp_yellow,2025-07-10,7550410.559999999,3853319.925,True,False,True,PP (yellow),plastic,polymer,PP,PP (yellow),PP (yellow)
c_25,73,c_25-073,MAYP1114611__72__04273.txt,continuous_spectra,pp_yellow,2025-07-10,4228845.0,3853319.925,True,False,True,PP (yellow),plastic,polymer,PP,PP (yellow),PP (yellow)
c_25,74,c_25-074,MAYP1114611__73__04274.txt,continuous_spectra,pp_yellow,2025-07-10,8059015.559999999,3853319.925,True,False,True,PP (yellow),plastic,polymer,PP,PP (yellow),PP (yellow)
c_25,75,c_25-075,MAYP1114611__74__04275.txt,continuous_spectra,pp_yellow,2025-07-10,9197513.0,3853319.925,True,False,True,PP (yellow),plastic,polymer,PP,PP (yellow),PP (yellow)
c_25,76,c_25-076,MAYP1114611__75__04276.txt,continuous_spectra,pp_yellow,2025-07-10,10009870.44,3853319.925,True,False,True,PP (yellow),plastic,polymer,PP,PP (yellow),PP (yellow)
c_25,77,c_25-077,MAYP1114611__76__04277.txt,continuous_spectra,pp_yellow,2025-07-10,9753297.44,3853319.925,True,False,True,PP (yellow),plastic,polymer,PP,PP (yellow),PP (yellow)
c_25,78,c_25-078,MAYP1114611__77__04278.txt,continuous_spectra,pp_yellow,2025-07-10,7192901.0,3853319.925,True,False,True,PP (yellow),plastic,polymer,PP,PP (yellow),PP (yellow)
c_25,79,c_25-079,MAYP1114611__78__04279.txt,continuous_spectra,pp_yellow,2025-07-10,7185194.559999999,3853319.925,True,False,True,PP (yellow),plastic,polymer,PP,PP (yellow),PP (yellow)
c_25,80,c_25-080,MAYP1114611__79__04280.txt,continuous_spectra,pp_yellow,2025-07-10,4106195.440000002,3853319.925,True,False,True,PP (yellow),plastic,polymer,PP,PP (yellow),PP (yellow)
c_25,84,c_25-084,MAYP1114611__83__04284.txt,continuous_spectra,pp_yellow,2025-07-10,7594082.440000001,3853319.925,True,False,True,PP (yellow),plastic,polymer,PP,PP (yellow),PP (yellow)
c_25,85,c_25-085,MAYP1114611__84__04285.txt,continuous_spectra,pp_yellow,2025-07-10,8386882.559999999,3853319.925,True,False,True,PP (yellow),plastic,polymer,PP,PP (yellow),PP (yellow)
c_25,86,c_25-086,MAYP1114611__85__04286.txt,continuous_spectra,pp_yellow,2025-07-10,6611462.559999999,3853319.925,True,False,True,PP (yellow),plastic,polymer,PP,PP (yellow),PP (yellow)
c_25,87,c_25-087,MAYP1114611__86__04287.txt,continuous_spectra,pp_yellow,2025-07-10,5062202.559999999,3853319.925,True,False,True,PP (yellow),plastic,polymer,PP,PP (yellow),PP (yellow)
c_25,88,c_25-088,MAYP1114611__87__04288.txt,continuous_spectra,pp_yellow,2025-07-10,4997411.0,3853319.925,True,False,True,PP (yellow),plastic,polymer,PP,PP (yellow),PP (yellow)
c_25,89,c_25-089,MAYP1114611__88__04289.txt,continuous_spectra,pp_yellow,2025-07-10,8636593.440000001,3853319.925,True,False,True,PP (yellow),plastic,polymer,PP,PP (yellow),PP (yellow)
c_25,90,c_25-090,MAYP1114611__89__04290.txt,continuous_spectra,pp_yellow,2025-07-10,5803578.440000001,3853319.925,True,False,True,PP (yellow),plastic,polymer,PP,PP (yellow),PP (yellow)
c_25,122,c_25-122,MAYP1114611__121__04322.txt,continuous_spectra,pp_yellow,2025-07-10,6269059.559999999,3853319.925,True,False,True,PP (yellow),plastic,polymer,PP,PP (yellow),PP (yellow)
c_25,123,c_25-123,MAYP1114611__122__04323.txt,continuous_spectra,pp_yellow,2025-07-10,7072885.440000001,3853319.925,True,False,True,PP (yellow),plastic,polymer,PP,PP (yellow),PP (yellow)
c_25,124,c_25-124,MAYP1114611__123__04324.txt,continuous_spectra,pp_yellow,2025-07-10,6184015.559999999,3853319.925,True,False,True,PP (yellow),plastic,polymer,PP,PP (yellow),PP (yellow)
c_25,125,c_25-125,MAYP1114611__124__04325.txt,continuous_spectra,pp_yellow,2025-07-10,5334118.0,3853319.925,True,False,True,PP (yellow),plastic,polymer,PP,PP (yellow),PP (yellow)
c_25,126,c_25-126,MAYP1114611__125__04326.txt,continuous_spectra,pp_yellow,2025-07-10,5326885.0,3853319.925,True,False,True,PP (yellow),plastic,polymer,PP,PP (yellow),PP (yellow)
c_25,127,c_25-127,MAYP1114611__126__04327.txt,continuous_spectra,pp_yellow,2025-07-10,8817585.440000001,3853319.925,True,False,True,PP (yellow),plastic,polymer,PP,PP (yellow),PP (yellow)
c_25,128,c_25-128,MAYP1114611__127__04328.txt,continuous_spectra,pp_yellow,2025-07-10,7781396.0,3853319.925,True,False,True,PP (yellow),plastic,polymer,PP,PP (yellow),PP (yellow)
c_25,129,c_25-129,MAYP1114611__128__04329.txt,continuous_spectra,pp_yellow,2025-07-10,4119581.0,3853319.925,True,False,True,PP (yellow),plastic,polymer,PP,PP (yellow),PP (yellow)
c_25,133,c_25-133,MAYP1114611__132__04333.txt,continuous_spectra,pp_yellow,2025-07-10,4114763.440000002,3853319.925,True,False,True,PP (yellow),plastic,polymer,PP,PP (yellow),PP (yellow)
c_25,134,c_25-134,MAYP1114611__133__04334.txt,continuous_spectra,pp_yellow,2025-07-10,8723472.559999999,3853319.925,True,False,True,PP (yellow),plastic,polymer,PP,PP (yellow),PP (yellow)
c_25,135,c_25-135,MAYP1114611__134__04335.txt,continuous_spectra,pp_yellow,2025-07-10,8508635.559999999,3853319.925,True,False,True,PP (yellow),plastic,polymer,PP,PP (yellow),PP (yellow)
c_25,136,c_25-136,MAYP1114611__135__04336.txt,continuous_spectra,pp_yellow,2025-07-10,5436481.559999999,3853319.925,True,False,True,PP (yellow),plastic,polymer,PP,PP (yellow),PP (yellow)
c_25,137,c_25-137,MAYP1114611__136__04337.txt,continuous_spectra,pp_yellow,2025-07-10,5931419.440000001,3853319.925,True,False,True,PP (yellow),plastic,polymer,PP,PP (yellow),PP (yellow)
c_25,138,c_25-138,MAYP1114611__137__04338.txt,continuous_spectra,pp_yellow,2025-07-10,8109897.559999999,3853319.925,True,False,True,PP (yellow),plastic,polymer,PP,PP (yellow),PP (yellow)
c_25,139,c_25-139,MAYP1114611__138__04339.txt,continuous_spectra,pp_yellow,2025-07-10,7919266.0,3853319.925,True,False,True,PP (yellow),plastic,polymer,PP,PP (yellow),PP (yellow)
c_25,144,c_25-144,MAYP1114611__143__04344.txt,continuous_spectra,pp_yellow,2025-07-10,6303976.440000001,3853319.925,True,False,True,PP (yellow),plastic,polymer,PP,PP (yellow),PP (yellow)
c_25,145,c_25-145,MAYP1114611__144__04345.txt,continuous_spectra,pp_yellow,2025-07-10,7882744.0,3853319.925,True,False,True,PP (yellow),plastic,polymer,PP,PP (yellow),PP (yellow)
c_25,146,c_25-146,MAYP1114611__145__04346.txt,continuous_spectra,pp_yellow,2025-07-10,9517902.0,3853319.925,True,False,True,PP (yellow),plastic,polymer,PP,PP (yellow),PP (yellow)
c_25,147,c_25-147,MAYP1114611__146__04347.txt,continuous_spectra,pp_yellow,2025-07-10,8051123.559999999,3853319.925,True,False,True,PP (yellow),plastic,polymer,PP,PP (yellow),PP (yellow)
c_25,148,c_25-148,MAYP1114611__147__04348.txt,continuous_spectra,pp_yellow,2025-07-10,8194969.0,3853319.925,True,False,True,PP (yellow),plastic,polymer,PP,PP (yellow),PP (yellow)
c_25,149,c_25-149,MAYP1114611__148__04349.txt,continuous_spectra,pp_yellow,2025-07-10,7903770.440000001,3853319.925,True,False,True,PP (yellow),plastic,polymer,PP,PP (yellow),PP (yellow)
c_25,150,c_25-150,MAYP1114611__149__04350.txt,continuous_spectra,pp_yellow,2025-07-10,7794236.0,3853319.925,True,False,True,PP (yellow),plastic,polymer,PP,PP (yellow),PP (yellow)
c_25,151,c_25-151,MAYP1114611__150__04351.txt,continuous_spectra,pp_yellow,2025-07-10,5049653.440000001,3853319.925,True,False,True,PP (yellow),plastic,polymer,PP,PP (yellow),PP (yellow)
c_25,154,c_25-154,MAYP1114611__153__04354.txt,continuous_spectra,pp_yellow,2025-07-10,4188931.440000002,3853319.925,True,False,True,PP (yellow),plastic,polymer,PP,PP (yellow),PP (yellow)
c_25,155,c_25-155,MAYP1114611__154__04355.txt,continuous_spectra,pp_yellow,2025-07-10,6360497.440000001,3853319.925,True,False,True,PP (yellow),plastic,polymer,PP,PP (yellow),PP (yellow)
c_25,156,c_25-156,MAYP1114611__155__04356.txt,continuous_spectra,pp_yellow,2025-07-10,8106928.559999999,3853319.925,True,False,True,PP (yellow),plastic,polymer,PP,PP (yellow),PP (yellow)
c_25,157,c_25-157,MAYP1114611__156__04357.txt,continuous_spectra,pp_yellow,2025-07-10,10527178.44,3853319.925,True,False,True,PP (yellow),plastic,polymer,PP,PP (yellow),PP (yellow)
c_25,158,c_25-158,MAYP1114611__157__04358.txt,continuous_spectra,pp_yellow,2025-07-10,8985862.559999999,3853319.925,True,False,True,PP (yellow),plastic,polymer,PP,PP (yellow),PP (yellow)
c_25,159,c_25-159,MAYP1114611__158__04359.txt,continuous_spectra,pp_yellow,2025-07-10,7943534.559999999,3853319.925,True,False,True,PP (yellow),plastic,polymer,PP,PP (yellow),PP (yellow)
c_25,160,c_25-160,MAYP1114611__159__04360.txt,continuous_spectra,pp_yellow,2025-07-10,9994766.0,3853319.925,True,False,True,PP (yellow),plastic,polymer,PP,PP (yellow),PP (yellow)
c_25,161,c_25-161,MAYP1114611__160__04361.txt,continuous_spectra,pp_yellow,2025-07-10,7988137.559999999,3853319.925,True,False,True,PP (yellow),plastic,polymer,PP,PP (yellow),PP (yellow)
c_25,164,c_25-164,MAYP1114611__163__04364.txt,continuous_spectra,pp_yellow,2025-07-10,4012754.440000002,3853319.925,True,False,True,PP (yellow),plastic,polymer,PP,PP (yellow),PP (yellow)
c_25,165,c_25-165,MAYP1114611__164__04365.txt,continuous_spectra,pp_yellow,2025-07-10,5676187.559999999,3853319.925,True,False,True,PP (yellow),plastic,polymer,PP,PP (yellow),PP (yellow)
c_25,166,c_25-166,MAYP1114611__165__04366.txt,continuous_spectra,pp_yellow,2025-07-10,8562526.0,3853319.925,True,False,True,PP (yellow),plastic,polymer,PP,PP (yellow),PP (yellow)
c_25,167,c_25-167,MAYP1114611__166__04367.txt,continuous_spectra,pp_yellow,2025-07-10,8665600.0,3853319.925,True,False,True,PP (yellow),plastic,polymer,PP,PP (yellow),PP (yellow)
c_25,168,c_25-168,MAYP1114611__167__04368.txt,continuous_spectra,pp_yellow,2025-07-10,8944736.0,3853319.925,True,False,True,PP (yellow),plastic,polymer,PP,PP (yellow),PP (yellow)
c_25,169,c_25-169,MAYP1114611__168__04369.txt,continuous_spectra,pp_yellow,2025-07-10,7798631.440000001,3853319.925,True,False,True,PP (yellow),plastic,polymer,PP,PP (yellow),PP (yellow)
c_25,170,c_25-170,MAYP1114611__169__04370.txt,continuous_spectra,pp_yellow,2025-07-10,6998336.0,3853319.925,True,False,True,PP (yellow),plastic,polymer,PP,PP (yellow),PP (yellow)
c_25,171,c_25-171,MAYP1114611__170__04371.txt,continuous_spectra,pp_yellow,2025-07-10,8647947.440000001,3853319.925,True,False,True,PP (yellow),plastic,polymer,PP,PP (yellow),PP (yellow)
c_25,172,c_25-172,MAYP1114611__171__04372.txt,continuous_spectra,pp_yellow,2025-07-10,8920782.559999999,3853319.925,True,False,True,PP (yellow),plastic,polymer,PP,PP (yellow),PP (yellow)
c_25,173,c_25-173,MAYP1114611__172__04373.txt,continuous_spectra,pp_yellow,2025-07-10,4919679.559999999,3853319.925,True,False,True,PP (yellow),plastic,polymer,PP,PP (yellow),PP (yellow)
c_25,176,c_25-176,MAYP1114611__175__04376.txt,continuous_spectra,pp_yellow,2025-07-10,3987764.559999998,3853319.925,True,False,True,PP (yellow),plastic,polymer,PP,PP (yellow),PP (yellow)
c_25,177,c_25-177,MAYP1114611__176__04377.txt,continuous_spectra,pp_yellow,2025-07-10,6322405.0,3853319.925,True,False,True,PP (yellow),plastic,polymer,PP,PP (yellow),PP (yellow)
c_25,178,c_25-178,MAYP1114611__177__04378.txt,continuous_spectra,pp_yellow,2025-07-10,9341509.44,3853319.925,True,False,True,PP (yellow),plastic,polymer,PP,PP (yellow),PP (yellow)
c_25,179,c_25-179,MAYP1114611__178__04379.txt,continuous_spectra,pp_yellow,2025-07-10,10992574.56,3853319.925,True,False,True,PP (yellow),plastic,polymer,PP,PP (yellow),PP (yellow)
c_25,180,c_25-180,MAYP1114611__179__04380.txt,continuous_spectra,pp_yellow,2025-07-10,9553303.56,3853319.925,True,False,True,PP (yellow),plastic,polymer,PP,PP (yellow),PP (yellow)
c_25,181,c_25-181,MAYP1114611__180__04381.txt,continuous_spectra,pp_yellow,2025-07-10,10559731.44,3853319.925,True,False,True,PP (yellow),plastic,polymer,PP,PP (yellow),PP (yellow)
c_25,182,c_25-182,MAYP1114611__181__04382.txt,continuous_spectra,pp_yellow,2025-07-10,8146825.0,3853319.925,True,False,True,PP (yellow),plastic,polymer,PP,PP (yellow),PP (yellow)
c_25,183,c_25-183,MAYP1114611__182__04383.txt,continuous_spectra,pp_yellow,2025-07-10,6142195.559999999,3853319.925,True,False,True,PP (yellow),plastic,polymer,PP,PP (yellow),PP (yellow)
c_25,214,c_25-214,MAYP1114611__213__04414.txt,continuous_spectra,pp_yellow,2025-07-10,5079101.440000001,3853319.925,True,False,True,PP (yellow),plastic,polymer,PP,PP (yellow),PP (yellow)
c_25,215,c_25-215,MAYP1114611__214__04415.txt,continuous_spectra,pp_yellow,2025-07-10,8146281.559999999,3853319.925,True,False,True,PP (yellow),plastic,polymer,PP,PP (yellow),PP (yellow)
c_25,216,c_25-216,MAYP1114611__215__04416.txt,continuous_spectra,pp_yellow,2025-07-10,8723356.559999999,3853319.925,True,False,True,PP (yellow),plastic,polymer,PP,PP (yellow),PP (yellow)
c_25,217,c_25-217,MAYP1114611__216__04417.txt,continuous_spectra,pp_yellow,2025-07-10,8458863.0,3853319.925,True,False,True,PP (yellow),plastic,polymer,PP,PP (yellow),PP (yellow)
c_25,218,c_25-218,MAYP1114611__217__04418.txt,continuous_spectra,pp_yellow,2025-07-10,7911558.440000001,3853319.925,True,False,True,PP (yellow),plastic,polymer,PP,PP (yellow),PP (yellow)
c_25,219,c_25-219,MAYP1114611__218__04419.txt,continuous_spectra,pp_yellow,2025-07-10,5888572.0,3853319.925,True,False,True,PP (yellow),plastic,polymer,PP,PP (yellow),PP (yellow)
c_25,220,c_25-220,MAYP1114611__219__04420.txt,continuous_spectra,pp_yellow,2025-07-10,8079505.559999999,3853319.925,True,False,True,PP (yellow),plastic,polymer,PP,PP (yellow),PP (yellow)
c_25,221,c_25-221,MAYP1114611__220__04421.txt,continuous_spectra,pp_yellow,2025-07-10,8137948.559999999,3853319.925,True,False,True,PP (yellow),plastic,polymer,PP,PP (yellow),PP (yellow)
c_25,222,c_25-222,MAYP1114611__221__04422.txt,continuous_spectra,pp_yellow,2025-07-10,6624661.440000001,3853319.925,True,False,True,PP (yellow),plastic,polymer,PP,PP (yellow),PP (yellow)
c_25,225,c_25-225,MAYP1114611__224__04425.txt,continuous_spectra,pp_yellow,2025-07-10,5645595.0,3853319.925,True,False,True,PP (yellow),plastic,polymer,PP,PP (yellow),PP (yellow)
c_25,226,c_25-226,MAYP1114611__225__04426.txt,continuous_spectra,pp_yellow,2025-07-10,8481474.0,3853319.925,True,False,True,PP (yellow),plastic,polymer,PP,PP (yellow),PP (yellow)
c_25,227,c_25-227,MAYP1114611__226__04427.txt,continuous_spectra,pp_yellow,2025-07-10,8947472.0,3853319.925,True,False,True,PP (yellow),plastic,polymer,PP,PP (yellow),PP (yellow)
c_25,228,c_25-228,MAYP1114611__227__04428.txt,continuous_spectra,pp_yellow,2025-07-10,7133772.440000001,3853319.925,True,False,True,PP (yellow),plastic,polymer,PP,PP (yellow),PP (yellow)
c_25,229,c_25-229,MAYP1114611__228__04429.txt,continuous_spectra,pp_yellow,2025-07-10,8288643.559999999,3853319.925,True,False,True,PP (yellow),plastic,polymer,PP,PP (yellow),PP (yellow)
c_25,230,c_25-230,MAYP1114611__229__04430.txt,continuous_spectra,pp_yellow,2025-07-10,6881413.559999999,3853319.925,True,False,True,PP (yellow),plastic,polymer,PP,PP (yellow),PP (yellow)
c_25,231,c_25-231,MAYP1114611__230__04431.txt,continuous_spectra,pp_yellow,2025-07-10,6079067.0,3853319.925,True,False,True,PP (yellow),plastic,polymer,PP,PP (yellow),PP (yellow)
c_25,232,c_25-232,MAYP1114611__231__04432.txt,continuous_spectra,pp_yellow,2025-07-10,6228363.0,3853319.925,True,False,True,PP (yellow),plastic,polymer,PP,PP (yellow),PP (yellow)
c_25,237,c_25-237,MAYP1114611__236__04437.txt,continuous_spectra,pp_yellow,2025-07-10,3906281.559999998,3853319.925,True,False,True,PP (yellow),plastic,polymer,PP,PP (yellow),PP (yellow)
c_25,238,c_25-238,MAYP1114611__237__04438.txt,continuous_spectra,pp_yellow,2025-07-10,7181917.559999999,3853319.925,True,False,True,PP (yellow),plastic,polymer,PP,PP (yellow),PP (yellow)
c_25,239,c_25-239,MAYP1114611__238__04439.txt,continuous_spectra,pp_yellow,2025-07-10,7814529.0,3853319.925,True,False,True,PP (yellow),plastic,polymer,PP,PP (yellow),PP (yellow)
c_25,240,c_25-240,MAYP1114611__239__04440.txt,continuous_spectra,pp_yellow,2025-07-10,7282180.559999999,3853319.925,True,False,True,PP (yellow),plastic,polymer,PP,PP (yellow),PP (yellow)
c_25,241,c_25-241,MAYP1114611__240__04441.txt,continuous_spectra,pp_yellow,2025-07-10,6905368.440000001,3853319.925,True,False,True,PP (yellow),plastic,polymer,PP,PP (yellow),PP (yellow)
c_25,242,c_25-242,MAYP1114611__241__04442.txt,continuous_spectra,pp_yellow,2025-07-10,8181503.559999999,3853319.925,True,False,True,PP (yellow),plastic,polymer,PP,PP (yellow),PP (yellow)
c_25,243,c_25-243,MAYP1114611__242__04443.txt,continuous_spectra,pp_yellow,2025-07-10,6561668.559999999,3853319.925,True,False,True,PP (yellow),plastic,polymer,PP,PP (yellow),PP (yellow)
c_25,247,c_25-247,MAYP1114611__246__04447.txt,continuous_spectra,pp_yellow,2025-07-10,3933673.0,3853319.925,True,False,True,PP (yellow),plastic,polymer,PP,PP (yellow),PP (yellow)
c_25,248,c_25-248,MAYP1114611__247__04448.txt,continuous_spectra,pp_yellow,2025-07-10,5719092.440000001,3853319.925,True,False,True,PP (yellow),plastic,polymer,PP,PP (yellow),PP (yellow)
c_25,249,c_25-249,MAYP1114611__248__04449.txt,continuous_spectra,pp_yellow,2025-07-10,7361636.559999999,3853319.925,True,False,True,PP (yellow),plastic,polymer,PP,PP (yellow),PP (yellow)
c_25,250,c_25-250,MAYP1114611__249__04450.txt,continuous_spectra,pp_yellow,2025-07-10,5980343.0,3853319.925,True,False,True,PP (yellow),plastic,polymer,PP,PP (yellow),PP (yellow)
c_25,251,c_25-251,MAYP1114611__250__04451.txt,continuous_spectra,pp_yellow,2025-07-10,5202239.0,3853319.925,True,False,True,PP (yellow),plastic,polymer,PP,PP (yellow),PP (yellow)
c_25,252,c_25-252,MAYP1114611__251__04452.txt,continuous_spectra,pp_yellow,2025-07-10,6801594.559999999,3853319.925,True,False,True,PP (yellow),plastic,polymer,PP,PP (yellow),PP (yellow)
c_25,253,c_25-253,MAYP1114611__252__04453.txt,continuous_spectra,pp_yellow,2025-07-10,6867179.559999999,3853319.925,True,False,True,PP (yellow),plastic,polymer,PP,PP (yellow),PP (yellow)
c_25,254,c_25-254,MAYP1114611__253__04454.txt,continuous_spectra,pp_yellow,2025-07-10,6010734.559999999,3853319.925,True,False,True,PP (yellow),plastic,polymer,PP,PP (yellow),PP (yellow)
c_25,258,c_25-258,MAYP1114611__257__04458.txt,continuous_spectra,pp_yellow,2025-07-10,5065334.0,3853319.925,True,False,True,PP (yellow),plastic,polymer,PP,PP (yellow),PP (yellow)
c_25,259,c_25-259,MAYP1114611__258__04459.txt,continuous_spectra,pp_yellow,2025-07-10,10043066.0,3853319.925,True,False,True,PP (yellow),plastic,polymer,PP,PP (yellow),PP (yellow)
c_25,260,c_25-260,MAYP1114611__259__04460.txt,continuous_spectra,pp_yellow,2025-07-10,9763269.44,3853319.925,True,False,True,PP (yellow),plastic,polymer,PP,PP (yellow),PP (yellow)
c_25,261,c_25-261,MAYP1114611__260__04461.txt,continuous_spectra,pp_yellow,2025-07-10,8959922.0,3853319.925,True,False,True,PP (yellow),plastic,polymer,PP,PP (yellow),PP (yellow)
c_25,262,c_25-262,MAYP1114611__261__04462.txt,continuous_spectra,pp_yellow,2025-07-10,10183720.0,3853319.925,True,False,True,PP (yellow),plastic,polymer,PP,PP (yellow),PP (yellow)
c_25,263,c_25-263,MAYP1114611__262__04463.txt,continuous_spectra,pp_yellow,2025-07-10,9608485.44,3853319.925,True,False,True,PP (yellow),plastic,polymer,PP,PP (yellow),PP (yellow)
c_25,264,c_25-264,MAYP1114611__263__04464.txt,continuous_spectra,pp_yellow,2025-07-10,10500286.44,3853319.925,True,False,True,PP (yellow),plastic,polymer,PP,PP (yellow),PP (yellow)
c_25,265,c_25-265,MAYP1114611__264__04465.txt,continuous_spectra,pp_yellow,2025-07-10,5076115.0,3853319.925,True,False,True,PP (yellow),plastic,polymer,PP,PP (yellow),PP (yellow)
c_25,269,c_25-269,MAYP1114611__268__04469.txt,continuous_spectra,pp_yellow,2025-07-10,8141946.0,3853319.925,True,False,True,PP (yellow),plastic,polymer,PP,PP (yellow),PP (yellow)
c_25,270,c_25-270,MAYP1114611__269__04470.txt,continuous_spectra,pp_yellow,2025-07-10,10586110.44,3853319.925,True,False,True,PP (yellow),plastic,polymer,PP,PP (yellow),PP (yellow)
c_25,271,c_25-271,MAYP1114611__270__04471.txt,continuous_spectra,pp_yellow,2025-07-10,9461768.44,3853319.925,True,False,True,PP (yellow),plastic,polymer,PP,PP (yellow),PP (yellow)
c_25,272,c_25-272,MAYP1114611__271__04472.txt,continuous_spectra,pp_yellow,2025-07-10,9343285.56,3853319.925,True,False,True,PP (yellow),plastic,polymer,PP,PP (yellow),PP (yellow)
c_25,273,c_25-273,MAYP1114611__272__04473.txt,continuous_spectra,pp_yellow,2025-07-10,10520642.56,3853319.925,True,False,True,PP (yellow),plastic,polymer,PP,PP (yellow),PP (yellow)
c_25,274,c_25-274,MAYP1114611__273__04474.txt,continuous_spectra,pp_yellow,2025-07-10,9553144.0,3853319.925,True,False,True,PP (yellow),plastic,polymer,PP,PP (yellow),PP (yellow)
c_25,275,c_25-275,MAYP1114611__274__04475.txt,continuous_spectra,pp_yellow,2025-07-10,10187479.56,3853319.925,True,False,True,PP (yellow),plastic,polymer,PP,PP (yellow),PP (yellow)
c_25,276,c_25-276,MAYP1114611__275__04476.txt,continuous_spectra,pp_yellow,2025-07-10,8565937.0,3853319.925,True,False,True,PP (yellow),plastic,polymer,PP,PP (yellow),PP (yellow)
c_25,277,c_25-277,MAYP1114611__276__04477.txt,continuous_spectra,pp_yellow,2025-07-10,4528791.440000001,3853319.925,True,False,True,PP (yellow),plastic,polymer,PP,PP (yellow),PP (yellow)
c_26,28,c_26-028,MAYP1114611__27__04528.txt,continuous_spectra,pp_yellow,2025-07-10,4153701.440000002,4088407.575,True,False,True,PP (yellow),plastic,polymer,PP,PP (yellow),PP (yellow)
c_26,29,c_26-029,MAYP1114611__28__04529.txt,continuous_spectra,pp_yellow,2025-07-10,7316498.0,4088407.575,True,False,True,PP (yellow),plastic,polymer,PP,PP (yellow),PP (yellow)
c_26,30,c_26-030,MAYP1114611__29__04530.txt,continuous_spectra,pp_yellow,2025-07-10,6214635.559999999,4088407.575,True,False,True,PP (yellow),plastic,polymer,PP,PP (yellow),PP (yellow)
c_26,31,c_26-031,MAYP1114611__30__04531.txt,continuous_spectra,pp_yellow,2025-07-10,6810144.0,4088407.575,True,False,True,PP (yellow),plastic,polymer,PP,PP (yellow),PP (yellow)
c_26,32,c_26-032,MAYP1114611__31__04532.txt,continuous_spectra,pp_yellow,2025-07-10,8443519.440000001,4088407.575,True,False,True,PP (yellow),plastic,polymer,PP,PP (yellow),PP (yellow)
c_26,33,c_26-033,MAYP1114611__32__04533.txt,continuous_spectra,pp_yellow,2025-07-10,9316695.56,4088407.575,True,False,True,PP (yellow),plastic,polymer,PP,PP (yellow),PP (yellow)
c_26,34,c_26-034,MAYP1114611__33__04534.txt,continuous_spectra,pp_yellow,2025-07-10,11909781.44,4088407.575,True,False,True,PP (yellow),plastic,polymer,PP,PP (yellow),PP (yellow)
c_26,35,c_26-035,MAYP1114611__34__04535.txt,continuous_spectra,pp_yellow,2025-07-10,8753051.559999999,4088407.575,True,False,True,PP (yellow),plastic,polymer,PP,PP (yellow),PP (yellow)
c_26,36,c_26-036,MAYP1114611__35__04536.txt,continuous_spectra,pp_yellow,2025-07-10,7852028.0,4088407.575,True,False,True,PP (yellow),plastic,polymer,PP,PP (yellow),PP (yellow)
c_26,37,c_26-037,MAYP1114611__36__04537.txt,continuous_spectra,pp_yellow,2025-07-10,4565039.0,4088407.575,True,False,True,PP (yellow),plastic,polymer,PP,PP (yellow),PP (yellow)
c_26,41,c_26-041,MAYP1114611__40__04541.txt,continuous_spectra,pp_yellow,2025-07-10,5605728.0,4088407.575,True,False,True,PP (yellow),plastic,polymer,PP,PP (yellow),PP (yellow)
c_26,42,c_26-042,MAYP1114611__41__04542.txt,continuous_spectra,pp_yellow,2025-07-10,7013238.0,4088407.575,True,False,True,PP (yellow),plastic,polymer,PP,PP (yellow),PP (yellow)
c_26,43,c_26-043,MAYP1114611__42__04543.txt,continuous_spectra,pp_yellow,2025-07-10,5700412.0,4088407.575,True,False,True,PP (yellow),plastic,polymer,PP,PP (yellow),PP (yellow)
c_26,44,c_26-044,MAYP1114611__43__04544.txt,continuous_spectra,pp_yellow,2025-07-10,5966547.559999999,4088407.575,True,False,True,PP (yellow),plastic,polymer,PP,PP (yellow),PP (yellow)
c_26,45,c_26-045,MAYP1114611__44__04545.txt,continuous_spectra,pp_yellow,2025-07-10,7579740.0,4088407.575,True,False,True,PP (yellow),plastic,polymer,PP,PP (yellow),PP (yellow)
c_26,46,c_26-046,MAYP1114611__45__04546.txt,continuous_spectra,pp_yellow,2025-07-10,7514494.0,4088407.575,True,False,True,PP (yellow),plastic,polymer,PP,PP (yellow),PP (yellow)
c_26,47,c_26-047,MAYP1114611__46__04547.txt,continuous_spectra,pp_yellow,2025-07-10,5842917.559999999,4088407.575,True,False,True,PP (yellow),plastic,polymer,PP,PP (yellow),PP (yellow)
c_26,51,c_26-051,MAYP1114611__50__04551.txt,continuous_spectra,pp_yellow,2025-07-10,7846695.440000001,4088407.575,True,False,True,PP (yellow),plastic,polymer,PP,PP (yellow),PP (yellow)
c_26,52,c_26-052,MAYP1114611__51__04552.txt,continuous_spectra,pp_yellow,2025-07-10,7599950.0,4088407.575,True,False,True,PP (yellow),plastic,polymer,PP,PP (yellow),PP (yellow)
c_26,53,c_26-053,MAYP1114611__52__04553.txt,continuous_spectra,pp_yellow,2025-07-10,8943655.559999999,4088407.575,True,False,True,PP (yellow),plastic,polymer,PP,PP (yellow),PP (yellow)
c_26,54,c_26-054,MAYP1114611__53__04554.txt,continuous_spectra,pp_yellow,2025-07-10,9527576.0,4088407.575,True,False,True,PP (yellow),plastic,polymer,PP,PP (yellow),PP (yellow)
c_26,55,c_26-055,MAYP1114611__54__04555.txt,continuous_spectra,pp_yellow,2025-07-10,6789899.440000001,4088407.575,True,False,True,PP (yellow),plastic,polymer,PP,PP (yellow),PP (yellow)
c_26,56,c_26-056,MAYP1114611__55__04556.txt,continuous_spectra,pp_yellow,2025-07-10,5826743.440000001,4088407.575,True,False,True,PP (yellow),plastic,polymer,PP,PP (yellow),PP (yellow)
c_26,57,c_26-057,MAYP1114611__56__04557.txt,continuous_spectra,pp_yellow,2025-07-10,9206847.56,4088407.575,True,False,True,PP (yellow),plastic,polymer,PP,PP (yellow),PP (yellow)
c_26,58,c_26-058,MAYP1114611__57__04558.txt,continuous_spectra,pp_yellow,2025-07-10,6845362.0,4088407.575,True,False,True,PP (yellow),plastic,polymer,PP,PP (yellow),PP (yellow)
c_26,62,c_26-062,MAYP1114611__61__04562.txt,continuous_spectra,pp_yellow,2025-07-10,4354731.440000001,4088407.575,True,False,True,PP (yellow),plastic,polymer,PP,PP (yellow),PP (yellow)
c_26,63,c_26-063,MAYP1114611__62__04563.txt,continuous_spectra,pp_yellow,2025-07-10,5692437.559999999,4088407.575,True,False,True,PP (yellow),plastic,polymer,PP,PP (yellow),PP (yellow)
c_26,64,c_26-064,MAYP1114611__63__04564.txt,continuous_spectra,pp_yellow,2025-07-10,6546863.440000001,4088407.575,True,False,True,PP (yellow),plastic,polymer,PP,PP (yellow),PP (yellow)
c_26,65,c_26-065,MAYP1114611__64__04565.txt,continuous_spectra,pp_yellow,2025-07-10,7012963.559999999,4088407.575,True,False,True,PP (yellow),plastic,polymer,PP,PP (yellow),PP (yellow)
c_26,66,c_26-066,MAYP1114611__65__04566.txt,continuous_spectra,pp_yellow,2025-07-10,6003273.559999999,4088407.575,True,False,True,PP (yellow),plastic,polymer,PP,PP (yellow),PP (yellow)
c_26,67,c_26-067,MAYP1114611__66__04567.txt,continuous_spectra,pp_yellow,2025-07-10,8143767.559999999,4088407.575,True,False,True,PP (yellow),plastic,polymer,PP,PP (yellow),PP (yellow)
c_26,68,c_26-068,MAYP1114611__67__04568.txt,continuous_spectra,pp_yellow,2025-07-10,9305028.44,4088407.575,True,False,True,PP (yellow),plastic,polymer,PP,PP (yellow),PP (yellow)
c_26,69,c_26-069,MAYP1114611__68__04569.txt,continuous_spectra,pp_yellow,2025-07-10,4419137.440000001,4088407.575,True,False,True,PP (yellow),plastic,polymer,PP,PP (yellow),PP (yellow)
c_26,73,c_26-073,MAYP1114611__72__04573.txt,continuous_spectra,pp_yellow,2025-07-10,6660053.559999999,4088407.575,True,False,True,PP (yellow),plastic,polymer,PP,PP (yellow),PP (yellow)
c_26,74,c_26-074,MAYP1114611__73__04574.txt,continuous_spectra,pp_yellow,2025-07-10,8972806.440000001,4088407.575,True,False,True,PP (yellow),plastic,polymer,PP,PP (yellow),PP (yellow)
c_26,75,c_26-075,MAYP1114611__74__04575.txt,continuous_spectra,pp_yellow,2025-07-10,6069015.440000001,4088407.575,True,False,True,PP (yellow),plastic,polymer,PP,PP (yellow),PP (yellow)
c_26,76,c_26-076,MAYP1114611__75__04576.txt,continuous_spectra,pp_yellow,2025-07-10,5629895.440000001,4088407.575,True,False,True,PP (yellow),plastic,polymer,PP,PP (yellow),PP (yellow)
c_26,77,c_26-077,MAYP1114611__76__04577.txt,continuous_spectra,pp_yellow,2025-07-10,7688921.440000001,4088407.575,True,False,True,PP (yellow),plastic,polymer,PP,PP (yellow),PP (yellow)
c_26,78,c_26-078,MAYP1114611__77__04578.txt,continuous_spectra,pp_yellow,2025-07-10,9534449.56,4088407.575,True,False,True,PP (yellow),plastic,polymer,PP,PP (yellow),PP (yellow)
c_26,79,c_26-079,MAYP1114611__78__04579.txt,continuous_spectra,pp_yellow,2025-07-10,7755259.0,4088407.575,True,False,True,PP (yellow),plastic,polymer,PP,PP (yellow),PP (yellow)
c_26,80,c_26-080,MAYP1114611__79__04580.txt,continuous_spectra,pp_yellow,2025-07-10,5110256.559999999,4088407.575,True,False,True,PP (yellow),plastic,polymer,PP,PP (yellow),PP (yellow)
c_26,84,c_26-084,MAYP1114611__83__04584.txt,continuous_spectra,pp_yellow,2025-07-10,7958775.440000001,4088407.575,True,False,True,PP (yellow),plastic,polymer,PP,PP (yellow),PP (yellow)
c_26,85,c_26-085,MAYP1114611__84__04585.txt,continuous_spectra,pp_yellow,2025-07-10,8040760.559999999,4088407.575,True,False,True,PP (yellow),plastic,polymer,PP,PP (yellow),PP (yellow)
c_26,86,c_26-086,MAYP1114611__85__04586.txt,continuous_spectra,pp_yellow,2025-07-10,6293788.559999999,4088407.575,True,False,True,PP (yellow),plastic,polymer,PP,PP (yellow),PP (yellow)
c_26,87,c_26-087,MAYP1114611__86__04587.txt,continuous_spectra,pp_yellow,2025-07-10,7121352.0,4088407.575,True,False,True,PP (yellow),plastic,polymer,PP,PP (yellow),PP (yellow)
c_26,88,c_26-088,MAYP1114611__87__04588.txt,continuous_spectra,pp_yellow,2025-07-10,5765937.0,4088407.575,True,False,True,PP (yellow),plastic,polymer,PP,PP (yellow),PP (yellow)
c_26,89,c_26-089,MAYP1114611__88__04589.txt,continuous_spectra,pp_yellow,2025-07-10,7203170.559999999,4088407.575,True,False,True,PP (yellow),plastic,polymer,PP,PP (yellow),PP (yellow)
c_26,90,c_26-090,MAYP1114611__89__04590.txt,continuous_spectra,pp_yellow,2025-07-10,6480677.559999999,4088407.575,True,False,True,PP (yellow),plastic,polymer,PP,PP (yellow),PP (yellow)
c_26,121,c_26-121,MAYP1114611__120__04621.txt,continuous_spectra,pp_yellow,2025-07-10,5804477.440000001,4088407.575,True,False,True,PP (yellow),plastic,polymer,PP,PP (yellow),PP (yellow)
c_26,122,c_26-122,MAYP1114611__121__04622.txt,continuous_spectra,pp_yellow,2025-07-10,7759826.559999999,4088407.575,True,False,True,PP (yellow),plastic,polymer,PP,PP (yellow),PP (yellow)
c_26,123,c_26-123,MAYP1114611__122__04623.txt,continuous_spectra,pp_yellow,2025-07-10,6950126.559999999,4088407.575,True,False,True,PP (yellow),plastic,polymer,PP,PP (yellow),PP (yellow)
c_26,124,c_26-124,MAYP1114611__123__04624.txt,continuous_spectra,pp_yellow,2025-07-10,5111286.0,4088407.575,True,False,True,PP (yellow),plastic,polymer,PP,PP (yellow),PP (yellow)
c_26,125,c_26-125,MAYP1114611__124__04625.txt,continuous_spectra,pp_yellow,2025-07-10,6169406.559999999,4088407.575,True,False,True,PP (yellow),plastic,polymer,PP,PP (yellow),PP (yellow)
c_26,126,c_26-126,MAYP1114611__125__04626.txt,continuous_spectra,pp_yellow,2025-07-10,6814733.440000001,4088407.575,True,False,True,PP (yellow),plastic,polymer,PP,PP (yellow),PP (yellow)
c_26,127,c_26-127,MAYP1114611__126__04627.txt,continuous_spectra,pp_yellow,2025-07-10,6087142.440000001,4088407.575,True,False,True,PP (yellow),plastic,polymer,PP,PP (yellow),PP (yellow)
c_26,128,c_26-128,MAYP1114611__127__04628.txt,continuous_spectra,pp_yellow,2025-07-10,8746325.559999999,4088407.575,True,False,True,PP (yellow),plastic,polymer,PP,PP (yellow),PP (yellow)
c_26,129,c_26-129,MAYP1114611__128__04629.txt,continuous_spectra,pp_yellow,2025-07-10,4995280.440000001,4088407.575,True,False,True,PP (yellow),plastic,polymer,PP,PP (yellow),PP (yellow)
c_26,133,c_26-133,MAYP1114611__132__04633.txt,continuous_spectra,pp_yellow,2025-07-10,6595324.0,4088407.575,True,False,True,PP (yellow),plastic,polymer,PP,PP (yellow),PP (yellow)
c_26,134,c_26-134,MAYP1114611__133__04634.txt,continuous_spectra,pp_yellow,2025-07-10,7941917.559999999,4088407.575,True,False,True,PP (yellow),plastic,polymer,PP,PP (yellow),PP (yellow)
c_26,135,c_26-135,MAYP1114611__134__04635.txt,continuous_spectra,pp_yellow,2025-07-10,8850432.0,4088407.575,True,False,True,PP (yellow),plastic,polymer,PP,PP (yellow),PP (yellow)
c_26,136,c_26-136,MAYP1114611__135__04636.txt,continuous_spectra,pp_yellow,2025-07-10,6170567.559999999,4088407.575,True,False,True,PP (yellow),plastic,polymer,PP,PP (yellow),PP (yellow)
c_26,137,c_26-137,MAYP1114611__136__04637.txt,continuous_spectra,pp_yellow,2025-07-10,6356368.0,4088407.575,True,False,True,PP (yellow),plastic,polymer,PP,PP (yellow),PP (yellow)
c_26,138,c_26-138,MAYP1114611__137__04638.txt,continuous_spectra,pp_yellow,2025-07-10,6905117.559999999,4088407.575,True,False,True,PP (yellow),plastic,polymer,PP,PP (yellow),PP (yellow)
c_26,139,c_26-139,MAYP1114611__138__04639.txt,continuous_spectra,pp_yellow,2025-07-10,8140777.559999999,4088407.575,True,False,True,PP (yellow),plastic,polymer,PP,PP (yellow),PP (yellow)
c_26,144,c_26-144,MAYP1114611__143__04644.txt,continuous_spectra,pp_yellow,2025-07-10,8841602.559999999,4088407.575,True,False,True,PP (yellow),plastic,polymer,PP,PP (yellow),PP (yellow)
c_26,145,c_26-145,MAYP1114611__144__04645.txt,continuous_spectra,pp_yellow,2025-07-10,9993208.56,4088407.575,True,False,True,PP (yellow),plastic,polymer,PP,PP (yellow),PP (yellow)
c_26,146,c_26-146,MAYP1114611__145__04646.txt,continuous_spectra,pp_yellow,2025-07-10,9717016.56,4088407.575,True,False,True,PP (yellow),plastic,polymer,PP,PP (yellow),PP (yellow)
c_26,147,c_26-147,MAYP1114611__146__04647.txt,continuous_spectra,pp_yellow,2025-07-10,7953344.559999999,4088407.575,True,False,True,PP (yellow),plastic,polymer,PP,PP (yellow),PP (yellow)
c_26,148,c_26-148,MAYP1114611__147__04648.txt,continuous_spectra,pp_yellow,2025-07-10,11527865.56,4088407.575,True,False,True,PP (yellow),plastic,polymer,PP,PP (yellow),PP (yellow)
c_26,149,c_26-149,MAYP1114611__148__04649.txt,continuous_spectra,pp_yellow,2025-07-10,7901246.559999999,4088407.575,True,False,True,PP (yellow),plastic,polymer,PP,PP (yellow),PP (yellow)
c_26,150,c_26-150,MAYP1114611__149__04650.txt,continuous_spectra,pp_yellow,2025-07-10,8115851.440000001,4088407.575,True,False,True,PP (yellow),plastic,polymer,PP,PP (yellow),PP (yellow)
c_26,151,c_26-151,MAYP1114611__150__04651.txt,continuous_spectra,pp_yellow,2025-07-10,6858638.0,4088407.575,True,False,True,PP (yellow),plastic,polymer,PP,PP (yellow),PP (yellow)
c_26,154,c_26-154,MAYP1114611__153__04654.txt,continuous_spectra,pp_yellow,2025-07-10,5186815.440000001,4088407.575,True,False,True,PP (yellow),plastic,polymer,PP,PP (yellow),PP (yellow)
c_26,155,c_26-155,MAYP1114611__154__04655.txt,continuous_spectra,pp_yellow,2025-07-10,9432209.0,4088407.575,True,False,True,PP (yellow),plastic,polymer,PP,PP (yellow),PP (yellow)
c_26,156,c_26-156,MAYP1114611__155__04656.txt,continuous_spectra,pp_yellow,2025-07-10,10629618.56,4088407.575,True,False,True,PP (yellow),plastic,polymer,PP,PP (yellow),PP (yellow)
c_26,157,c_26-157,MAYP1114611__156__04657.txt,continuous_spectra,pp_yellow,2025-07-10,8209647.0,4088407.575,True,False,True,PP (yellow),plastic,polymer,PP,PP (yellow),PP (yellow)
c_26,158,c_26-158,MAYP1114611__157__04658.txt,continuous_spectra,pp_yellow,2025-07-10,7355713.559999999,4088407.575,True,False,True,PP (yellow),plastic,polymer,PP,PP (yellow),PP (yellow)
c_26,159,c_26-159,MAYP1114611__158__04659.txt,continuous_spectra,pp_yellow,2025-07-10,8644105.440000001,4088407.575,True,False,True,PP (yellow),plastic,polymer,PP,PP (yellow),PP (yellow)
c_26,160,c_26-160,MAYP1114611__159__04660.txt,continuous_spectra,pp_yellow,2025-07-10,9219535.56,4088407.575,True,False,True,PP (yellow),plastic,polymer,PP,PP (yellow),PP (yellow)
c_26,161,c_26-161,MAYP1114611__160__04661.txt,continuous_spectra,pp_yellow,2025-07-10,8458649.559999999,4088407.575,True,False,True,PP (yellow),plastic,polymer,PP,PP (yellow),PP (yellow)
c_26,165,c_26-165,MAYP1114611__164__04665.txt,continuous_spectra,pp_yellow,2025-07-10,8271203.559999999,4088407.575,True,False,True,PP (yellow),plastic,polymer,PP,PP (yellow),PP (yellow)
c_26,166,c_26-166,MAYP1114611__165__04666.txt,continuous_spectra,pp_yellow,2025-07-10,10888216.56,4088407.575,True,False,True,PP (yellow),plastic,polymer,PP,PP (yellow),PP (yellow)
c_26,167,c_26-167,MAYP1114611__166__04667.txt,continuous_spectra,pp_yellow,2025-07-10,8955037.559999999,4088407.575,True,False,True,PP (yellow),plastic,polymer,PP,PP (yellow),PP (yellow)
c_26,168,c_26-168,MAYP1114611__167__04668.txt,continuous_spectra,pp_yellow,2025-07-10,9939854.0,4088407.575,True,False,True,PP (yellow),plastic,polymer,PP,PP (yellow),PP (yellow)
c_26,169,c_26-169,MAYP1114611__168__04669.txt,continuous_spectra,pp_yellow,2025-07-10,7389092.559999999,4088407.575,True,False,True,PP (yellow),plastic,polymer,PP,PP (yellow),PP (yellow)
c_26,170,c_26-170,MAYP1114611__169__04670.txt,continuous_spectra,pp_yellow,2025-07-10,8328600.0,4088407.575,True,False,True,PP (yellow),plastic,polymer,PP,PP (yellow),PP (yellow)
c_26,171,c_26-171,MAYP1114611__170__04671.txt,continuous_spectra,pp_yellow,2025-07-10,7068599.0,4088407.575,True,False,True,PP (yellow),plastic,polymer,PP,PP (yellow),PP (yellow)
c_26,172,c_26-172,MAYP1114611__171__04672.txt,continuous_spectra,pp_yellow,2025-07-10,4295665.440000001,4088407.575,True,False,True,PP (yellow),plastic,polymer,PP,PP (yellow),PP (yellow)
c_26,173,c_26-173,MAYP1114611__172__04673.txt,continuous_spectra,pp_yellow,2025-07-10,5441947.0,4088407.575,True,False,True,PP (yellow),plastic,polymer,PP,PP (yellow),PP (yellow)
c_26,177,c_26-177,MAYP1114611__176__04677.txt,continuous_spectra,pp_yellow,2025-07-10,6261721.559999999,4088407.575,True,False,True,PP (yellow),plastic,polymer,PP,PP (yellow),PP (yellow)
c_26,178,c_26-178,MAYP1114611__177__04678.txt,continuous_spectra,pp_yellow,2025-07-10,9209219.0,4088407.575,True,False,True,PP (yellow),plastic,polymer,PP,PP (yellow),PP (yellow)
c_26,179,c_26-179,MAYP1114611__178__04679.txt,continuous_spectra,pp_yellow,2025-07-10,8233289.440000001,4088407.575,True,False,True,PP (yellow),plastic,polymer,PP,PP (yellow),PP (yellow)
c_26,180,c_26-180,MAYP1114611__179__04680.txt,continuous_spectra,pp_yellow,2025-07-10,8821373.559999999,4088407.575,True,False,True,PP (yellow),plastic,polymer,PP,PP (yellow),PP (yellow)
c_26,181,c_26-181,MAYP1114611__180__04681.txt,continuous_spectra,pp_yellow,2025-07-10,8743072.559999999,4088407.575,True,False,True,PP (yellow),plastic,polymer,PP,PP (yellow),PP (yellow)
c_26,182,c_26-182,MAYP1114611__181__04682.txt,continuous_spectra,pp_yellow,2025-07-10,7797288.559999999,4088407.575,True,False,True,PP (yellow),plastic,polymer,PP,PP (yellow),PP (yellow)
c_26,183,c_26-183,MAYP1114611__182__04683.txt,continuous_spectra,pp_yellow,2025-07-10,8801419.559999999,4088407.575,True,False,True,PP (yellow),plastic,polymer,PP,PP (yellow),PP (yellow)
c_26,214,c_26-214,MAYP1114611__213__04714.txt,continuous_spectra,pp_yellow,2025-07-10,5115684.440000001,4088407.575,True,False,True,PP (yellow),plastic,polymer,PP,PP (yellow),PP (yellow)
c_26,215,c_26-215,MAYP1114611__214__04715.txt,continuous_spectra,pp_yellow,2025-07-10,8916771.559999999,4088407.575,True,False,True,PP (yellow),plastic,polymer,PP,PP (yellow),PP (yellow)
c_26,216,c_26-216,MAYP1114611__215__04716.txt,continuous_spectra,pp_yellow,2025-07-10,7626368.559999999,4088407.575,True,False,True,PP (yellow),plastic,polymer,PP,PP (yellow),PP (yellow)
c_26,217,c_26-217,MAYP1114611__216__04717.txt,continuous_spectra,pp_yellow,2025-07-10,7239540.559999999,4088407.575,True,False,True,PP (yellow),plastic,polymer,PP,PP (yellow),PP (yellow)
c_26,218,c_26-218,MAYP1114611__217__04718.txt,continuous_spectra,pp_yellow,2025-07-10,6329293.559999999,4088407.575,True,False,True,PP (yellow),plastic,polymer,PP,PP (yellow),PP (yellow)
c_26,219,c_26-219,MAYP1114611__218__04719.txt,continuous_spectra,pp_yellow,2025-07-10,7761308.440000001,4088407.575,True,False,True,PP (yellow),plastic,polymer,PP,PP (yellow),PP (yellow)
c_26,220,c_26-220,MAYP1114611__219__04720.txt,continuous_spectra,pp_yellow,2025-07-10,7907262.440000001,4088407.575,True,False,True,PP (yellow),plastic,polymer,PP,PP (yellow),PP (yellow)
c_26,221,c_26-221,MAYP1114611__220__04721.txt,continuous_spectra,pp_yellow,2025-07-10,6350417.440000001,4088407.575,True,False,True,PP (yellow),plastic,polymer,PP,PP (yellow),PP (yellow)
c_26,222,c_26-222,MAYP1114611__221__04722.txt,continuous_spectra,pp_yellow,2025-07-10,6480618.559999999,4088407.575,True,False,True,PP (yellow),plastic,polymer,PP,PP (yellow),PP (yellow)
c_26,225,c_26-225,MAYP1114611__224__04725.txt,continuous_spectra,pp_yellow,2025-07-10,5236402.0,4088407.575,True,False,True,PP (yellow),plastic,polymer,PP,PP (yellow),PP (yellow)
c_26,226,c_26-226,MAYP1114611__225__04726.txt,continuous_spectra,pp_yellow,2025-07-10,8350212.0,4088407.575,True,False,True,PP (yellow),plastic,polymer,PP,PP (yellow),PP (yellow)
c_26,227,c_26-227,MAYP1114611__226__04727.txt,continuous_spectra,pp_yellow,2025-07-10,8908200.0,4088407.575,True,False,True,PP (yellow),plastic,polymer,PP,PP (yellow),PP (yellow)
c_26,228,c_26-228,MAYP1114611__227__04728.txt,continuous_spectra,pp_yellow,2025-07-10,6954372.440000001,4088407.575,True,False,True,PP (yellow),plastic,polymer,PP,PP (yellow),PP (yellow)
c_26,229,c_26-229,MAYP1114611__228__04729.txt,continuous_spectra,pp_yellow,2025-07-10,8406513.440000001,4088407.575,True,False,True,PP (yellow),plastic,polymer,PP,PP (yellow),PP (yellow)
c_26,230,c_26-230,MAYP1114611__229__04730.txt,continuous_spectra,pp_yellow,2025-07-10,10058931.44,4088407.575,True,False,True,PP (yellow),plastic,polymer,PP,PP (yellow),PP (yellow)
c_26,231,c_26-231,MAYP1114611__230__04731.txt,continuous_spectra,pp_yellow,2025-07-10,7043693.559999999,4088407.575,True,False,True,PP (yellow),plastic,polymer,PP,PP (yellow),PP (yellow)
c_26,232,c_26-232,MAYP1114611__231__04732.txt,continuous_spectra,pp_yellow,2025-07-10,6289459.440000001,4088407.575,True,False,True,PP (yellow),plastic,polymer,PP,PP (yellow),PP (yellow)
c_26,237,c_26-237,MAYP1114611__236__04737.txt,continuous_spectra,pp_yellow,2025-07-10,6547695.0,4088407.575,True,False,True,PP (yellow),plastic,polymer,PP,PP (yellow),PP (yellow)
c_26,238,c_26-238,MAYP1114611__237__04738.txt,continuous_spectra,pp_yellow,2025-07-10,8890639.440000001,4088407.575,True,False,True,PP (yellow),plastic,polymer,PP,PP (yellow),PP (yellow)
c_26,239,c_26-239,MAYP1114611__238__04739.txt,continuous_spectra,pp_yellow,2025-07-10,8138018.0,4088407.575,True,False,True,PP (yellow),plastic,polymer,PP,PP (yellow),PP (yellow)
c_26,240,c_26-240,MAYP1114611__239__04740.txt,continuous_spectra,pp_yellow,2025-07-10,8300512.559999999,4088407.575,True,False,True,PP (yellow),plastic,polymer,PP,PP (yellow),PP (yellow)
c_26,241,c_26-241,MAYP1114611__240__04741.txt,continuous_spectra,pp_yellow,2025-07-10,9818143.44,4088407.575,True,False,True,PP (yellow),plastic,polymer,PP,PP (yellow),PP (yellow)
c_26,242,c_26-242,MAYP1114611__241__04742.txt,continuous_spectra,pp_yellow,2025-07-10,7951236.440000001,4088407.575,True,False,True,PP (yellow),plastic,polymer,PP,PP (yellow),PP (yellow)
c_26,243,c_26-243,MAYP1114611__242__04743.txt,continuous_spectra,pp_yellow,2025-07-10,7844610.0,4088407.575,True,False,True,PP (yellow),plastic,polymer,PP,PP (yellow),PP (yellow)
c_26,247,c_26-247,MAYP1114611__246__04747.txt,continuous_spectra,pp_yellow,2025-07-10,4773617.559999999,4088407.575,True,False,True,PP (yellow),plastic,polymer,PP,PP (yellow),PP (yellow)
c_26,248,c_26-248,MAYP1114611__247__04748.txt,continuous_spectra,pp_yellow,2025-07-10,9486632.56,4088407.575,True,False,True,PP (yellow),plastic,polymer,PP,PP (yellow),PP (yellow)
c_26,249,c_26-249,MAYP1114611__248__04749.txt,continuous_spectra,pp_yellow,2025-07-10,10330987.0,4088407.575,True,False,True,PP (yellow),plastic,polymer,PP,PP (yellow),PP (yellow)
c_26,250,c_26-250,MAYP1114611__249__04750.txt,continuous_spectra,pp_yellow,2025-07-10,9491192.44,4088407.575,True,False,True,PP (yellow),plastic,polymer,PP,PP (yellow),PP (yellow)
c_26,251,c_26-251,MAYP1114611__250__04751.txt,continuous_spectra,pp_yellow,2025-07-10,6456624.0,4088407.575,True,False,True,PP (yellow),plastic,polymer,PP,PP (yellow),PP (yellow)
c_26,252,c_26-252,MAYP1114611__251__04752.txt,continuous_spectra,pp_yellow,2025-07-10,5425587.440000001,4088407.575,True,False,True,PP (yellow),plastic,polymer,PP,PP (yellow),PP (yellow)
c_26,253,c_26-253,MAYP1114611__252__04753.txt,continuous_spectra,pp_yellow,2025-07-10,6057551.559999999,4088407.575,True,False,True,PP (yellow),plastic,polymer,PP,PP (yellow),PP (yellow)
c_26,254,c_26-254,MAYP1114611__253__04754.txt,continuous_spectra,pp_yellow,2025-07-10,6455264.559999999,4088407.575,True,False,True,PP (yellow),plastic,polymer,PP,PP (yellow),PP (yellow)
c_26,258,c_26-258,MAYP1114611__257__04758.txt,continuous_spectra,pp_yellow,2025-07-10,6847255.0,4088407.575,True,False,True,PP (yellow),plastic,polymer,PP,PP (yellow),PP (yellow)
c_26,259,c_26-259,MAYP1114611__258__04759.txt,continuous_spectra,pp_yellow,2025-07-10,8655259.440000001,4088407.575,True,False,True,PP (yellow),plastic,polymer,PP,PP (yellow),PP (yellow)
c_26,260,c_26-260,MAYP1114611__259__04760.txt,continuous_spectra,pp_yellow,2025-07-10,8284056.440000001,4088407.575,True,False,True,PP (yellow),plastic,polymer,PP,PP (yellow),PP (yellow)
c_26,261,c_26-261,MAYP1114611__260__04761.txt,continuous_spectra,pp_yellow,2025-07-10,7315181.559999999,4088407.575,True,False,True,PP (yellow),plastic,polymer,PP,PP (yellow),PP (yellow)
c_26,262,c_26-262,MAYP1114611__261__04762.txt,continuous_spectra,pp_yellow,2025-07-10,8956479.440000001,4088407.575,True,False,True,PP (yellow),plastic,polymer,PP,PP (yellow),PP (yellow)
c_26,263,c_26-263,MAYP1114611__262__04763.txt,continuous_spectra,pp_yellow,2025-07-10,7363111.440000001,4088407.575,True,False,True,PP (yellow),plastic,polymer,PP,PP (yellow),PP (yellow)
c_26,264,c_26-264,MAYP1114611__263__04764.txt,continuous_spectra,pp_yellow,2025-07-10,7321601.440000001,4088407.575,True,False,True,PP (yellow),plastic,polymer,PP,PP (yellow),PP (yellow)
c_26,265,c_26-265,MAYP1114611__264__04765.txt,continuous_spectra,pp_yellow,2025-07-10,5549595.0,4088407.575,True,False,True,PP (yellow),plastic,polymer,PP,PP (yellow),PP (yellow)
c_26,269,c_26-269,MAYP1114611__268__04769.txt,continuous_spectra,pp_yellow,2025-07-10,7435459.559999999,4088407.575,True,False,True,PP (yellow),plastic,polymer,PP,PP (yellow),PP (yellow)
c_26,270,c_26-270,MAYP1114611__269__04770.txt,continuous_spectra,pp_yellow,2025-07-10,7446910.559999999,4088407.575,True,False,True,PP (yellow),plastic,polymer,PP,PP (yellow),PP (yellow)
c_26,271,c_26-271,MAYP1114611__270__04771.txt,continuous_spectra,pp_yellow,2025-07-10,7557060.559999999,4088407.575,True,False,True,PP (yellow),plastic,polymer,PP,PP (yellow),PP (yellow)
c_26,272,c_26-272,MAYP1114611__271__04772.txt,continuous_spectra,pp_yellow,2025-07-10,7397471.559999999,4088407.575,True,False,True,PP (yellow),plastic,polymer,PP,PP (yellow),PP (yellow)
c_26,273,c_26-273,MAYP1114611__272__04773.txt,continuous_spectra,pp_yellow,2025-07-10,7906767.559999999,4088407.575,True,False,True,PP (yellow),plastic,polymer,PP,PP (yellow),PP (yellow)
c_26,274,c_26-274,MAYP1114611__273__04774.txt,continuous_spectra,pp_yellow,2025-07-10,8942952.559999999,4088407.575,True,False,True,PP (yellow),plastic,polymer,PP,PP (yellow),PP (yellow)
c_26,275,c_26-275,MAYP1114611__274__04775.txt,continuous_spectra,pp_yellow,2025-07-10,8125290.559999999,4088407.575,True,False,True,PP (yellow),plastic,polymer,PP,PP (yellow),PP (yellow)
c_26,276,c_26-276,MAYP1114611__275__04776.txt,continuous_spectra,pp_yellow,2025-07-10,8831993.440000001,4088407.575,True,False,True,PP (yellow),plastic,polymer,PP,PP (yellow),PP (yellow)
c_26,277,c_26-277,MAYP1114611__276__04777.txt,continuous_spectra,pp_yellow,2025-07-10,4940555.440000001,4088407.575,True,False,True,PP (yellow),plastic,polymer,PP,PP (yellow),PP (yellow)
c_27,28,c_27-028,MAYP1114611__27__04828.txt,continuous_spectra,ps_blue,2025-07-10,3925539.0,3781353.743999999,True,False,True,PS (blue),plastic,polymer,PS,PS (blue),PS (blue)
c_27,29,c_27-029,MAYP1114611__28__04829.txt,continuous_spectra,ps_blue,2025-07-10,9303728.56,3781353.743999999,True,False,True,PS (blue),plastic,polymer,PS,PS (blue),PS (blue)
c_27,30,c_27-030,MAYP1114611__29__04830.txt,continuous_spectra,ps_blue,2025-07-10,9269646.44,3781353.743999999,True,False,True,PS (blue),plastic,polymer,PS,PS (blue),PS (blue)
c_27,31,c_27-031,MAYP1114611__30__04831.txt,continuous_spectra,ps_blue,2025-07-10,5124125.559999999,3781353.743999999,True,False,True,PS (blue),plastic,polymer,PS,PS (blue),PS (blue)
c_27,32,c_27-032,MAYP1114611__31__04832.txt,continuous_spectra,ps_blue,2025-07-10,4554298.0,3781353.743999999,True,False,True,PS (blue),plastic,polymer,PS,PS (blue),PS (blue)
c_27,33,c_27-033,MAYP1114611__32__04833.txt,continuous_spectra,ps_blue,2025-07-10,4220903.0,3781353.743999999,True,False,True,PS (blue),plastic,polymer,PS,PS (blue),PS (blue)
c_27,34,c_27-034,MAYP1114611__33__04834.txt,continuous_spectra,ps_blue,2025-07-10,4253744.0,3781353.743999999,True,False,True,PS (blue),plastic,polymer,PS,PS (blue),PS (blue)
c_27,35,c_27-035,MAYP1114611__34__04835.txt,continuous_spectra,ps_blue,2025-07-10,6943221.0,3781353.743999999,True,False,True,PS (blue),plastic,polymer,PS,PS (blue),PS (blue)
c_27,36,c_27-036,MAYP1114611__35__04836.txt,continuous_spectra,ps_blue,2025-07-10,7702092.440000001,3781353.743999999,True,False,True,PS (blue),plastic,polymer,PS,PS (blue),PS (blue)
c_27,40,c_27-040,MAYP1114611__39__04840.txt,continuous_spectra,ps_blue,2025-07-10,4188052.440000002,3781353.743999999,True,False,True,PS (blue),plastic,polymer,PS,PS (blue),PS (blue)
c_27,41,c_27-041,MAYP1114611__40__04841.txt,continuous_spectra,ps_blue,2025-07-10,5659454.440000001,3781353.743999999,True,False,True,PS (blue),plastic,polymer,PS,PS (blue),PS (blue)
c_27,42,c_27-042,MAYP1114611__41__04842.txt,continuous_spectra,ps_blue,2025-07-10,4649688.440000001,3781353.743999999,True,False,True,PS (blue),plastic,polymer,PS,PS (blue),PS (blue)
c_27,43,c_27-043,MAYP1114611__42__04843.txt,continuous_spectra,ps_blue,2025-07-10,5179846.0,3781353.743999999,True,False,True,PS (blue),plastic,polymer,PS,PS (blue),PS (blue)
c_27,44,c_27-044,MAYP1114611__43__04844.txt,continuous_spectra,ps_blue,2025-07-10,4874772.559999999,3781353.743999999,True,False,True,PS (blue),plastic,polymer,PS,PS (blue),PS (blue)
c_27,45,c_27-045,MAYP1114611__44__04845.txt,continuous_spectra,ps_blue,2025-07-10,5610547.440000001,3781353.743999999,True,False,True,PS (blue),plastic,polymer,PS,PS (blue),PS (blue)
c_27,46,c_27-046,MAYP1114611__45__04846.txt,continuous_spectra,ps_blue,2025-07-10,8069878.0,3781353.743999999,True,False,True,PS (blue),plastic,polymer,PS,PS (blue),PS (blue)
c_27,47,c_27-047,MAYP1114611__46__04847.txt,continuous_spectra,ps_blue,2025-07-10,3993571.440000002,3781353.743999999,True,False,True,PS (blue),plastic,polymer,PS,PS (blue),PS (blue)
c_27,51,c_27-051,MAYP1114611__50__04851.txt,continuous_spectra,ps_blue,2025-07-10,5568710.0,3781353.743999999,True,False,True,PS (blue),plastic,polymer,PS,PS (blue),PS (blue)
c_27,52,c_27-052,MAYP1114611__51__04852.txt,continuous_spectra,ps_blue,2025-07-10,6626130.0,3781353.743999999,True,False,True,PS (blue),plastic,polymer,PS,PS (blue),PS (blue)
c_27,53,c_27-053,MAYP1114611__52__04853.txt,continuous_spectra,ps_blue,2025-07-10,7894079.440000001,3781353.743999999,True,False,True,PS (blue),plastic,polymer,PS,PS (blue),PS (blue)
c_27,54,c_27-054,MAYP1114611__53__04854.txt,continuous_spectra,ps_blue,2025-07-10,8178705.559999999,3781353.743999999,True,False,True,PS (blue),plastic,polymer,PS,PS (blue),PS (blue)
c_27,55,c_27-055,MAYP1114611__54__04855.txt,continuous_spectra,ps_blue,2025-07-10,8266314.440000001,3781353.743999999,True,False,True,PS (blue),plastic,polymer,PS,PS (blue),PS (blue)
c_27,56,c_27-056,MAYP1114611__55__04856.txt,continuous_spectra,ps_blue,2025-07-10,10148419.56,3781353.743999999,True,False,True,PS (blue),plastic,polymer,PS,PS (blue),PS (blue)
c_27,57,c_27-057,MAYP1114611__56__04857.txt,continuous_spectra,ps_blue,2025-07-10,8566635.0,3781353.743999999,True,False,True,PS (blue),plastic,polymer,PS,PS (blue),PS (blue)
c_27,58,c_27-058,MAYP1114611__57__04858.txt,continuous_spectra,ps_blue,2025-07-10,5555702.440000001,3781353.743999999,True,False,True,PS (blue),plastic,polymer,PS,PS (blue),PS (blue)
c_27,63,c_27-063,MAYP1114611__62__04863.txt,continuous_spectra,ps_blue,2025-07-10,9673771.56,3781353.743999999,True,False,True,PS (blue),plastic,polymer,PS,PS (blue),PS (blue)
c_27,64,c_27-064,MAYP1114611__63__04864.txt,continuous_spectra,ps_blue,2025-07-10,6351077.0,3781353.743999999,True,False,True,PS (blue),plastic,polymer,PS,PS (blue),PS (blue)
c_27,65,c_27-065,MAYP1114611__64__04865.txt,continuous_spectra,ps_blue,2025-07-10,6025917.440000001,3781353.743999999,True,False,True,PS (blue),plastic,polymer,PS,PS (blue),PS (blue)
c_27,66,c_27-066,MAYP1114611__65__04866.txt,continuous_spectra,ps_blue,2025-07-10,8469802.559999999,3781353.743999999,True,False,True,PS (blue),plastic,polymer,PS,PS (blue),PS (blue)
c_27,67,c_27-067,MAYP1114611__66__04867.txt,continuous_spectra,ps_blue,2025-07-10,6464968.0,3781353.743999999,True,False,True,PS (blue),plastic,polymer,PS,PS (blue),PS (blue)
c_27,68,c_27-068,MAYP1114611__67__04868.txt,continuous_spectra,ps_blue,2025-07-10,7702028.0,3781353.743999999,True,False,True,PS (blue),plastic,polymer,PS,PS (blue),PS (blue)
c_27,69,c_27-069,MAYP1114611__68__04869.txt,continuous_spectra,ps_blue,2025-07-10,4020738.0,3781353.743999999,True,False,True,PS (blue),plastic,polymer,PS,PS (blue),PS (blue)
c_27,73,c_27-073,MAYP1114611__72__04873.txt,continuous_spectra,ps_blue,2025-07-10,4487807.559999999,3781353.743999999,True,False,True,PS (blue),plastic,polymer,PS,PS (blue),PS (blue)
c_27,74,c_27-074,MAYP1114611__73__04874.txt,continuous_spectra,ps_blue,2025-07-10,7147019.559999999,3781353.743999999,True,False,True,PS (blue),plastic,polymer,PS,PS (blue),PS (blue)
c_27,75,c_27-075,MAYP1114611__74__04875.txt,continuous_spectra,ps_blue,2025-07-10,7270026.440000001,3781353.743999999,True,False,True,PS (blue),plastic,polymer,PS,PS (blue),PS (blue)
c_27,76,c_27-076,MAYP1114611__75__04876.txt,continuous_spectra,ps_blue,2025-07-10,3936092.559999998,3781353.743999999,True,False,True,PS (blue),plastic,polymer,PS,PS (blue),PS (blue)
c_27,78,c_27-078,MAYP1114611__77__04878.txt,continuous_spectra,ps_blue,2025-07-10,3905328.440000002,3781353.743999999,True,False,True,PS (blue),plastic,polymer,PS,PS (blue),PS (blue)
c_27,79,c_27-079,MAYP1114611__78__04879.txt,continuous_spectra,ps_blue,2025-07-10,5094341.559999999,3781353.743999999,True,False,True,PS (blue),plastic,polymer,PS,PS (blue),PS (blue)
c_27,80,c_27-080,MAYP1114611__79__04880.txt,continuous_spectra,ps_blue,2025-07-10,5668307.440000001,3781353.743999999,True,False,True,PS (blue),plastic,polymer,PS,PS (blue),PS (blue)
c_27,84,c_27-084,MAYP1114611__83__04884.txt,continuous_spectra,ps_blue,2025-07-10,5274658.559999999,3781353.743999999,True,False,True,PS (blue),plastic,polymer,PS,PS (blue),PS (blue)
c_27,85,c_27-085,MAYP1114611__84__04885.txt,continuous_spectra,ps_blue,2025-07-10,6753137.440000001,3781353.743999999,True,False,True,PS (blue),plastic,polymer,PS,PS (blue),PS (blue)
c_27,86,c_27-086,MAYP1114611__85__04886.txt,continuous_spectra,ps_blue,2025-07-10,6093018.0,3781353.743999999,True,False,True,PS (blue),plastic,polymer,PS,PS (blue),PS (blue)
c_27,87,c_27-087,MAYP1114611__86__04887.txt,continuous_spectra,ps_blue,2025-07-10,5539672.559999999,3781353.743999999,True,False,True,PS (blue),plastic,polymer,PS,PS (blue),PS (blue)
c_27,88,c_27-088,MAYP1114611__87__04888.txt,continuous_spectra,ps_blue,2025-07-10,4589592.440000001,3781353.743999999,True,False,True,PS (blue),plastic,polymer,PS,PS (blue),PS (blue)
c_27,89,c_27-089,MAYP1114611__88__04889.txt,continuous_spectra,ps_blue,2025-07-10,4586308.559999999,3781353.743999999,True,False,True,PS (blue),plastic,polymer,PS,PS (blue),PS (blue)
c_27,90,c_27-090,MAYP1114611__89__04890.txt,continuous_spectra,ps_blue,2025-07-10,5091746.440000001,3781353.743999999,True,False,True,PS (blue),plastic,polymer,PS,PS (blue),PS (blue)
c_27,91,c_27-091,MAYP1114611__90__04891.txt,continuous_spectra,ps_blue,2025-07-10,4058368.440000002,3781353.743999999,True,False,True,PS (blue),plastic,polymer,PS,PS (blue),PS (blue)
c_27,121,c_27-121,MAYP1114611__120__04921.txt,continuous_spectra,ps_blue,2025-07-10,4612751.559999999,3781353.743999999,True,False,True,PS (blue),plastic,polymer,PS,PS (blue),PS (blue)
c_27,122,c_27-122,MAYP1114611__121__04922.txt,continuous_spectra,ps_blue,2025-07-10,7384841.0,3781353.743999999,True,False,True,PS (blue),plastic,polymer,PS,PS (blue),PS (blue)
c_27,123,c_27-123,MAYP1114611__122__04923.txt,continuous_spectra,ps_blue,2025-07-10,7253285.0,3781353.743999999,True,False,True,PS (blue),plastic,polymer,PS,PS (blue),PS (blue)
c_27,124,c_27-124,MAYP1114611__123__04924.txt,continuous_spectra,ps_blue,2025-07-10,7376231.0,3781353.743999999,True,False,True,PS (blue),plastic,polymer,PS,PS (blue),PS (blue)
c_27,125,c_27-125,MAYP1114611__124__04925.txt,continuous_spectra,ps_blue,2025-07-10,8496985.0,3781353.743999999,True,False,True,PS (blue),plastic,polymer,PS,PS (blue),PS (blue)
c_27,126,c_27-126,MAYP1114611__125__04926.txt,continuous_spectra,ps_blue,2025-07-10,7619756.440000001,3781353.743999999,True,False,True,PS (blue),plastic,polymer,PS,PS (blue),PS (blue)
c_27,127,c_27-127,MAYP1114611__126__04927.txt,continuous_spectra,ps_blue,2025-07-10,4520336.0,3781353.743999999,True,False,True,PS (blue),plastic,polymer,PS,PS (blue),PS (blue)
c_27,128,c_27-128,MAYP1114611__127__04928.txt,continuous_spectra,ps_blue,2025-07-10,4764751.559999999,3781353.743999999,True,False,True,PS (blue),plastic,polymer,PS,PS (blue),PS (blue)
c_27,129,c_27-129,MAYP1114611__128__04929.txt,continuous_spectra,ps_blue,2025-07-10,6007348.440000001,3781353.743999999,True,False,True,PS (blue),plastic,polymer,PS,PS (blue),PS (blue)
c_27,133,c_27-133,MAYP1114611__132__04933.txt,continuous_spectra,ps_blue,2025-07-10,6266487.559999999,3781353.743999999,True,False,True,PS (blue),plastic,polymer,PS,PS (blue),PS (blue)
c_27,134,c_27-134,MAYP1114611__133__04934.txt,continuous_spectra,ps_blue,2025-07-10,5631638.0,3781353.743999999,True,False,True,PS (blue),plastic,polymer,PS,PS (blue),PS (blue)
c_27,135,c_27-135,MAYP1114611__134__04935.txt,continuous_spectra,ps_blue,2025-07-10,5798450.0,3781353.743999999,True,False,True,PS (blue),plastic,polymer,PS,PS (blue),PS (blue)
c_27,136,c_27-136,MAYP1114611__135__04936.txt,continuous_spectra,ps_blue,2025-07-10,6489837.440000001,3781353.743999999,True,False,True,PS (blue),plastic,polymer,PS,PS (blue),PS (blue)
c_27,137,c_27-137,MAYP1114611__136__04937.txt,continuous_spectra,ps_blue,2025-07-10,7319189.0,3781353.743999999,True,False,True,PS (blue),plastic,polymer,PS,PS (blue),PS (blue)
c_27,138,c_27-138,MAYP1114611__137__04938.txt,continuous_spectra,ps_blue,2025-07-10,6834771.440000001,3781353.743999999,True,False,True,PS (blue),plastic,polymer,PS,PS (blue),PS (blue)
c_27,139,c_27-139,MAYP1114611__138__04939.txt,continuous_spectra,ps_blue,2025-07-10,4873191.559999999,3781353.743999999,True,False,True,PS (blue),plastic,polymer,PS,PS (blue),PS (blue)
c_27,144,c_27-144,MAYP1114611__143__04944.txt,continuous_spectra,ps_blue,2025-07-10,7030746.0,3781353.743999999,True,False,True,PS (blue),plastic,polymer,PS,PS (blue),PS (blue)
c_27,145,c_27-145,MAYP1114611__144__04945.txt,continuous_spectra,ps_blue,2025-07-10,8278068.0,3781353.743999999,True,False,True,PS (blue),plastic,polymer,PS,PS (blue),PS (blue)
c_27,146,c_27-146,MAYP1114611__145__04946.txt,continuous_spectra,ps_blue,2025-07-10,6691686.440000001,3781353.743999999,True,False,True,PS (blue),plastic,polymer,PS,PS (blue),PS (blue)
c_27,147,c_27-147,MAYP1114611__146__04947.txt,continuous_spectra,ps_blue,2025-07-10,5239767.559999999,3781353.743999999,True,False,True,PS (blue),plastic,polymer,PS,PS (blue),PS (blue)
c_27,148,c_27-148,MAYP1114611__147__04948.txt,continuous_spectra,ps_blue,2025-07-10,6406379.0,3781353.743999999,True,False,True,PS (blue),plastic,polymer,PS,PS (blue),PS (blue)
c_27,149,c_27-149,MAYP1114611__148__04949.txt,continuous_spectra,ps_blue,2025-07-10,5905558.559999999,3781353.743999999,True,False,True,PS (blue),plastic,polymer,PS,PS (blue),PS (blue)
c_27,150,c_27-150,MAYP1114611__149__04950.txt,continuous_spectra,ps_blue,2025-07-10,8675073.0,3781353.743999999,True,False,True,PS (blue),plastic,polymer,PS,PS (blue),PS (blue)
c_27,151,c_27-151,MAYP1114611__150__04951.txt,continuous_spectra,ps_blue,2025-07-10,5827652.559999999,3781353.743999999,True,False,True,PS (blue),plastic,polymer,PS,PS (blue),PS (blue)
c_27,155,c_27-155,MAYP1114611__154__04955.txt,continuous_spectra,ps_blue,2025-07-10,8149350.440000001,3781353.743999999,True,False,True,PS (blue),plastic,polymer,PS,PS (blue),PS (blue)
c_27,156,c_27-156,MAYP1114611__155__04956.txt,continuous_spectra,ps_blue,2025-07-10,8916017.559999999,3781353.743999999,True,False,True,PS (blue),plastic,polymer,PS,PS (blue),PS (blue)
c_27,157,c_27-157,MAYP1114611__156__04957.txt,continuous_spectra,ps_blue,2025-07-10,7881242.0,3781353.743999999,True,False,True,PS (blue),plastic,polymer,PS,PS (blue),PS (blue)
c_27,158,c_27-158,MAYP1114611__157__04958.txt,continuous_spectra,ps_blue,2025-07-10,9471961.56,3781353.743999999,True,False,True,PS (blue),plastic,polymer,PS,PS (blue),PS (blue)
c_27,159,c_27-159,MAYP1114611__158__04959.txt,continuous_spectra,ps_blue,2025-07-10,7124896.440000001,3781353.743999999,True,False,True,PS (blue),plastic,polymer,PS,PS (blue),PS (blue)
c_27,160,c_27-160,MAYP1114611__159__04960.txt,continuous_spectra,ps_blue,2025-07-10,6592901.440000001,3781353.743999999,True,False,True,PS (blue),plastic,polymer,PS,PS (blue),PS (blue)
c_27,161,c_27-161,MAYP1114611__160__04961.txt,continuous_spectra,ps_blue,2025-07-10,5836045.440000001,3781353.743999999,True,False,True,PS (blue),plastic,polymer,PS,PS (blue),PS (blue)
c_27,165,c_27-165,MAYP1114611__164__04965.txt,continuous_spectra,ps_blue,2025-07-10,4813894.0,3781353.743999999,True,False,True,PS (blue),plastic,polymer,PS,PS (blue),PS (blue)
c_27,166,c_27-166,MAYP1114611__165__04966.txt,continuous_spectra,ps_blue,2025-07-10,4670597.440000001,3781353.743999999,True,False,True,PS (blue),plastic,polymer,PS,PS (blue),PS (blue)
c_27,167,c_27-167,MAYP1114611__166__04967.txt,continuous_spectra,ps_blue,2025-07-10,3870260.440000002,3781353.743999999,True,False,True,PS (blue),plastic,polymer,PS,PS (blue),PS (blue)
c_27,168,c_27-168,MAYP1114611__167__04968.txt,continuous_spectra,ps_blue,2025-07-10,3954553.0,3781353.743999999,True,False,True,PS (blue),plastic,polymer,PS,PS (blue),PS (blue)
c_27,169,c_27-169,MAYP1114611__168__04969.txt,continuous_spectra,ps_blue,2025-07-10,4173607.440000002,3781353.743999999,True,False,True,PS (blue),plastic,polymer,PS,PS (blue),PS (blue)
c_27,170,c_27-170,MAYP1114611__169__04970.txt,continuous_spectra,ps_blue,2025-07-10,4956397.440000001,3781353.743999999,True,False,True,PS (blue),plastic,polymer,PS,PS (blue),PS (blue)
c_27,171,c_27-171,MAYP1114611__170__04971.txt,continuous_spectra,ps_blue,2025-07-10,4627980.0,3781353.743999999,True,False,True,PS (blue),plastic,polymer,PS,PS (blue),PS (blue)
c_27,172,c_27-172,MAYP1114611__171__04972.txt,continuous_spectra,ps_blue,2025-07-10,5234028.559999999,3781353.743999999,True,False,True,PS (blue),plastic,polymer,PS,PS (blue),PS (blue)
c_27,173,c_27-173,MAYP1114611__172__04973.txt,continuous_spectra,ps_blue,2025-07-10,5437090.0,3781353.743999999,True,False,True,PS (blue),plastic,polymer,PS,PS (blue),PS (blue)
c_27,177,c_27-177,MAYP1114611__176__04977.txt,continuous_spectra,ps_blue,2025-07-10,6770562.440000001,3781353.743999999,True,False,True,PS (blue),plastic,polymer,PS,PS (blue),PS (blue)
c_27,178,c_27-178,MAYP1114611__177__04978.txt,continuous_spectra,ps_blue,2025-07-10,8514578.440000001,3781353.743999999,True,False,True,PS (blue),plastic,polymer,PS,PS (blue),PS (blue)
c_27,179,c_27-179,MAYP1114611__178__04979.txt,continuous_spectra,ps_blue,2025-07-10,9027892.44,3781353.743999999,True,False,True,PS (blue),plastic,polymer,PS,PS (blue),PS (blue)
c_27,180,c_27-180,MAYP1114611__179__04980.txt,continuous_spectra,ps_blue,2025-07-10,8621678.559999999,3781353.743999999,True,False,True,PS (blue),plastic,polymer,PS,PS (blue),PS (blue)
c_27,181,c_27-181,MAYP1114611__180__04981.txt,continuous_spectra,ps_blue,2025-07-10,8612042.0,3781353.743999999,True,False,True,PS (blue),plastic,polymer,PS,PS (blue),PS (blue)
c_27,182,c_27-182,MAYP1114611__181__04982.txt,continuous_spectra,ps_blue,2025-07-10,6512210.559999999,3781353.743999999,True,False,True,PS (blue),plastic,polymer,PS,PS (blue),PS (blue)
c_27,183,c_27-183,MAYP1114611__182__04983.txt,continuous_spectra,ps_blue,2025-07-10,7167732.0,3781353.743999999,True,False,True,PS (blue),plastic,polymer,PS,PS (blue),PS (blue)
c_27,214,c_27-214,MAYP1114611__213__05014.txt,continuous_spectra,ps_blue,2025-07-10,5039038.559999999,3781353.743999999,True,False,True,PS (blue),plastic,polymer,PS,PS (blue),PS (blue)
c_27,215,c_27-215,MAYP1114611__214__05015.txt,continuous_spectra,ps_blue,2025-07-10,6679454.559999999,3781353.743999999,True,False,True,PS (blue),plastic,polymer,PS,PS (blue),PS (blue)
c_27,216,c_27-216,MAYP1114611__215__05016.txt,continuous_spectra,ps_blue,2025-07-10,6824647.440000001,3781353.743999999,True,False,True,PS (blue),plastic,polymer,PS,PS (blue),PS (blue)
c_27,217,c_27-217,MAYP1114611__216__05017.txt,continuous_spectra,ps_blue,2025-07-10,8253292.440000001,3781353.743999999,True,False,True,PS (blue),plastic,polymer,PS,PS (blue),PS (blue)
c_27,218,c_27-218,MAYP1114611__217__05018.txt,continuous_spectra,ps_blue,2025-07-10,6642015.0,3781353.743999999,True,False,True,PS (blue),plastic,polymer,PS,PS (blue),PS (blue)
c_27,219,c_27-219,MAYP1114611__218__05019.txt,continuous_spectra,ps_blue,2025-07-10,7611157.0,3781353.743999999,True,False,True,PS (blue),plastic,polymer,PS,PS (blue),PS (blue)
c_27,220,c_27-220,MAYP1114611__219__05020.txt,continuous_spectra,ps_blue,2025-07-10,6454493.0,3781353.743999999,True,False,True,PS (blue),plastic,polymer,PS,PS (blue),PS (blue)
c_27,221,c_27-221,MAYP1114611__220__05021.txt,continuous_spectra,ps_blue,2025-07-10,4341804.440000001,3781353.743999999,True,False,True,PS (blue),plastic,polymer,PS,PS (blue),PS (blue)
c_27,224,c_27-224,MAYP1114611__223__05024.txt,continuous_spectra,ps_blue,2025-07-10,4167907.0,3781353.743999999,True,False,True,PS (blue),plastic,polymer,PS,PS (blue),PS (blue)
c_27,225,c_27-225,MAYP1114611__224__05025.txt,continuous_spectra,ps_blue,2025-07-10,4267564.559999999,3781353.743999999,True,False,True,PS (blue),plastic,polymer,PS,PS (blue),PS (blue)
c_27,226,c_27-226,MAYP1114611__225__05026.txt,continuous_spectra,ps_blue,2025-07-10,5732350.440000001,3781353.743999999,True,False,True,PS (blue),plastic,polymer,PS,PS (blue),PS (blue)
c_27,227,c_27-227,MAYP1114611__226__05027.txt,continuous_spectra,ps_blue,2025-07-10,6519230.0,3781353.743999999,True,False,True,PS (blue),plastic,polymer,PS,PS (blue),PS (blue)
c_27,228,c_27-228,MAYP1114611__227__05028.txt,continuous_spectra,ps_blue,2025-07-10,5541435.559999999,3781353.743999999,True,False,True,PS (blue),plastic,polymer,PS,PS (blue),PS (blue)
c_27,229,c_27-229,MAYP1114611__228__05029.txt,continuous_spectra,ps_blue,2025-07-10,6430576.440000001,3781353.743999999,True,False,True,PS (blue),plastic,polymer,PS,PS (blue),PS (blue)
c_27,230,c_27-230,MAYP1114611__229__05030.txt,continuous_spectra,ps_blue,2025-07-10,5050544.559999999,3781353.743999999,True,False,True,PS (blue),plastic,polymer,PS,PS (blue),PS (blue)
c_27,231,c_27-231,MAYP1114611__230__05031.txt,continuous_spectra,ps_blue,2025-07-10,4899859.0,3781353.743999999,True,False,True,PS (blue),plastic,polymer,PS,PS (blue),PS (blue)
c_27,232,c_27-232,MAYP1114611__231__05032.txt,continuous_spectra,ps_blue,2025-07-10,6379823.0,3781353.743999999,True,False,True,PS (blue),plastic,polymer,PS,PS (blue),PS (blue)
c_27,233,c_27-233,MAYP1114611__232__05033.txt,continuous_spectra,ps_blue,2025-07-10,4028838.0,3781353.743999999,True,False,True,PS (blue),plastic,polymer,PS,PS (blue),PS (blue)
c_27,236,c_27-236,MAYP1114611__235__05036.txt,continuous_spectra,ps_blue,2025-07-10,5591927.0,3781353.743999999,True,False,True,PS (blue),plastic,polymer,PS,PS (blue),PS (blue)
c_27,237,c_27-237,MAYP1114611__236__05037.txt,continuous_spectra,ps_blue,2025-07-10,9306658.56,3781353.743999999,True,False,True,PS (blue),plastic,polymer,PS,PS (blue),PS (blue)
c_27,238,c_27-238,MAYP1114611__237__05038.txt,continuous_spectra,ps_blue,2025-07-10,9442856.44,3781353.743999999,True,False,True,PS (blue),plastic,polymer,PS,PS (blue),PS (blue)
c_27,239,c_27-239,MAYP1114611__238__05039.txt,continuous_spectra,ps_blue,2025-07-10,8229670.440000001,3781353.743999999,True,False,True,PS (blue),plastic,polymer,PS,PS (blue),PS (blue)
c_27,240,c_27-240,MAYP1114611__239__05040.txt,continuous_spectra,ps_blue,2025-07-10,7488993.0,3781353.743999999,True,False,True,PS (blue),plastic,polymer,PS,PS (blue),PS (blue)
c_27,241,c_27-241,MAYP1114611__240__05041.txt,continuous_spectra,ps_blue,2025-07-10,8915800.440000001,3781353.743999999,True,False,True,PS (blue),plastic,polymer,PS,PS (blue),PS (blue)
c_27,242,c_27-242,MAYP1114611__241__05042.txt,continuous_spectra,ps_blue,2025-07-10,5651627.559999999,3781353.743999999,True,False,True,PS (blue),plastic,polymer,PS,PS (blue),PS (blue)
c_27,243,c_27-243,MAYP1114611__242__05043.txt,continuous_spectra,ps_blue,2025-07-10,8067184.440000001,3781353.743999999,True,False,True,PS (blue),plastic,polymer,PS,PS (blue),PS (blue)
c_27,244,c_27-244,MAYP1114611__243__05044.txt,continuous_spectra,ps_blue,2025-07-10,5000767.559999999,3781353.743999999,True,False,True,PS (blue),plastic,polymer,PS,PS (blue),PS (blue)
c_27,247,c_27-247,MAYP1114611__246__05047.txt,continuous_spectra,ps_blue,2025-07-10,3900482.559999998,3781353.743999999,True,False,True,PS (blue),plastic,polymer,PS,PS (blue),PS (blue)
c_27,248,c_27-248,MAYP1114611__247__05048.txt,continuous_spectra,ps_blue,2025-07-10,6086254.559999999,3781353.743999999,True,False,True,PS (blue),plastic,polymer,PS,PS (blue),PS (blue)
c_27,249,c_27-249,MAYP1114611__248__05049.txt,continuous_spectra,ps_blue,2025-07-10,7241514.559999999,3781353.743999999,True,False,True,PS (blue),plastic,polymer,PS,PS (blue),PS (blue)
c_27,250,c_27-250,MAYP1114611__249__05050.txt,continuous_spectra,ps_blue,2025-07-10,4848913.559999999,3781353.743999999,True,False,True,PS (blue),plastic,polymer,PS,PS (blue),PS (blue)
c_27,251,c_27-251,MAYP1114611__250__05051.txt,continuous_spectra,ps_blue,2025-07-10,6282745.0,3781353.743999999,True,False,True,PS (blue),plastic,polymer,PS,PS (blue),PS (blue)
c_27,252,c_27-252,MAYP1114611__251__05052.txt,continuous_spectra,ps_blue,2025-07-10,4802497.559999999,3781353.743999999,True,False,True,PS (blue),plastic,polymer,PS,PS (blue),PS (blue)
c_27,253,c_27-253,MAYP1114611__252__05053.txt,continuous_spectra,ps_blue,2025-07-10,6423854.0,3781353.743999999,True,False,True,PS (blue),plastic,polymer,PS,PS (blue),PS (blue)
c_27,254,c_27-254,MAYP1114611__253__05054.txt,continuous_spectra,ps_blue,2025-07-10,6433559.0,3781353.743999999,True,False,True,PS (blue),plastic,polymer,PS,PS (blue),PS (blue)
c_27,258,c_27-258,MAYP1114611__257__05058.txt,continuous_spectra,ps_blue,2025-07-10,5645269.440000001,3781353.743999999,True,False,True,PS (blue),plastic,polymer,PS,PS (blue),PS (blue)
c_27,259,c_27-259,MAYP1114611__258__05059.txt,continuous_spectra,ps_blue,2025-07-10,6637323.0,3781353.743999999,True,False,True,PS (blue),plastic,polymer,PS,PS (blue),PS (blue)
c_27,260,c_27-260,MAYP1114611__259__05060.txt,continuous_spectra,ps_blue,2025-07-10,6411660.440000001,3781353.743999999,True,False,True,PS (blue),plastic,polymer,PS,PS (blue),PS (blue)
c_27,261,c_27-261,MAYP1114611__260__05061.txt,continuous_spectra,ps_blue,2025-07-10,7134088.0,3781353.743999999,True,False,True,PS (blue),plastic,polymer,PS,PS (blue),PS (blue)
c_27,262,c_27-262,MAYP1114611__261__05062.txt,continuous_spectra,ps_blue,2025-07-10,7861873.440000001,3781353.743999999,True,False,True,PS (blue),plastic,polymer,PS,PS (blue),PS (blue)
c_27,263,c_27-263,MAYP1114611__262__05063.txt,continuous_spectra,ps_blue,2025-07-10,8944315.559999999,3781353.743999999,True,False,True,PS (blue),plastic,polymer,PS,PS (blue),PS (blue)
c_27,264,c_27-264,MAYP1114611__263__05064.txt,continuous_spectra,ps_blue,2025-07-10,9392816.44,3781353.743999999,True,False,True,PS (blue),plastic,polymer,PS,PS (blue),PS (blue)
c_27,265,c_27-265,MAYP1114611__264__05065.txt,continuous_spectra,ps_blue,2025-07-10,7827740.0,3781353.743999999,True,False,True,PS (blue),plastic,polymer,PS,PS (blue),PS (blue)
c_27,269,c_27-269,MAYP1114611__268__05069.txt,continuous_spectra,ps_blue,2025-07-10,4115271.559999998,3781353.743999999,True,False,True,PS (blue),plastic,polymer,PS,PS (blue),PS (blue)
c_27,270,c_27-270,MAYP1114611__269__05070.txt,continuous_spectra,ps_blue,2025-07-10,7337861.440000001,3781353.743999999,True,False,True,PS (blue),plastic,polymer,PS,PS (blue),PS (blue)
c_27,271,c_27-271,MAYP1114611__270__05071.txt,continuous_spectra,ps_blue,2025-07-10,8670075.559999999,3781353.743999999,True,False,True,PS (blue),plastic,polymer,PS,PS (blue),PS (blue)
c_27,272,c_27-272,MAYP1114611__271__05072.txt,continuous_spectra,ps_blue,2025-07-10,6584557.440000001,3781353.743999999,True,False,True,PS (blue),plastic,polymer,PS,PS (blue),PS (blue)
c_27,273,c_27-273,MAYP1114611__272__05073.txt,continuous_spectra,ps_blue,2025-07-10,6718858.0,3781353.743999999,True,False,True,PS (blue),plastic,polymer,PS,PS (blue),PS (blue)
c_27,274,c_27-274,MAYP1114611__273__05074.txt,continuous_spectra,ps_blue,2025-07-10,6009985.0,3781353.743999999,True,False,True,PS (blue),plastic,polymer,PS,PS (blue),PS (blue)
c_27,275,c_27-275,MAYP1114611__274__05075.txt,continuous_spectra,ps_blue,2025-07-10,8688207.440000001,3781353.743999999,True,False,True,PS (blue),plastic,polymer,PS,PS (blue),PS (blue)
c_27,276,c_27-276,MAYP1114611__275__05076.txt,continuous_spectra,ps_blue,2025-07-10,5913907.440000001,3781353.743999999,True,False,True,PS (blue),plastic,polymer,PS,PS (blue),PS (blue)
c_28,28,c_28-028,MAYP1114611__27__05128.txt,continuous_spectra,ps_blue,2025-07-10,7069968.0,4526110.344,True,False,True,PS (blue),plastic,polymer,PS,PS (blue),PS (blue)
c_28,29,c_28-029,MAYP1114611__28__05129.txt,continuous_spectra,ps_blue,2025-07-10,6819991.0,4526110.344,True,False,True,PS (blue),plastic,polymer,PS,PS (blue),PS (blue)
c_28,30,c_28-030,MAYP1114611__29__05130.txt,continuous_spectra,ps_blue,2025-07-10,6830057.440000001,4526110.344,True,False,True,PS (blue),plastic,polymer,PS,PS (blue),PS (blue)
c_28,31,c_28-031,MAYP1114611__30__05131.txt,continuous_spectra,ps_blue,2025-07-10,8299181.0,4526110.344,True,False,True,PS (blue),plastic,polymer,PS,PS (blue),PS (blue)
c_28,32,c_28-032,MAYP1114611__31__05132.txt,continuous_spectra,ps_blue,2025-07-10,6711522.440000001,4526110.344,True,False,True,PS (blue),plastic,polymer,PS,PS (blue),PS (blue)
c_28,33,c_28-033,MAYP1114611__32__05133.txt,continuous_spectra,ps_blue,2025-07-10,6632703.0,4526110.344,True,False,True,PS (blue),plastic,polymer,PS,PS (blue),PS (blue)
c_28,34,c_28-034,MAYP1114611__33__05134.txt,continuous_spectra,ps_blue,2025-07-10,7563840.0,4526110.344,True,False,True,PS (blue),plastic,polymer,PS,PS (blue),PS (blue)
c_28,35,c_28-035,MAYP1114611__34__05135.txt,continuous_spectra,ps_blue,2025-07-10,8234724.440000001,4526110.344,True,False,True,PS (blue),plastic,polymer,PS,PS (blue),PS (blue)
c_28,36,c_28-036,MAYP1114611__35__05136.txt,continuous_spectra,ps_blue,2025-07-10,5948475.559999999,4526110.344,True,False,True,PS (blue),plastic,polymer,PS,PS (blue),PS (blue)
c_28,41,c_28-041,MAYP1114611__40__05141.txt,continuous_spectra,ps_blue,2025-07-10,6797952.559999999,4526110.344,True,False,True,PS (blue),plastic,polymer,PS,PS (blue),PS (blue)
c_28,42,c_28-042,MAYP1114611__41__05142.txt,continuous_spectra,ps_blue,2025-07-10,5116010.440000001,4526110.344,True,False,True,PS (blue),plastic,polymer,PS,PS (blue),PS (blue)
c_28,43,c_28-043,MAYP1114611__42__05143.txt,continuous_spectra,ps_blue,2025-07-10,5092486.559999999,4526110.344,True,False,True,PS (blue),plastic,polymer,PS,PS (blue),PS (blue)
c_28,45,c_28-045,MAYP1114611__44__05145.txt,continuous_spectra,ps_blue,2025-07-10,6452856.440000001,4526110.344,True,False,True,PS (blue),plastic,polymer,PS,PS (blue),PS (blue)
c_28,46,c_28-046,MAYP1114611__45__05146.txt,continuous_spectra,ps_blue,2025-07-10,8569700.0,4526110.344,True,False,True,PS (blue),plastic,polymer,PS,PS (blue),PS (blue)
c_28,51,c_28-051,MAYP1114611__50__05151.txt,continuous_spectra,ps_blue,2025-07-10,6022840.0,4526110.344,True,False,True,PS (blue),plastic,polymer,PS,PS (blue),PS (blue)
c_28,52,c_28-052,MAYP1114611__51__05152.txt,continuous_spectra,ps_blue,2025-07-10,6433535.0,4526110.344,True,False,True,PS (blue),plastic,polymer,PS,PS (blue),PS (blue)
c_28,53,c_28-053,MAYP1114611__52__05153.txt,continuous_spectra,ps_blue,2025-07-10,4881621.559999999,4526110.344,True,False,True,PS (blue),plastic,polymer,PS,PS (blue),PS (blue)
c_28,54,c_28-054,MAYP1114611__53__05154.txt,continuous_spectra,ps_blue,2025-07-10,5997761.559999999,4526110.344,True,False,True,PS (blue),plastic,polymer,PS,PS (blue),PS (blue)
c_28,55,c_28-055,MAYP1114611__54__05155.txt,continuous_spectra,ps_blue,2025-07-10,5625938.559999999,4526110.344,True,False,True,PS (blue),plastic,polymer,PS,PS (blue),PS (blue)
c_28,56,c_28-056,MAYP1114611__55__05156.txt,continuous_spectra,ps_blue,2025-07-10,6212161.440000001,4526110.344,True,False,True,PS (blue),plastic,polymer,PS,PS (blue),PS (blue)
c_28,57,c_28-057,MAYP1114611__56__05157.txt,continuous_spectra,ps_blue,2025-07-10,8060740.0,4526110.344,True,False,True,PS (blue),plastic,polymer,PS,PS (blue),PS (blue)
c_28,62,c_28-062,MAYP1114611__61__05162.txt,continuous_spectra,ps_blue,2025-07-10,6680984.0,4526110.344,True,False,True,PS (blue),plastic,polymer,PS,PS (blue),PS (blue)
c_28,63,c_28-063,MAYP1114611__62__05163.txt,continuous_spectra,ps_blue,2025-07-10,7172323.0,4526110.344,True,False,True,PS (blue),plastic,polymer,PS,PS (blue),PS (blue)
c_28,64,c_28-064,MAYP1114611__63__05164.txt,continuous_spectra,ps_blue,2025-07-10,6962279.0,4526110.344,True,False,True,PS (blue),plastic,polymer,PS,PS (blue),PS (blue)
c_28,65,c_28-065,MAYP1114611__64__05165.txt,continuous_spectra,ps_blue,2025-07-10,5201448.0,4526110.344,True,False,True,PS (blue),plastic,polymer,PS,PS (blue),PS (blue)
c_28,66,c_28-066,MAYP1114611__65__05166.txt,continuous_spectra,ps_blue,2025-07-10,5629179.0,4526110.344,True,False,True,PS (blue),plastic,polymer,PS,PS (blue),PS (blue)
c_28,67,c_28-067,MAYP1114611__66__05167.txt,continuous_spectra,ps_blue,2025-07-10,6793416.0,4526110.344,True,False,True,PS (blue),plastic,polymer,PS,PS (blue),PS (blue)
c_28,68,c_28-068,MAYP1114611__67__05168.txt,continuous_spectra,ps_blue,2025-07-10,6754081.440000001,4526110.344,True,False,True,PS (blue),plastic,polymer,PS,PS (blue),PS (blue)
c_28,72,c_28-072,MAYP1114611__71__05172.txt,continuous_spectra,ps_blue,2025-07-10,6007270.559999999,4526110.344,True,False,True,PS (blue),plastic,polymer,PS,PS (blue),PS (blue)
c_28,73,c_28-073,MAYP1114611__72__05173.txt,continuous_spectra,ps_blue,2025-07-10,7940134.440000001,4526110.344,True,False,True,PS (blue),plastic,polymer,PS,PS (blue),PS (blue)
c_28,74,c_28-074,MAYP1114611__73__05174.txt,continuous_spectra,ps_blue,2025-07-10,6594678.0,4526110.344,True,False,True,PS (blue),plastic,polymer,PS,PS (blue),PS (blue)
c_28,75,c_28-075,MAYP1114611__74__05175.txt,continuous_spectra,ps_blue,2025-07-10,8143478.440000001,4526110.344,True,False,True,PS (blue),plastic,polymer,PS,PS (blue),PS (blue)
c_28,76,c_28-076,MAYP1114611__75__05176.txt,continuous_spectra,ps_blue,2025-07-10,4924891.440000001,4526110.344,True,False,True,PS (blue),plastic,polymer,PS,PS (blue),PS (blue)
c_28,77,c_28-077,MAYP1114611__76__05177.txt,continuous_spectra,ps_blue,2025-07-10,5193374.559999999,4526110.344,True,False,True,PS (blue),plastic,polymer,PS,PS (blue),PS (blue)
c_28,78,c_28-078,MAYP1114611__77__05178.txt,continuous_spectra,ps_blue,2025-07-10,6250370.559999999,4526110.344,True,False,True,PS (blue),plastic,polymer,PS,PS (blue),PS (blue)
c_28,79,c_28-079,MAYP1114611__78__05179.txt,continuous_spectra,ps_blue,2025-07-10,6462661.0,4526110.344,True,False,True,PS (blue),plastic,polymer,PS,PS (blue),PS (blue)
c_28,83,c_28-083,MAYP1114611__82__05183.txt,continuous_spectra,ps_blue,2025-07-10,4566259.440000001,4526110.344,True,False,True,PS (blue),plastic,polymer,PS,PS (blue),PS (blue)
c_28,84,c_28-084,MAYP1114611__83__05184.txt,continuous_spectra,ps_blue,2025-07-10,4660729.0,4526110.344,True,False,True,PS (blue),plastic,polymer,PS,PS (blue),PS (blue)
c_28,86,c_28-086,MAYP1114611__85__05186.txt,continuous_spectra,ps_blue,2025-07-10,6063377.0,4526110.344,True,False,True,PS (blue),plastic,polymer,PS,PS (blue),PS (blue)
c_28,87,c_28-087,MAYP1114611__86__05187.txt,continuous_spectra,ps_blue,2025-07-10,4813842.440000001,4526110.344,True,False,True,PS (blue),plastic,polymer,PS,PS (blue),PS (blue)
c_28,88,c_28-088,MAYP1114611__87__05188.txt,continuous_spectra,ps_blue,2025-07-10,4820837.440000001,4526110.344,True,False,True,PS (blue),plastic,polymer,PS,PS (blue),PS (blue)
c_28,89,c_28-089,MAYP1114611__88__05189.txt,continuous_spectra,ps_blue,2025-07-10,5958744.559999999,4526110.344,True,False,True,PS (blue),plastic,polymer,PS,PS (blue),PS (blue)
c_28,90,c_28-090,MAYP1114611__89__05190.txt,continuous_spectra,ps_blue,2025-07-10,5319483.0,4526110.344,True,False,True,PS (blue),plastic,polymer,PS,PS (blue),PS (blue)
c_28,120,c_28-120,MAYP1114611__119__05220.txt,continuous_spectra,ps_blue,2025-07-10,4924326.559999999,4526110.344,True,False,True,PS (blue),plastic,polymer,PS,PS (blue),PS (blue)
c_28,121,c_28-121,MAYP1114611__120__05221.txt,continuous_spectra,ps_blue,2025-07-10,9006769.559999999,4526110.344,True,False,True,PS (blue),plastic,polymer,PS,PS (blue),PS (blue)
c_28,122,c_28-122,MAYP1114611__121__05222.txt,continuous_spectra,ps_blue,2025-07-10,6742220.559999999,4526110.344,True,False,True,PS (blue),plastic,polymer,PS,PS (blue),PS (blue)
c_28,123,c_28-123,MAYP1114611__122__05223.txt,continuous_spectra,ps_blue,2025-07-10,5591140.0,4526110.344,True,False,True,PS (blue),plastic,polymer,PS,PS (blue),PS (blue)
c_28,124,c_28-124,MAYP1114611__123__05224.txt,continuous_spectra,ps_blue,2025-07-10,5013809.440000001,4526110.344,True,False,True,PS (blue),plastic,polymer,PS,PS (blue),PS (blue)
c_28,125,c_28-125,MAYP1114611__124__05225.txt,continuous_spectra,ps_blue,2025-07-10,5968589.0,4526110.344,True,False,True,PS (blue),plastic,polymer,PS,PS (blue),PS (blue)
c_28,126,c_28-126,MAYP1114611__125__05226.txt,continuous_spectra,ps_blue,2025-07-10,5500584.559999999,4526110.344,True,False,True,PS (blue),plastic,polymer,PS,PS (blue),PS (blue)
c_28,127,c_28-127,MAYP1114611__126__05227.txt,continuous_spectra,ps_blue,2025-07-10,4908570.559999999,4526110.344,True,False,True,PS (blue),plastic,polymer,PS,PS (blue),PS (blue)
c_28,128,c_28-128,MAYP1114611__127__05228.txt,continuous_spectra,ps_blue,2025-07-10,5516275.559999999,4526110.344,True,False,True,PS (blue),plastic,polymer,PS,PS (blue),PS (blue)
c_28,132,c_28-132,MAYP1114611__131__05232.txt,continuous_spectra,ps_blue,2025-07-10,6969221.559999999,4526110.344,True,False,True,PS (blue),plastic,polymer,PS,PS (blue),PS (blue)
c_28,133,c_28-133,MAYP1114611__132__05233.txt,continuous_spectra,ps_blue,2025-07-10,7661339.440000001,4526110.344,True,False,True,PS (blue),plastic,polymer,PS,PS (blue),PS (blue)
c_28,134,c_28-134,MAYP1114611__133__05234.txt,continuous_spectra,ps_blue,2025-07-10,6571159.0,4526110.344,True,False,True,PS (blue),plastic,polymer,PS,PS (blue),PS (blue)
c_28,135,c_28-135,MAYP1114611__134__05235.txt,continuous_spectra,ps_blue,2025-07-10,7088073.559999999,4526110.344,True,False,True,PS (blue),plastic,polymer,PS,PS (blue),PS (blue)
c_28,136,c_28-136,MAYP1114611__135__05236.txt,continuous_spectra,ps_blue,2025-07-10,6401681.0,4526110.344,True,False,True,PS (blue),plastic,polymer,PS,PS (blue),PS (blue)
c_28,137,c_28-137,MAYP1114611__136__05237.txt,continuous_spectra,ps_blue,2025-07-10,8195983.440000001,4526110.344,True,False,True,PS (blue),plastic,polymer,PS,PS (blue),PS (blue)
c_28,138,c_28-138,MAYP1114611__137__05238.txt,continuous_spectra,ps_blue,2025-07-10,8849664.440000001,4526110.344,True,False,True,PS (blue),plastic,polymer,PS,PS (blue),PS (blue)
c_28,139,c_28-139,MAYP1114611__138__05239.txt,continuous_spectra,ps_blue,2025-07-10,5983996.440000001,4526110.344,True,False,True,PS (blue),plastic,polymer,PS,PS (blue),PS (blue)
c_28,143,c_28-143,MAYP1114611__142__05243.txt,continuous_spectra,ps_blue,2025-07-10,7655408.559999999,4526110.344,True,False,True,PS (blue),plastic,polymer,PS,PS (blue),PS (blue)
c_28,144,c_28-144,MAYP1114611__143__05244.txt,continuous_spectra,ps_blue,2025-07-10,6942137.559999999,4526110.344,True,False,True,PS (blue),plastic,polymer,PS,PS (blue),PS (blue)
c_28,145,c_28-145,MAYP1114611__144__05245.txt,continuous_spectra,ps_blue,2025-07-10,4718966.559999999,4526110.344,True,False,True,PS (blue),plastic,polymer,PS,PS (blue),PS (blue)
c_28,146,c_28-146,MAYP1114611__145__05246.txt,continuous_spectra,ps_blue,2025-07-10,5570079.440000001,4526110.344,True,False,True,PS (blue),plastic,polymer,PS,PS (blue),PS (blue)
c_28,147,c_28-147,MAYP1114611__146__05247.txt,continuous_spectra,ps_blue,2025-07-10,6604366.559999999,4526110.344,True,False,True,PS (blue),plastic,polymer,PS,PS (blue),PS (blue)
c_28,148,c_28-148,MAYP1114611__147__05248.txt,continuous_spectra,ps_blue,2025-07-10,5852478.0,4526110.344,True,False,True,PS (blue),plastic,polymer,PS,PS (blue),PS (blue)
c_28,149,c_28-149,MAYP1114611__148__05249.txt,continuous_spectra,ps_blue,2025-07-10,4786102.440000001,4526110.344,True,False,True,PS (blue),plastic,polymer,PS,PS (blue),PS (blue)
c_28,150,c_28-150,MAYP1114611__149__05250.txt,continuous_spectra,ps_blue,2025-07-10,5881130.559999999,4526110.344,True,False,True,PS (blue),plastic,polymer,PS,PS (blue),PS (blue)
c_28,151,c_28-151,MAYP1114611__150__05251.txt,continuous_spectra,ps_blue,2025-07-10,6085684.0,4526110.344,True,False,True,PS (blue),plastic,polymer,PS,PS (blue),PS (blue)
c_28,154,c_28-154,MAYP1114611__153__05254.txt,continuous_spectra,ps_blue,2025-07-10,8413124.0,4526110.344,True,False,True,PS (blue),plastic,polymer,PS,PS (blue),PS (blue)
c_28,155,c_28-155,MAYP1114611__154__05255.txt,continuous_spectra,ps_blue,2025-07-10,9738377.0,4526110.344,True,False,True,PS (blue),plastic,polymer,PS,PS (blue),PS (blue)
c_28,156,c_28-156,MAYP1114611__155__05256.txt,continuous_spectra,ps_blue,2025-07-10,10507705.56,4526110.344,True,False,True,PS (blue),plastic,polymer,PS,PS (blue),PS (blue)
c_28,157,c_28-157,MAYP1114611__156__05257.txt,continuous_spectra,ps_blue,2025-07-10,8935050.0,4526110.344,True,False,True,PS (blue),plastic,polymer,PS,PS (blue),PS (blue)
c_28,158,c_28-158,MAYP1114611__157__05258.txt,continuous_spectra,ps_blue,2025-07-10,8217132.559999999,4526110.344,True,False,True,PS (blue),plastic,polymer,PS,PS (blue),PS (blue)
c_28,159,c_28-159,MAYP1114611__158__05259.txt,continuous_spectra,ps_blue,2025-07-10,8581794.440000001,4526110.344,True,False,True,PS (blue),plastic,polymer,PS,PS (blue),PS (blue)
c_28,160,c_28-160,MAYP1114611__159__05260.txt,continuous_spectra,ps_blue,2025-07-10,6624325.0,4526110.344,True,False,True,PS (blue),plastic,polymer,PS,PS (blue),PS (blue)
c_28,161,c_28-161,MAYP1114611__160__05261.txt,continuous_spectra,ps_blue,2025-07-10,6992739.0,4526110.344,True,False,True,PS (blue),plastic,polymer,PS,PS (blue),PS (blue)
c_28,162,c_28-162,MAYP1114611__161__05262.txt,continuous_spectra,ps_blue,2025-07-10,4584090.440000001,4526110.344,True,False,True,PS (blue),plastic,polymer,PS,PS (blue),PS (blue)
c_28,164,c_28-164,MAYP1114611__163__05264.txt,continuous_spectra,ps_blue,2025-07-10,5847287.559999999,4526110.344,True,False,True,PS (blue),plastic,polymer,PS,PS (blue),PS (blue)
c_28,165,c_28-165,MAYP1114611__164__05265.txt,continuous_spectra,ps_blue,2025-07-10,5645782.440000001,4526110.344,True,False,True,PS (blue),plastic,polymer,PS,PS (blue),PS (blue)
c_28,166,c_28-166,MAYP1114611__165__05266.txt,continuous_spectra,ps_blue,2025-07-10,6418670.0,4526110.344,True,False,True,PS (blue),plastic,polymer,PS,PS (blue),PS (blue)
c_28,167,c_28-167,MAYP1114611__166__05267.txt,continuous_spectra,ps_blue,2025-07-10,8803785.440000001,4526110.344,True,False,True,PS (blue),plastic,polymer,PS,PS (blue),PS (blue)
c_28,168,c_28-168,MAYP1114611__167__05268.txt,continuous_spectra,ps_blue,2025-07-10,7704578.440000001,4526110.344,True,False,True,PS (blue),plastic,polymer,PS,PS (blue),PS (blue)
c_28,169,c_28-169,MAYP1114611__168__05269.txt,continuous_spectra,ps_blue,2025-07-10,5166272.559999999,4526110.344,True,False,True,PS (blue),plastic,polymer,PS,PS (blue),PS (blue)
c_28,170,c_28-170,MAYP1114611__169__05270.txt,continuous_spectra,ps_blue,2025-07-10,6834543.440000001,4526110.344,True,False,True,PS (blue),plastic,polymer,PS,PS (blue),PS (blue)
c_28,171,c_28-171,MAYP1114611__170__05271.txt,continuous_spectra,ps_blue,2025-07-10,6988355.0,4526110.344,True,False,True,PS (blue),plastic,polymer,PS,PS (blue),PS (blue)
c_28,172,c_28-172,MAYP1114611__171__05272.txt,continuous_spectra,ps_blue,2025-07-10,7619789.559999999,4526110.344,True,False,True,PS (blue),plastic,polymer,PS,PS (blue),PS (blue)
c_28,173,c_28-173,MAYP1114611__172__05273.txt,continuous_spectra,ps_blue,2025-07-10,6929836.0,4526110.344,True,False,True,PS (blue),plastic,polymer,PS,PS (blue),PS (blue)
c_28,176,c_28-176,MAYP1114611__175__05276.txt,continuous_spectra,ps_blue,2025-07-10,8000949.0,4526110.344,True,False,True,PS (blue),plastic,polymer,PS,PS (blue),PS (blue)
c_28,177,c_28-177,MAYP1114611__176__05277.txt,continuous_spectra,ps_blue,2025-07-10,8298946.0,4526110.344,True,False,True,PS (blue),plastic,polymer,PS,PS (blue),PS (blue)
c_28,178,c_28-178,MAYP1114611__177__05278.txt,continuous_spectra,ps_blue,2025-07-10,8670878.0,4526110.344,True,False,True,PS (blue),plastic,polymer,PS,PS (blue),PS (blue)
c_28,179,c_28-179,MAYP1114611__178__05279.txt,continuous_spectra,ps_blue,2025-07-10,6237695.0,4526110.344,True,False,True,PS (blue),plastic,polymer,PS,PS (blue),PS (blue)
c_28,180,c_28-180,MAYP1114611__179__05280.txt,continuous_spectra,ps_blue,2025-07-10,6758823.559999999,4526110.344,True,False,True,PS (blue),plastic,polymer,PS,PS (blue),PS (blue)
c_28,181,c_28-181,MAYP1114611__180__05281.txt,continuous_spectra,ps_blue,2025-07-10,6571294.0,4526110.344,True,False,True,PS (blue),plastic,polymer,PS,PS (blue),PS (blue)
c_28,182,c_28-182,MAYP1114611__181__05282.txt,continuous_spectra,ps_blue,2025-07-10,6328849.440000001,4526110.344,True,False,True,PS (blue),plastic,polymer,PS,PS (blue),PS (blue)
c_28,213,c_28-213,MAYP1114611__212__05313.txt,continuous_spectra,ps_blue,2025-07-10,4877707.559999999,4526110.344,True,False,True,PS (blue),plastic,polymer,PS,PS (blue),PS (blue)
c_28,214,c_28-214,MAYP1114611__213__05314.txt,continuous_spectra,ps_blue,2025-07-10,5834075.559999999,4526110.344,True,False,True,PS (blue),plastic,polymer,PS,PS (blue),PS (blue)
c_28,215,c_28-215,MAYP1114611__214__05315.txt,continuous_spectra,ps_blue,2025-07-10,6226454.440000001,4526110.344,True,False,True,PS (blue),plastic,polymer,PS,PS (blue),PS (blue)
c_28,216,c_28-216,MAYP1114611__215__05316.txt,continuous_spectra,ps_blue,2025-07-10,6631497.440000001,4526110.344,True,False,True,PS (blue),plastic,polymer,PS,PS (blue),PS (blue)
c_28,217,c_28-217,MAYP1114611__216__05317.txt,continuous_spectra,ps_blue,2025-07-10,6873842.559999999,4526110.344,True,False,True,PS (blue),plastic,polymer,PS,PS (blue),PS (blue)
c_28,218,c_28-218,MAYP1114611__217__05318.txt,continuous_spectra,ps_blue,2025-07-10,7177435.440000001,4526110.344,True,False,True,PS (blue),plastic,polymer,PS,PS (blue),PS (blue)
c_28,219,c_28-219,MAYP1114611__218__05319.txt,continuous_spectra,ps_blue,2025-07-10,8114787.440000001,4526110.344,True,False,True,PS (blue),plastic,polymer,PS,PS (blue),PS (blue)
c_28,220,c_28-220,MAYP1114611__219__05320.txt,continuous_spectra,ps_blue,2025-07-10,6098714.440000001,4526110.344,True,False,True,PS (blue),plastic,polymer,PS,PS (blue),PS (blue)
c_28,224,c_28-224,MAYP1114611__223__05324.txt,continuous_spectra,ps_blue,2025-07-10,4874643.559999999,4526110.344,True,False,True,PS (blue),plastic,polymer,PS,PS (blue),PS (blue)
c_28,225,c_28-225,MAYP1114611__224__05325.txt,continuous_spectra,ps_blue,2025-07-10,4682296.559999999,4526110.344,True,False,True,PS (blue),plastic,polymer,PS,PS (blue),PS (blue)
c_28,226,c_28-226,MAYP1114611__225__05326.txt,continuous_spectra,ps_blue,2025-07-10,4997262.559999999,4526110.344,True,False,True,PS (blue),plastic,polymer,PS,PS (blue),PS (blue)
c_28,227,c_28-227,MAYP1114611__226__05327.txt,continuous_spectra,ps_blue,2025-07-10,4845903.559999999,4526110.344,True,False,True,PS (blue),plastic,polymer,PS,PS (blue),PS (blue)
c_28,228,c_28-228,MAYP1114611__227__05328.txt,continuous_spectra,ps_blue,2025-07-10,5454388.0,4526110.344,True,False,True,PS (blue),plastic,polymer,PS,PS (blue),PS (blue)
c_28,229,c_28-229,MAYP1114611__228__05329.txt,continuous_spectra,ps_blue,2025-07-10,6763194.440000001,4526110.344,True,False,True,PS (blue),plastic,polymer,PS,PS (blue),PS (blue)
c_28,230,c_28-230,MAYP1114611__229__05330.txt,continuous_spectra,ps_blue,2025-07-10,6542587.0,4526110.344,True,False,True,PS (blue),plastic,polymer,PS,PS (blue),PS (blue)
c_28,231,c_28-231,MAYP1114611__230__05331.txt,continuous_spectra,ps_blue,2025-07-10,8202583.559999999,4526110.344,True,False,True,PS (blue),plastic,polymer,PS,PS (blue),PS (blue)
c_28,232,c_28-232,MAYP1114611__231__05332.txt,continuous_spectra,ps_blue,2025-07-10,4558247.559999999,4526110.344,True,False,True,PS (blue),plastic,polymer,PS,PS (blue),PS (blue)
c_28,235,c_28-235,MAYP1114611__234__05335.txt,continuous_spectra,ps_blue,2025-07-10,6039369.440000001,4526110.344,True,False,True,PS (blue),plastic,polymer,PS,PS (blue),PS (blue)
c_28,236,c_28-236,MAYP1114611__235__05336.txt,continuous_spectra,ps_blue,2025-07-10,9093658.44,4526110.344,True,False,True,PS (blue),plastic,polymer,PS,PS (blue),PS (blue)
c_28,237,c_28-237,MAYP1114611__236__05337.txt,continuous_spectra,ps_blue,2025-07-10,7269919.0,4526110.344,True,False,True,PS (blue),plastic,polymer,PS,PS (blue),PS (blue)
c_28,238,c_28-238,MAYP1114611__237__05338.txt,continuous_spectra,ps_blue,2025-07-10,7889165.0,4526110.344,True,False,True,PS (blue),plastic,polymer,PS,PS (blue),PS (blue)
c_28,239,c_28-239,MAYP1114611__238__05339.txt,continuous_spectra,ps_blue,2025-07-10,5969525.0,4526110.344,True,False,True,PS (blue),plastic,polymer,PS,PS (blue),PS (blue)
c_28,240,c_28-240,MAYP1114611__239__05340.txt,continuous_spectra,ps_blue,2025-07-10,8942965.0,4526110.344,True,False,True,PS (blue),plastic,polymer,PS,PS (blue),PS (blue)
c_28,241,c_28-241,MAYP1114611__240__05341.txt,continuous_spectra,ps_blue,2025-07-10,7643248.559999999,4526110.344,True,False,True,PS (blue),plastic,polymer,PS,PS (blue),PS (blue)
c_28,242,c_28-242,MAYP1114611__241__05342.txt,continuous_spectra,ps_blue,2025-07-10,8111612.440000001,4526110.344,True,False,True,PS (blue),plastic,polymer,PS,PS (blue),PS (blue)
c_28,243,c_28-243,MAYP1114611__242__05343.txt,continuous_spectra,ps_blue,2025-07-10,4534428.440000001,4526110.344,True,False,True,PS (blue),plastic,polymer,PS,PS (blue),PS (blue)
c_28,246,c_28-246,MAYP1114611__245__05346.txt,continuous_spectra,ps_blue,2025-07-10,5439893.440000001,4526110.344,True,False,True,PS (blue),plastic,polymer,PS,PS (blue),PS (blue)
c_28,247,c_28-247,MAYP1114611__246__05347.txt,continuous_spectra,ps_blue,2025-07-10,6988177.0,4526110.344,True,False,True,PS (blue),plastic,polymer,PS,PS (blue),PS (blue)
c_28,248,c_28-248,MAYP1114611__247__05348.txt,continuous_spectra,ps_blue,2025-07-10,5991852.440000001,4526110.344,True,False,True,PS (blue),plastic,polymer,PS,PS (blue),PS (blue)
c_28,249,c_28-249,MAYP1114611__248__05349.txt,continuous_spectra,ps_blue,2025-07-10,5255449.0,4526110.344,True,False,True,PS (blue),plastic,polymer,PS,PS (blue),PS (blue)
c_28,250,c_28-250,MAYP1114611__249__05350.txt,continuous_spectra,ps_blue,2025-07-10,5581875.0,4526110.344,True,False,True,PS (blue),plastic,polymer,PS,PS (blue),PS (blue)
c_28,251,c_28-251,MAYP1114611__250__05351.txt,continuous_spectra,ps_blue,2025-07-10,6466714.0,4526110.344,True,False,True,PS (blue),plastic,polymer,PS,PS (blue),PS (blue)
c_28,252,c_28-252,MAYP1114611__251__05352.txt,continuous_spectra,ps_blue,2025-07-10,7180078.440000001,4526110.344,True,False,True,PS (blue),plastic,polymer,PS,PS (blue),PS (blue)
c_28,253,c_28-253,MAYP1114611__252__05353.txt,continuous_spectra,ps_blue,2025-07-10,7128017.440000001,4526110.344,True,False,True,PS (blue),plastic,polymer,PS,PS (blue),PS (blue)
c_28,256,c_28-256,MAYP1114611__255__05356.txt,continuous_spectra,ps_blue,2025-07-10,5818902.0,4526110.344,True,False,True,PS (blue),plastic,polymer,PS,PS (blue),PS (blue)
c_28,257,c_28-257,MAYP1114611__256__05357.txt,continuous_spectra,ps_blue,2025-07-10,6931013.559999999,4526110.344,True,False,True,PS (blue),plastic,polymer,PS,PS (blue),PS (blue)
c_28,258,c_28-258,MAYP1114611__257__05358.txt,continuous_spectra,ps_blue,2025-07-10,8027986.440000001,4526110.344,True,False,True,PS (blue),plastic,polymer,PS,PS (blue),PS (blue)
c_28,259,c_28-259,MAYP1114611__258__05359.txt,continuous_spectra,ps_blue,2025-07-10,6402703.0,4526110.344,True,False,True,PS (blue),plastic,polymer,PS,PS (blue),PS (blue)
c_28,260,c_28-260,MAYP1114611__259__05360.txt,continuous_spectra,ps_blue,2025-07-10,6741537.0,4526110.344,True,False,True,PS (blue),plastic,polymer,PS,PS (blue),PS (blue)
c_28,261,c_28-261,MAYP1114611__260__05361.txt,continuous_spectra,ps_blue,2025-07-10,6676647.559999999,4526110.344,True,False,True,PS (blue),plastic,polymer,PS,PS (blue),PS (blue)
c_28,262,c_28-262,MAYP1114611__261__05362.txt,continuous_spectra,ps_blue,2025-07-10,7861210.0,4526110.344,True,False,True,PS (blue),plastic,polymer,PS,PS (blue),PS (blue)
c_28,263,c_28-263,MAYP1114611__262__05363.txt,continuous_spectra,ps_blue,2025-07-10,8255227.440000001,4526110.344,True,False,True,PS (blue),plastic,polymer,PS,PS (blue),PS (blue)
c_28,264,c_28-264,MAYP1114611__263__05364.txt,continuous_spectra,ps_blue,2025-07-10,6962375.0,4526110.344,True,False,True,PS (blue),plastic,polymer,PS,PS (blue),PS (blue)
c_28,267,c_28-267,MAYP1114611__266__05367.txt,continuous_spectra,ps_blue,2025-07-10,4966364.559999999,4526110.344,True,False,True,PS (blue),plastic,polymer,PS,PS (blue),PS (blue)
c_28,268,c_28-268,MAYP1114611__267__05368.txt,continuous_spectra,ps_blue,2025-07-10,9000371.0,4526110.344,True,False,True,PS (blue),plastic,polymer,PS,PS (blue),PS (blue)
c_28,269,c_28-269,MAYP1114611__268__05369.txt,continuous_spectra,ps_blue,2025-07-10,8702840.440000001,4526110.344,True,False,True,PS (blue),plastic,polymer,PS,PS (blue),PS (blue)
c_28,270,c_28-270,MAYP1114611__269__05370.txt,continuous_spectra,ps_blue,2025-07-10,6953050.559999999,4526110.344,True,False,True,PS (blue),plastic,polymer,PS,PS (blue),PS (blue)
c_28,271,c_28-271,MAYP1114611__270__05371.txt,continuous_spectra,ps_blue,2025-07-10,8712523.559999999,4526110.344,True,False,True,PS (blue),plastic,polymer,PS,PS (blue),PS (blue)
c_28,272,c_28-272,MAYP1114611__271__05372.txt,continuous_spectra,ps_blue,2025-07-10,7601397.559999999,4526110.344,True,False,True,PS (blue),plastic,polymer,PS,PS (blue),PS (blue)
c_28,273,c_28-273,MAYP1114611__272__05373.txt,continuous_spectra,ps_blue,2025-07-10,8177288.440000001,4526110.344,True,False,True,PS (blue),plastic,polymer,PS,PS (blue),PS (blue)
c_28,274,c_28-274,MAYP1114611__273__05374.txt,continuous_spectra,ps_blue,2025-07-10,8088386.440000001,4526110.344,True,False,True,PS (blue),plastic,polymer,PS,PS (blue),PS (blue)
c_28,275,c_28-275,MAYP1114611__274__05375.txt,continuous_spectra,ps_blue,2025-07-10,6296068.440000001,4526110.344,True,False,True,PS (blue),plastic,polymer,PS,PS (blue),PS (blue)
c_29,28,c_29-028,MAYP1114611__27__05428.txt,continuous_spectra,ps_red,2025-07-10,4377238.559999999,3966754.512000001,True,False,True,PS (red),plastic,polymer,PS,PS (red),PS (red)
c_29,29,c_29-029,MAYP1114611__28__05429.txt,continuous_spectra,ps_red,2025-07-10,10045726.44,3966754.512000001,True,False,True,PS (red),plastic,polymer,PS,PS (red),PS (red)
c_29,30,c_29-030,MAYP1114611__29__05430.txt,continuous_spectra,ps_red,2025-07-10,9108931.56,3966754.512000001,True,False,True,PS (red),plastic,polymer,PS,PS (red),PS (red)
c_29,31,c_29-031,MAYP1114611__30__05431.txt,continuous_spectra,ps_red,2025-07-10,6304236.440000001,3966754.512000001,True,False,True,PS (red),plastic,polymer,PS,PS (red),PS (red)
c_29,32,c_29-032,MAYP1114611__31__05432.txt,continuous_spectra,ps_red,2025-07-10,4664667.559999999,3966754.512000001,True,False,True,PS (red),plastic,polymer,PS,PS (red),PS (red)
c_29,33,c_29-033,MAYP1114611__32__05433.txt,continuous_spectra,ps_red,2025-07-10,6104893.440000001,3966754.512000001,True,False,True,PS (red),plastic,polymer,PS,PS (red),PS (red)
c_29,34,c_29-034,MAYP1114611__33__05434.txt,continuous_spectra,ps_red,2025-07-10,5492931.0,3966754.512000001,True,False,True,PS (red),plastic,polymer,PS,PS (red),PS (red)
c_29,35,c_29-035,MAYP1114611__34__05435.txt,continuous_spectra,ps_red,2025-07-10,8065036.440000001,3966754.512000001,True,False,True,PS (red),plastic,polymer,PS,PS (red),PS (red)
c_29,36,c_29-036,MAYP1114611__35__05436.txt,continuous_spectra,ps_red,2025-07-10,7217185.440000001,3966754.512000001,True,False,True,PS (red),plastic,polymer,PS,PS (red),PS (red)
c_29,41,c_29-041,MAYP1114611__40__05441.txt,continuous_spectra,ps_red,2025-07-10,8121745.440000001,3966754.512000001,True,False,True,PS (red),plastic,polymer,PS,PS (red),PS (red)
c_29,42,c_29-042,MAYP1114611__41__05442.txt,continuous_spectra,ps_red,2025-07-10,5682020.440000001,3966754.512000001,True,False,True,PS (red),plastic,polymer,PS,PS (red),PS (red)
c_29,43,c_29-043,MAYP1114611__42__05443.txt,continuous_spectra,ps_red,2025-07-10,5242812.0,3966754.512000001,True,False,True,PS (red),plastic,polymer,PS,PS (red),PS (red)
c_29,44,c_29-044,MAYP1114611__43__05444.txt,continuous_spectra,ps_red,2025-07-10,7146152.559999999,3966754.512000001,True,False,True,PS (red),plastic,polymer,PS,PS (red),PS (red)
c_29,45,c_29-045,MAYP1114611__44__05445.txt,continuous_spectra,ps_red,2025-07-10,4699980.440000001,3966754.512000001,True,False,True,PS (red),plastic,polymer,PS,PS (red),PS (red)
c_29,46,c_29-046,MAYP1114611__45__05446.txt,continuous_spectra,ps_red,2025-07-10,6396010.0,3966754.512000001,True,False,True,PS (red),plastic,polymer,PS,PS (red),PS (red)
c_29,51,c_29-051,MAYP1114611__50__05451.txt,continuous_spectra,ps_red,2025-07-10,5540148.0,3966754.512000001,True,False,True,PS (red),plastic,polymer,PS,PS (red),PS (red)
c_29,52,c_29-052,MAYP1114611__51__05452.txt,continuous_spectra,ps_red,2025-07-10,6904445.559999999,3966754.512000001,True,False,True,PS (red),plastic,polymer,PS,PS (red),PS (red)
c_29,53,c_29-053,MAYP1114611__52__05453.txt,continuous_spectra,ps_red,2025-07-10,5693482.440000001,3966754.512000001,True,False,True,PS (red),plastic,polymer,PS,PS (red),PS (red)
c_29,54,c_29-054,MAYP1114611__53__05454.txt,continuous_spectra,ps_red,2025-07-10,6046100.440000001,3966754.512000001,True,False,True,PS (red),plastic,polymer,PS,PS (red),PS (red)
c_29,55,c_29-055,MAYP1114611__54__05455.txt,continuous_spectra,ps_red,2025-07-10,8087809.0,3966754.512000001,True,False,True,PS (red),plastic,polymer,PS,PS (red),PS (red)
c_29,56,c_29-056,MAYP1114611__55__05456.txt,continuous_spectra,ps_red,2025-07-10,6035921.0,3966754.512000001,True,False,True,PS (red),plastic,polymer,PS,PS (red),PS (red)
c_29,57,c_29-057,MAYP1114611__56__05457.txt,continuous_spectra,ps_red,2025-07-10,6235175.559999999,3966754.512000001,True,False,True,PS (red),plastic,polymer,PS,PS (red),PS (red)
c_29,58,c_29-058,MAYP1114611__57__05458.txt,continuous_spectra,ps_red,2025-07-10,8242981.0,3966754.512000001,True,False,True,PS (red),plastic,polymer,PS,PS (red),PS (red)
c_29,59,c_29-059,MAYP1114611__58__05459.txt,continuous_spectra,ps_red,2025-07-10,5281140.559999999,3966754.512000001,True,False,True,PS (red),plastic,polymer,PS,PS (red),PS (red)
c_29,63,c_29-063,MAYP1114611__62__05463.txt,continuous_spectra,ps_red,2025-07-10,6180771.440000001,3966754.512000001,True,False,True,PS (red),plastic,polymer,PS,PS (red),PS (red)
c_29,64,c_29-064,MAYP1114611__63__05464.txt,continuous_spectra,ps_red,2025-07-10,8546465.0,3966754.512000001,True,False,True,PS (red),plastic,polymer,PS,PS (red),PS (red)
c_29,65,c_29-065,MAYP1114611__64__05465.txt,continuous_spectra,ps_red,2025-07-10,9856576.56,3966754.512000001,True,False,True,PS (red),plastic,polymer,PS,PS (red),PS (red)
c_29,66,c_29-066,MAYP1114611__65__05466.txt,continuous_spectra,ps_red,2025-07-10,7391653.559999999,3966754.512000001,True,False,True,PS (red),plastic,polymer,PS,PS (red),PS (red)
c_29,67,c_29-067,MAYP1114611__66__05467.txt,continuous_spectra,ps_red,2025-07-10,7966132.559999999,3966754.512000001,True,False,True,PS (red),plastic,polymer,PS,PS (red),PS (red)
c_29,68,c_29-068,MAYP1114611__67__05468.txt,continuous_spectra,ps_red,2025-07-10,7709605.440000001,3966754.512000001,True,False,True,PS (red),plastic,polymer,PS,PS (red),PS (red)
c_29,73,c_29-073,MAYP1114611__72__05473.txt,continuous_spectra,ps_red,2025-07-10,5559412.0,3966754.512000001,True,False,True,PS (red),plastic,polymer,PS,PS (red),PS (red)
c_29,74,c_29-074,MAYP1114611__73__05474.txt,continuous_spectra,ps_red,2025-07-10,8761003.0,3966754.512000001,True,False,True,PS (red),plastic,polymer,PS,PS (red),PS (red)
c_29,75,c_29-075,MAYP1114611__74__05475.txt,continuous_spectra,ps_red,2025-07-10,6818126.440000001,3966754.512000001,True,False,True,PS (red),plastic,polymer,PS,PS (red),PS (red)
c_29,76,c_29-076,MAYP1114611__75__05476.txt,continuous_spectra,ps_red,2025-07-10,4326391.559999999,3966754.512000001,True,False,True,PS (red),plastic,polymer,PS,PS (red),PS (red)
c_29,77,c_29-077,MAYP1114611__76__05477.txt,continuous_spectra,ps_red,2025-07-10,5766304.0,3966754.512000001,True,False,True,PS (red),plastic,polymer,PS,PS (red),PS (red)
c_29,78,c_29-078,MAYP1114611__77__05478.txt,continuous_spectra,ps_red,2025-07-10,7122028.0,3966754.512000001,True,False,True,PS (red),plastic,polymer,PS,PS (red),PS (red)
c_29,79,c_29-079,MAYP1114611__78__05479.txt,continuous_spectra,ps_red,2025-07-10,7674797.559999999,3966754.512000001,True,False,True,PS (red),plastic,polymer,PS,PS (red),PS (red)
c_29,84,c_29-084,MAYP1114611__83__05484.txt,continuous_spectra,ps_red,2025-07-10,4902234.559999999,3966754.512000001,True,False,True,PS (red),plastic,polymer,PS,PS (red),PS (red)
c_29,85,c_29-085,MAYP1114611__84__05485.txt,continuous_spectra,ps_red,2025-07-10,6098100.559999999,3966754.512000001,True,False,True,PS (red),plastic,polymer,PS,PS (red),PS (red)
c_29,86,c_29-086,MAYP1114611__85__05486.txt,continuous_spectra,ps_red,2025-07-10,5172259.440000001,3966754.512000001,True,False,True,PS (red),plastic,polymer,PS,PS (red),PS (red)
c_29,87,c_29-087,MAYP1114611__86__05487.txt,continuous_spectra,ps_red,2025-07-10,5054579.0,3966754.512000001,True,False,True,PS (red),plastic,polymer,PS,PS (red),PS (red)
c_29,88,c_29-088,MAYP1114611__87__05488.txt,continuous_spectra,ps_red,2025-07-10,4571833.0,3966754.512000001,True,False,True,PS (red),plastic,polymer,PS,PS (red),PS (red)
c_29,89,c_29-089,MAYP1114611__88__05489.txt,continuous_spectra,ps_red,2025-07-10,5585249.440000001,3966754.512000001,True,False,True,PS (red),plastic,polymer,PS,PS (red),PS (red)
c_29,90,c_29-090,MAYP1114611__89__05490.txt,continuous_spectra,ps_red,2025-07-10,7417432.559999999,3966754.512000001,True,False,True,PS (red),plastic,polymer,PS,PS (red),PS (red)
c_29,91,c_29-091,MAYP1114611__90__05491.txt,continuous_spectra,ps_red,2025-07-10,4166857.559999998,3966754.512000001,True,False,True,PS (red),plastic,polymer,PS,PS (red),PS (red)
c_29,121,c_29-121,MAYP1114611__120__05521.txt,continuous_spectra,ps_red,2025-07-10,4925677.559999999,3966754.512000001,True,False,True,PS (red),plastic,polymer,PS,PS (red),PS (red)
c_29,122,c_29-122,MAYP1114611__121__05522.txt,continuous_spectra,ps_red,2025-07-10,8446550.0,3966754.512000001,True,False,True,PS (red),plastic,polymer,PS,PS (red),PS (red)
c_29,123,c_29-123,MAYP1114611__122__05523.txt,continuous_spectra,ps_red,2025-07-10,5700535.440000001,3966754.512000001,True,False,True,PS (red),plastic,polymer,PS,PS (red),PS (red)
c_29,124,c_29-124,MAYP1114611__123__05524.txt,continuous_spectra,ps_red,2025-07-10,5422089.440000001,3966754.512000001,True,False,True,PS (red),plastic,polymer,PS,PS (red),PS (red)
c_29,125,c_29-125,MAYP1114611__124__05525.txt,continuous_spectra,ps_red,2025-07-10,10278205.56,3966754.512000001,True,False,True,PS (red),plastic,polymer,PS,PS (red),PS (red)
c_29,126,c_29-126,MAYP1114611__125__05526.txt,continuous_spectra,ps_red,2025-07-10,9176042.0,3966754.512000001,True,False,True,PS (red),plastic,polymer,PS,PS (red),PS (red)
c_29,127,c_29-127,MAYP1114611__126__05527.txt,continuous_spectra,ps_red,2025-07-10,8525628.0,3966754.512000001,True,False,True,PS (red),plastic,polymer,PS,PS (red),PS (red)
c_29,128,c_29-128,MAYP1114611__127__05528.txt,continuous_spectra,ps_red,2025-07-10,10455562.0,3966754.512000001,True,False,True,PS (red),plastic,polymer,PS,PS (red),PS (red)
c_29,129,c_29-129,MAYP1114611__128__05529.txt,continuous_spectra,ps_red,2025-07-10,5237833.0,3966754.512000001,True,False,True,PS (red),plastic,polymer,PS,PS (red),PS (red)
c_29,133,c_29-133,MAYP1114611__132__05533.txt,continuous_spectra,ps_red,2025-07-10,5657367.559999999,3966754.512000001,True,False,True,PS (red),plastic,polymer,PS,PS (red),PS (red)
c_29,134,c_29-134,MAYP1114611__133__05534.txt,continuous_spectra,ps_red,2025-07-10,7371788.440000001,3966754.512000001,True,False,True,PS (red),plastic,polymer,PS,PS (red),PS (red)
c_29,135,c_29-135,MAYP1114611__134__05535.txt,continuous_spectra,ps_red,2025-07-10,7417917.559999999,3966754.512000001,True,False,True,PS (red),plastic,polymer,PS,PS (red),PS (red)
c_29,136,c_29-136,MAYP1114611__135__05536.txt,continuous_spectra,ps_red,2025-07-10,4255207.440000001,3966754.512000001,True,False,True,PS (red),plastic,polymer,PS,PS (red),PS (red)
c_29,137,c_29-137,MAYP1114611__136__05537.txt,continuous_spectra,ps_red,2025-07-10,4013360.0,3966754.512000001,True,False,True,PS (red),plastic,polymer,PS,PS (red),PS (red)
c_29,138,c_29-138,MAYP1114611__137__05538.txt,continuous_spectra,ps_red,2025-07-10,5883095.440000001,3966754.512000001,True,False,True,PS (red),plastic,polymer,PS,PS (red),PS (red)
c_29,139,c_29-139,MAYP1114611__138__05539.txt,continuous_spectra,ps_red,2025-07-10,5623877.440000001,3966754.512000001,True,False,True,PS (red),plastic,polymer,PS,PS (red),PS (red)
c_29,140,c_29-140,MAYP1114611__139__05540.txt,continuous_spectra,ps_red,2025-07-10,6805495.0,3966754.512000001,True,False,True,PS (red),plastic,polymer,PS,PS (red),PS (red)
c_29,143,c_29-143,MAYP1114611__142__05543.txt,continuous_spectra,ps_red,2025-07-10,4744031.440000001,3966754.512000001,True,False,True,PS (red),plastic,polymer,PS,PS (red),PS (red)
c_29,144,c_29-144,MAYP1114611__143__05544.txt,continuous_spectra,ps_red,2025-07-10,7742555.559999999,3966754.512000001,True,False,True,PS (red),plastic,polymer,PS,PS (red),PS (red)
c_29,145,c_29-145,MAYP1114611__144__05545.txt,continuous_spectra,ps_red,2025-07-10,6112761.440000001,3966754.512000001,True,False,True,PS (red),plastic,polymer,PS,PS (red),PS (red)
c_29,146,c_29-146,MAYP1114611__145__05546.txt,continuous_spectra,ps_red,2025-07-10,5026355.559999999,3966754.512000001,True,False,True,PS (red),plastic,polymer,PS,PS (red),PS (red)
c_29,147,c_29-147,MAYP1114611__146__05547.txt,continuous_spectra,ps_red,2025-07-10,4435901.0,3966754.512000001,True,False,True,PS (red),plastic,polymer,PS,PS (red),PS (red)
c_29,148,c_29-148,MAYP1114611__147__05548.txt,continuous_spectra,ps_red,2025-07-10,4780727.440000001,3966754.512000001,True,False,True,PS (red),plastic,polymer,PS,PS (red),PS (red)
c_29,149,c_29-149,MAYP1114611__148__05549.txt,continuous_spectra,ps_red,2025-07-10,4527133.440000001,3966754.512000001,True,False,True,PS (red),plastic,polymer,PS,PS (red),PS (red)
c_29,150,c_29-150,MAYP1114611__149__05550.txt,continuous_spectra,ps_red,2025-07-10,5021266.559999999,3966754.512000001,True,False,True,PS (red),plastic,polymer,PS,PS (red),PS (red)
c_29,155,c_29-155,MAYP1114611__154__05555.txt,continuous_spectra,ps_red,2025-07-10,7795357.559999999,3966754.512000001,True,False,True,PS (red),plastic,polymer,PS,PS (red),PS (red)
c_29,156,c_29-156,MAYP1114611__155__05556.txt,continuous_spectra,ps_red,2025-07-10,8705372.0,3966754.512000001,True,False,True,PS (red),plastic,polymer,PS,PS (red),PS (red)
c_29,157,c_29-157,MAYP1114611__156__05557.txt,continuous_spectra,ps_red,2025-07-10,9307278.0,3966754.512000001,True,False,True,PS (red),plastic,polymer,PS,PS (red),PS (red)
c_29,158,c_29-158,MAYP1114611__157__05558.txt,continuous_spectra,ps_red,2025-07-10,6138154.440000001,3966754.512000001,True,False,True,PS (red),plastic,polymer,PS,PS (red),PS (red)
c_29,159,c_29-159,MAYP1114611__158__05559.txt,continuous_spectra,ps_red,2025-07-10,5699914.0,3966754.512000001,True,False,True,PS (red),plastic,polymer,PS,PS (red),PS (red)
c_29,160,c_29-160,MAYP1114611__159__05560.txt,continuous_spectra,ps_red,2025-07-10,6244070.0,3966754.512000001,True,False,True,PS (red),plastic,polymer,PS,PS (red),PS (red)
c_29,161,c_29-161,MAYP1114611__160__05561.txt,continuous_spectra,ps_red,2025-07-10,6556332.440000001,3966754.512000001,True,False,True,PS (red),plastic,polymer,PS,PS (red),PS (red)
c_29,162,c_29-162,MAYP1114611__161__05562.txt,continuous_spectra,ps_red,2025-07-10,4149615.440000002,3966754.512000001,True,False,True,PS (red),plastic,polymer,PS,PS (red),PS (red)
c_29,165,c_29-165,MAYP1114611__164__05565.txt,continuous_spectra,ps_red,2025-07-10,5946343.0,3966754.512000001,True,False,True,PS (red),plastic,polymer,PS,PS (red),PS (red)
c_29,166,c_29-166,MAYP1114611__165__05566.txt,continuous_spectra,ps_red,2025-07-10,8934401.559999999,3966754.512000001,True,False,True,PS (red),plastic,polymer,PS,PS (red),PS (red)
c_29,167,c_29-167,MAYP1114611__166__05567.txt,continuous_spectra,ps_red,2025-07-10,6686228.559999999,3966754.512000001,True,False,True,PS (red),plastic,polymer,PS,PS (red),PS (red)
c_29,168,c_29-168,MAYP1114611__167__05568.txt,continuous_spectra,ps_red,2025-07-10,5891229.0,3966754.512000001,True,False,True,PS (red),plastic,polymer,PS,PS (red),PS (red)
c_29,169,c_29-169,MAYP1114611__168__05569.txt,continuous_spectra,ps_red,2025-07-10,6867134.559999999,3966754.512000001,True,False,True,PS (red),plastic,polymer,PS,PS (red),PS (red)
c_29,170,c_29-170,MAYP1114611__169__05570.txt,continuous_spectra,ps_red,2025-07-10,6332868.0,3966754.512000001,True,False,True,PS (red),plastic,polymer,PS,PS (red),PS (red)
c_29,171,c_29-171,MAYP1114611__170__05571.txt,continuous_spectra,ps_red,2025-07-10,6167571.559999999,3966754.512000001,True,False,True,PS (red),plastic,polymer,PS,PS (red),PS (red)
c_29,172,c_29-172,MAYP1114611__171__05572.txt,continuous_spectra,ps_red,2025-07-10,7429654.440000001,3966754.512000001,True,False,True,PS (red),plastic,polymer,PS,PS (red),PS (red)
c_29,173,c_29-173,MAYP1114611__172__05573.txt,continuous_spectra,ps_red,2025-07-10,3978445.559999999,3966754.512000001,True,False,True,PS (red),plastic,polymer,PS,PS (red),PS (red)
c_29,176,c_29-176,MAYP1114611__175__05576.txt,continuous_spectra,ps_red,2025-07-10,5105811.0,3966754.512000001,True,False,True,PS (red),plastic,polymer,PS,PS (red),PS (red)
c_29,177,c_29-177,MAYP1114611__176__05577.txt,continuous_spectra,ps_red,2025-07-10,7286145.0,3966754.512000001,True,False,True,PS (red),plastic,polymer,PS,PS (red),PS (red)
c_29,178,c_29-178,MAYP1114611__177__05578.txt,continuous_spectra,ps_red,2025-07-10,4396415.559999999,3966754.512000001,True,False,True,PS (red),plastic,polymer,PS,PS (red),PS (red)
c_29,179,c_29-179,MAYP1114611__178__05579.txt,continuous_spectra,ps_red,2025-07-10,9030293.44,3966754.512000001,True,False,True,PS (red),plastic,polymer,PS,PS (red),PS (red)
c_29,180,c_29-180,MAYP1114611__179__05580.txt,continuous_spectra,ps_red,2025-07-10,7069195.440000001,3966754.512000001,True,False,True,PS (red),plastic,polymer,PS,PS (red),PS (red)
c_29,181,c_29-181,MAYP1114611__180__05581.txt,continuous_spectra,ps_red,2025-07-10,6863344.0,3966754.512000001,True,False,True,PS (red),plastic,polymer,PS,PS (red),PS (red)
c_29,182,c_29-182,MAYP1114611__181__05582.txt,continuous_spectra,ps_red,2025-07-10,5894730.440000001,3966754.512000001,True,False,True,PS (red),plastic,polymer,PS,PS (red),PS (red)
c_29,183,c_29-183,MAYP1114611__182__05583.txt,continuous_spectra,ps_red,2025-07-10,7984410.440000001,3966754.512000001,True,False,True,PS (red),plastic,polymer,PS,PS (red),PS (red)
c_29,215,c_29-215,MAYP1114611__214__05615.txt,continuous_spectra,ps_red,2025-07-10,5248275.559999999,3966754.512000001,True,False,True,PS (red),plastic,polymer,PS,PS (red),PS (red)
c_29,216,c_29-216,MAYP1114611__215__05616.txt,continuous_spectra,ps_red,2025-07-10,5769227.0,3966754.512000001,True,False,True,PS (red),plastic,polymer,PS,PS (red),PS (red)
c_29,217,c_29-217,MAYP1114611__216__05617.txt,continuous_spectra,ps_red,2025-07-10,5902144.0,3966754.512000001,True,False,True,PS (red),plastic,polymer,PS,PS (red),PS (red)
c_29,218,c_29-218,MAYP1114611__217__05618.txt,continuous_spectra,ps_red,2025-07-10,5241266.0,3966754.512000001,True,False,True,PS (red),plastic,polymer,PS,PS (red),PS (red)
c_29,219,c_29-219,MAYP1114611__218__05619.txt,continuous_spectra,ps_red,2025-07-10,4528442.0,3966754.512000001,True,False,True,PS (red),plastic,polymer,PS,PS (red),PS (red)
c_29,220,c_29-220,MAYP1114611__219__05620.txt,continuous_spectra,ps_red,2025-07-10,5457340.440000001,3966754.512000001,True,False,True,PS (red),plastic,polymer,PS,PS (red),PS (red)
c_29,221,c_29-221,MAYP1114611__220__05621.txt,continuous_spectra,ps_red,2025-07-10,8084161.559999999,3966754.512000001,True,False,True,PS (red),plastic,polymer,PS,PS (red),PS (red)
c_29,222,c_29-222,MAYP1114611__221__05622.txt,continuous_spectra,ps_red,2025-07-10,4937596.0,3966754.512000001,True,False,True,PS (red),plastic,polymer,PS,PS (red),PS (red)
c_29,226,c_29-226,MAYP1114611__225__05626.txt,continuous_spectra,ps_red,2025-07-10,7102319.0,3966754.512000001,True,False,True,PS (red),plastic,polymer,PS,PS (red),PS (red)
c_29,227,c_29-227,MAYP1114611__226__05627.txt,continuous_spectra,ps_red,2025-07-10,8427172.440000001,3966754.512000001,True,False,True,PS (red),plastic,polymer,PS,PS (red),PS (red)
c_29,228,c_29-228,MAYP1114611__227__05628.txt,continuous_spectra,ps_red,2025-07-10,7529103.0,3966754.512000001,True,False,True,PS (red),plastic,polymer,PS,PS (red),PS (red)
c_29,229,c_29-229,MAYP1114611__228__05629.txt,continuous_spectra,ps_red,2025-07-10,7191328.440000001,3966754.512000001,True,False,True,PS (red),plastic,polymer,PS,PS (red),PS (red)
c_29,230,c_29-230,MAYP1114611__229__05630.txt,continuous_spectra,ps_red,2025-07-10,6368193.0,3966754.512000001,True,False,True,PS (red),plastic,polymer,PS,PS (red),PS (red)
c_29,231,c_29-231,MAYP1114611__230__05631.txt,continuous_spectra,ps_red,2025-07-10,7909209.559999999,3966754.512000001,True,False,True,PS (red),plastic,polymer,PS,PS (red),PS (red)
c_29,232,c_29-232,MAYP1114611__231__05632.txt,continuous_spectra,ps_red,2025-07-10,7755902.440000001,3966754.512000001,True,False,True,PS (red),plastic,polymer,PS,PS (red),PS (red)
c_29,235,c_29-235,MAYP1114611__234__05635.txt,continuous_spectra,ps_red,2025-07-10,4533349.0,3966754.512000001,True,False,True,PS (red),plastic,polymer,PS,PS (red),PS (red)
c_29,236,c_29-236,MAYP1114611__235__05636.txt,continuous_spectra,ps_red,2025-07-10,5141286.559999999,3966754.512000001,True,False,True,PS (red),plastic,polymer,PS,PS (red),PS (red)
c_29,237,c_29-237,MAYP1114611__236__05637.txt,continuous_spectra,ps_red,2025-07-10,7133606.440000001,3966754.512000001,True,False,True,PS (red),plastic,polymer,PS,PS (red),PS (red)
c_29,238,c_29-238,MAYP1114611__237__05638.txt,continuous_spectra,ps_red,2025-07-10,4843865.0,3966754.512000001,True,False,True,PS (red),plastic,polymer,PS,PS (red),PS (red)
c_29,239,c_29-239,MAYP1114611__238__05639.txt,continuous_spectra,ps_red,2025-07-10,4732836.0,3966754.512000001,True,False,True,PS (red),plastic,polymer,PS,PS (red),PS (red)
c_29,240,c_29-240,MAYP1114611__239__05640.txt,continuous_spectra,ps_red,2025-07-10,4931906.440000001,3966754.512000001,True,False,True,PS (red),plastic,polymer,PS,PS (red),PS (red)
c_29,241,c_29-241,MAYP1114611__240__05641.txt,continuous_spectra,ps_red,2025-07-10,6414090.0,3966754.512000001,True,False,True,PS (red),plastic,polymer,PS,PS (red),PS (red)
c_29,242,c_29-242,MAYP1114611__241__05642.txt,continuous_spectra,ps_red,2025-07-10,8049066.0,3966754.512000001,True,False,True,PS (red),plastic,polymer,PS,PS (red),PS (red)
c_29,243,c_29-243,MAYP1114611__242__05643.txt,continuous_spectra,ps_red,2025-07-10,8421783.440000001,3966754.512000001,True,False,True,PS (red),plastic,polymer,PS,PS (red),PS (red)
c_29,244,c_29-244,MAYP1114611__243__05644.txt,continuous_spectra,ps_red,2025-07-10,7035136.440000001,3966754.512000001,True,False,True,PS (red),plastic,polymer,PS,PS (red),PS (red)
c_29,246,c_29-246,MAYP1114611__245__05646.txt,continuous_spectra,ps_red,2025-07-10,5333309.0,3966754.512000001,True,False,True,PS (red),plastic,polymer,PS,PS (red),PS (red)
c_29,247,c_29-247,MAYP1114611__246__05647.txt,continuous_spectra,ps_red,2025-07-10,5969778.0,3966754.512000001,True,False,True,PS (red),plastic,polymer,PS,PS (red),PS (red)
c_29,248,c_29-248,MAYP1114611__247__05648.txt,continuous_spectra,ps_red,2025-07-10,4875109.0,3966754.512000001,True,False,True,PS (red),plastic,polymer,PS,PS (red),PS (red)
c_29,249,c_29-249,MAYP1114611__248__05649.txt,continuous_spectra,ps_red,2025-07-10,5037924.559999999,3966754.512000001,True,False,True,PS (red),plastic,polymer,PS,PS (red),PS (red)
c_29,250,c_29-250,MAYP1114611__249__05650.txt,continuous_spectra,ps_red,2025-07-10,6024806.559999999,3966754.512000001,True,False,True,PS (red),plastic,polymer,PS,PS (red),PS (red)
c_29,251,c_29-251,MAYP1114611__250__05651.txt,continuous_spectra,ps_red,2025-07-10,7121873.440000001,3966754.512000001,True,False,True,PS (red),plastic,polymer,PS,PS (red),PS (red)
c_29,252,c_29-252,MAYP1114611__251__05652.txt,continuous_spectra,ps_red,2025-07-10,6054448.440000001,3966754.512000001,True,False,True,PS (red),plastic,polymer,PS,PS (red),PS (red)
c_29,253,c_29-253,MAYP1114611__252__05653.txt,continuous_spectra,ps_red,2025-07-10,8514145.440000001,3966754.512000001,True,False,True,PS (red),plastic,polymer,PS,PS (red),PS (red)
c_29,254,c_29-254,MAYP1114611__253__05654.txt,continuous_spectra,ps_red,2025-07-10,7480516.440000001,3966754.512000001,True,False,True,PS (red),plastic,polymer,PS,PS (red),PS (red)
c_29,258,c_29-258,MAYP1114611__257__05658.txt,continuous_spectra,ps_red,2025-07-10,4596855.440000001,3966754.512000001,True,False,True,PS (red),plastic,polymer,PS,PS (red),PS (red)
c_29,259,c_29-259,MAYP1114611__258__05659.txt,continuous_spectra,ps_red,2025-07-10,8759124.0,3966754.512000001,True,False,True,PS (red),plastic,polymer,PS,PS (red),PS (red)
c_29,260,c_29-260,MAYP1114611__259__05660.txt,continuous_spectra,ps_red,2025-07-10,6377407.559999999,3966754.512000001,True,False,True,PS (red),plastic,polymer,PS,PS (red),PS (red)
c_29,261,c_29-261,MAYP1114611__260__05661.txt,continuous_spectra,ps_red,2025-07-10,7431889.559999999,3966754.512000001,True,False,True,PS (red),plastic,polymer,PS,PS (red),PS (red)
c_29,262,c_29-262,MAYP1114611__261__05662.txt,continuous_spectra,ps_red,2025-07-10,8314613.440000001,3966754.512000001,True,False,True,PS (red),plastic,polymer,PS,PS (red),PS (red)
c_29,263,c_29-263,MAYP1114611__262__05663.txt,continuous_spectra,ps_red,2025-07-10,7537943.559999999,3966754.512000001,True,False,True,PS (red),plastic,polymer,PS,PS (red),PS (red)
c_29,264,c_29-264,MAYP1114611__263__05664.txt,continuous_spectra,ps_red,2025-07-10,8676556.0,3966754.512000001,True,False,True,PS (red),plastic,polymer,PS,PS (red),PS (red)
c_29,265,c_29-265,MAYP1114611__264__05665.txt,continuous_spectra,ps_red,2025-07-10,6927539.440000001,3966754.512000001,True,False,True,PS (red),plastic,polymer,PS,PS (red),PS (red)
c_29,269,c_29-269,MAYP1114611__268__05669.txt,continuous_spectra,ps_red,2025-07-10,5995849.0,3966754.512000001,True,False,True,PS (red),plastic,polymer,PS,PS (red),PS (red)
c_29,270,c_29-270,MAYP1114611__269__05670.txt,continuous_spectra,ps_red,2025-07-10,6683720.0,3966754.512000001,True,False,True,PS (red),plastic,polymer,PS,PS (red),PS (red)
c_29,271,c_29-271,MAYP1114611__270__05671.txt,continuous_spectra,ps_red,2025-07-10,6323020.440000001,3966754.512000001,True,False,True,PS (red),plastic,polymer,PS,PS (red),PS (red)
c_29,272,c_29-272,MAYP1114611__271__05672.txt,continuous_spectra,ps_red,2025-07-10,6905418.559999999,3966754.512000001,True,False,True,PS (red),plastic,polymer,PS,PS (red),PS (red)
c_29,273,c_29-273,MAYP1114611__272__05673.txt,continuous_spectra,ps_red,2025-07-10,8678140.0,3966754.512000001,True,False,True,PS (red),plastic,polymer,PS,PS (red),PS (red)
c_29,274,c_29-274,MAYP1114611__273__05674.txt,continuous_spectra,ps_red,2025-07-10,7164252.0,3966754.512000001,True,False,True,PS (red),plastic,polymer,PS,PS (red),PS (red)
c_29,275,c_29-275,MAYP1114611__274__05675.txt,continuous_spectra,ps_red,2025-07-10,6669704.559999999,3966754.512000001,True,False,True,PS (red),plastic,polymer,PS,PS (red),PS (red)
c_29,276,c_29-276,MAYP1114611__275__05676.txt,continuous_spectra,ps_red,2025-07-10,5230448.440000001,3966754.512000001,True,False,True,PS (red),plastic,polymer,PS,PS (red),PS (red)
c_30,29,c_30-029,MAYP1114611__28__05729.txt,continuous_spectra,ps_red,2025-07-10,8985635.0,4187390.55,True,False,True,PS (red),plastic,polymer,PS,PS (red),PS (red)
c_30,30,c_30-030,MAYP1114611__29__05730.txt,continuous_spectra,ps_red,2025-07-10,8993997.559999999,4187390.55,True,False,True,PS (red),plastic,polymer,PS,PS (red),PS (red)
c_30,31,c_30-031,MAYP1114611__30__05731.txt,continuous_spectra,ps_red,2025-07-10,7425782.0,4187390.55,True,False,True,PS (red),plastic,polymer,PS,PS (red),PS (red)
c_30,32,c_30-032,MAYP1114611__31__05732.txt,continuous_spectra,ps_red,2025-07-10,4311424.0,4187390.55,True,False,True,PS (red),plastic,polymer,PS,PS (red),PS (red)
c_30,33,c_30-033,MAYP1114611__32__05733.txt,continuous_spectra,ps_red,2025-07-10,5960644.0,4187390.55,True,False,True,PS (red),plastic,polymer,PS,PS (red),PS (red)
c_30,34,c_30-034,MAYP1114611__33__05734.txt,continuous_spectra,ps_red,2025-07-10,6095881.440000001,4187390.55,True,False,True,PS (red),plastic,polymer,PS,PS (red),PS (red)
c_30,35,c_30-035,MAYP1114611__34__05735.txt,continuous_spectra,ps_red,2025-07-10,6267729.0,4187390.55,True,False,True,PS (red),plastic,polymer,PS,PS (red),PS (red)
c_30,36,c_30-036,MAYP1114611__35__05736.txt,continuous_spectra,ps_red,2025-07-10,5322880.440000001,4187390.55,True,False,True,PS (red),plastic,polymer,PS,PS (red),PS (red)
c_30,41,c_30-041,MAYP1114611__40__05741.txt,continuous_spectra,ps_red,2025-07-10,4489137.559999999,4187390.55,True,False,True,PS (red),plastic,polymer,PS,PS (red),PS (red)
c_30,42,c_30-042,MAYP1114611__41__05742.txt,continuous_spectra,ps_red,2025-07-10,5629131.440000001,4187390.55,True,False,True,PS (red),plastic,polymer,PS,PS (red),PS (red)
c_30,43,c_30-043,MAYP1114611__42__05743.txt,continuous_spectra,ps_red,2025-07-10,4582202.559999999,4187390.55,True,False,True,PS (red),plastic,polymer,PS,PS (red),PS (red)
c_30,44,c_30-044,MAYP1114611__43__05744.txt,continuous_spectra,ps_red,2025-07-10,6533557.559999999,4187390.55,True,False,True,PS (red),plastic,polymer,PS,PS (red),PS (red)
c_30,45,c_30-045,MAYP1114611__44__05745.txt,continuous_spectra,ps_red,2025-07-10,5360570.0,4187390.55,True,False,True,PS (red),plastic,polymer,PS,PS (red),PS (red)
c_30,46,c_30-046,MAYP1114611__45__05746.txt,continuous_spectra,ps_red,2025-07-10,5603639.0,4187390.55,True,False,True,PS (red),plastic,polymer,PS,PS (red),PS (red)
c_30,47,c_30-047,MAYP1114611__46__05747.txt,continuous_spectra,ps_red,2025-07-10,6612789.0,4187390.55,True,False,True,PS (red),plastic,polymer,PS,PS (red),PS (red)
c_30,51,c_30-051,MAYP1114611__50__05751.txt,continuous_spectra,ps_red,2025-07-10,4696040.559999999,4187390.55,True,False,True,PS (red),plastic,polymer,PS,PS (red),PS (red)
c_30,52,c_30-052,MAYP1114611__51__05752.txt,continuous_spectra,ps_red,2025-07-10,8508345.440000001,4187390.55,True,False,True,PS (red),plastic,polymer,PS,PS (red),PS (red)
c_30,53,c_30-053,MAYP1114611__52__05753.txt,continuous_spectra,ps_red,2025-07-10,5206309.559999999,4187390.55,True,False,True,PS (red),plastic,polymer,PS,PS (red),PS (red)
c_30,54,c_30-054,MAYP1114611__53__05754.txt,continuous_spectra,ps_red,2025-07-10,4387197.559999999,4187390.55,True,False,True,PS (red),plastic,polymer,PS,PS (red),PS (red)
c_30,55,c_30-055,MAYP1114611__54__05755.txt,continuous_spectra,ps_red,2025-07-10,5327054.0,4187390.55,True,False,True,PS (red),plastic,polymer,PS,PS (red),PS (red)
c_30,56,c_30-056,MAYP1114611__55__05756.txt,continuous_spectra,ps_red,2025-07-10,7721046.440000001,4187390.55,True,False,True,PS (red),plastic,polymer,PS,PS (red),PS (red)
c_30,57,c_30-057,MAYP1114611__56__05757.txt,continuous_spectra,ps_red,2025-07-10,5281043.440000001,4187390.55,True,False,True,PS (red),plastic,polymer,PS,PS (red),PS (red)
c_30,58,c_30-058,MAYP1114611__57__05758.txt,continuous_spectra,ps_red,2025-07-10,6096504.559999999,4187390.55,True,False,True,PS (red),plastic,polymer,PS,PS (red),PS (red)
c_30,59,c_30-059,MAYP1114611__58__05759.txt,continuous_spectra,ps_red,2025-07-10,5657987.0,4187390.55,True,False,True,PS (red),plastic,polymer,PS,PS (red),PS (red)
c_30,63,c_30-063,MAYP1114611__62__05763.txt,continuous_spectra,ps_red,2025-07-10,4331693.0,4187390.55,True,False,True,PS (red),plastic,polymer,PS,PS (red),PS (red)
c_30,64,c_30-064,MAYP1114611__63__05764.txt,continuous_spectra,ps_red,2025-07-10,6836930.440000001,4187390.55,True,False,True,PS (red),plastic,polymer,PS,PS (red),PS (red)
c_30,65,c_30-065,MAYP1114611__64__05765.txt,continuous_spectra,ps_red,2025-07-10,7465025.440000001,4187390.55,True,False,True,PS (red),plastic,polymer,PS,PS (red),PS (red)
c_30,66,c_30-066,MAYP1114611__65__05766.txt,continuous_spectra,ps_red,2025-07-10,5270887.440000001,4187390.55,True,False,True,PS (red),plastic,polymer,PS,PS (red),PS (red)
c_30,67,c_30-067,MAYP1114611__66__05767.txt,continuous_spectra,ps_red,2025-07-10,5954159.440000001,4187390.55,True,False,True,PS (red),plastic,polymer,PS,PS (red),PS (red)
c_30,68,c_30-068,MAYP1114611__67__05768.txt,continuous_spectra,ps_red,2025-07-10,7930888.559999999,4187390.55,True,False,True,PS (red),plastic,polymer,PS,PS (red),PS (red)
c_30,69,c_30-069,MAYP1114611__68__05769.txt,continuous_spectra,ps_red,2025-07-10,4488111.0,4187390.55,True,False,True,PS (red),plastic,polymer,PS,PS (red),PS (red)
c_30,73,c_30-073,MAYP1114611__72__05773.txt,continuous_spectra,ps_red,2025-07-10,5194606.440000001,4187390.55,True,False,True,PS (red),plastic,polymer,PS,PS (red),PS (red)
c_30,74,c_30-074,MAYP1114611__73__05774.txt,continuous_spectra,ps_red,2025-07-10,6124869.440000001,4187390.55,True,False,True,PS (red),plastic,polymer,PS,PS (red),PS (red)
c_30,75,c_30-075,MAYP1114611__74__05775.txt,continuous_spectra,ps_red,2025-07-10,5399990.559999999,4187390.55,True,False,True,PS (red),plastic,polymer,PS,PS (red),PS (red)
c_30,76,c_30-076,MAYP1114611__75__05776.txt,continuous_spectra,ps_red,2025-07-10,6764880.559999999,4187390.55,True,False,True,PS (red),plastic,polymer,PS,PS (red),PS (red)
c_30,77,c_30-077,MAYP1114611__76__05777.txt,continuous_spectra,ps_red,2025-07-10,5541160.0,4187390.55,True,False,True,PS (red),plastic,polymer,PS,PS (red),PS (red)
c_30,78,c_30-078,MAYP1114611__77__05778.txt,continuous_spectra,ps_red,2025-07-10,8399307.559999999,4187390.55,True,False,True,PS (red),plastic,polymer,PS,PS (red),PS (red)
c_30,79,c_30-079,MAYP1114611__78__05779.txt,continuous_spectra,ps_red,2025-07-10,8267480.559999999,4187390.55,True,False,True,PS (red),plastic,polymer,PS,PS (red),PS (red)
c_30,80,c_30-080,MAYP1114611__79__05780.txt,continuous_spectra,ps_red,2025-07-10,6833665.0,4187390.55,True,False,True,PS (red),plastic,polymer,PS,PS (red),PS (red)
c_30,84,c_30-084,MAYP1114611__83__05784.txt,continuous_spectra,ps_red,2025-07-10,4466623.0,4187390.55,True,False,True,PS (red),plastic,polymer,PS,PS (red),PS (red)
c_30,85,c_30-085,MAYP1114611__84__05785.txt,continuous_spectra,ps_red,2025-07-10,8529053.0,4187390.55,True,False,True,PS (red),plastic,polymer,PS,PS (red),PS (red)
c_30,86,c_30-086,MAYP1114611__85__05786.txt,continuous_spectra,ps_red,2025-07-10,9261646.0,4187390.55,True,False,True,PS (red),plastic,polymer,PS,PS (red),PS (red)
c_30,87,c_30-087,MAYP1114611__86__05787.txt,continuous_spectra,ps_red,2025-07-10,8620351.0,4187390.55,True,False,True,PS (red),plastic,polymer,PS,PS (red),PS (red)
c_30,88,c_30-088,MAYP1114611__87__05788.txt,continuous_spectra,ps_red,2025-07-10,6176777.0,4187390.55,True,False,True,PS (red),plastic,polymer,PS,PS (red),PS (red)
c_30,89,c_30-089,MAYP1114611__88__05789.txt,continuous_spectra,ps_red,2025-07-10,6948751.440000001,4187390.55,True,False,True,PS (red),plastic,polymer,PS,PS (red),PS (red)
c_30,90,c_30-090,MAYP1114611__89__05790.txt,continuous_spectra,ps_red,2025-07-10,6065996.559999999,4187390.55,True,False,True,PS (red),plastic,polymer,PS,PS (red),PS (red)
c_30,91,c_30-091,MAYP1114611__90__05791.txt,continuous_spectra,ps_red,2025-07-10,6239104.440000001,4187390.55,True,False,True,PS (red),plastic,polymer,PS,PS (red),PS (red)
c_30,122,c_30-122,MAYP1114611__121__05822.txt,continuous_spectra,ps_red,2025-07-10,7336960.559999999,4187390.55,True,False,True,PS (red),plastic,polymer,PS,PS (red),PS (red)
c_30,123,c_30-123,MAYP1114611__122__05823.txt,continuous_spectra,ps_red,2025-07-10,5526400.559999999,4187390.55,True,False,True,PS (red),plastic,polymer,PS,PS (red),PS (red)
c_30,124,c_30-124,MAYP1114611__123__05824.txt,continuous_spectra,ps_red,2025-07-10,4996741.440000001,4187390.55,True,False,True,PS (red),plastic,polymer,PS,PS (red),PS (red)
c_30,125,c_30-125,MAYP1114611__124__05825.txt,continuous_spectra,ps_red,2025-07-10,6319169.0,4187390.55,True,False,True,PS (red),plastic,polymer,PS,PS (red),PS (red)
c_30,126,c_30-126,MAYP1114611__125__05826.txt,continuous_spectra,ps_red,2025-07-10,7949494.0,4187390.55,True,False,True,PS (red),plastic,polymer,PS,PS (red),PS (red)
c_30,127,c_30-127,MAYP1114611__126__05827.txt,continuous_spectra,ps_red,2025-07-10,7142982.0,4187390.55,True,False,True,PS (red),plastic,polymer,PS,PS (red),PS (red)
c_30,128,c_30-128,MAYP1114611__127__05828.txt,continuous_spectra,ps_red,2025-07-10,7300212.0,4187390.55,True,False,True,PS (red),plastic,polymer,PS,PS (red),PS (red)
c_30,129,c_30-129,MAYP1114611__128__05829.txt,continuous_spectra,ps_red,2025-07-10,7005532.440000001,4187390.55,True,False,True,PS (red),plastic,polymer,PS,PS (red),PS (red)
c_30,133,c_30-133,MAYP1114611__132__05833.txt,continuous_spectra,ps_red,2025-07-10,4905046.0,4187390.55,True,False,True,PS (red),plastic,polymer,PS,PS (red),PS (red)
c_30,134,c_30-134,MAYP1114611__133__05834.txt,continuous_spectra,ps_red,2025-07-10,6606445.440000001,4187390.55,True,False,True,PS (red),plastic,polymer,PS,PS (red),PS (red)
c_30,135,c_30-135,MAYP1114611__134__05835.txt,continuous_spectra,ps_red,2025-07-10,4863776.0,4187390.55,True,False,True,PS (red),plastic,polymer,PS,PS (red),PS (red)
c_30,136,c_30-136,MAYP1114611__135__05836.txt,continuous_spectra,ps_red,2025-07-10,4616946.440000001,4187390.55,True,False,True,PS (red),plastic,polymer,PS,PS (red),PS (red)
c_30,137,c_30-137,MAYP1114611__136__05837.txt,continuous_spectra,ps_red,2025-07-10,8012319.440000001,4187390.55,True,False,True,PS (red),plastic,polymer,PS,PS (red),PS (red)
c_30,138,c_30-138,MAYP1114611__137__05838.txt,continuous_spectra,ps_red,2025-07-10,8908154.559999999,4187390.55,True,False,True,PS (red),plastic,polymer,PS,PS (red),PS (red)
c_30,139,c_30-139,MAYP1114611__138__05839.txt,continuous_spectra,ps_red,2025-07-10,7901803.440000001,4187390.55,True,False,True,PS (red),plastic,polymer,PS,PS (red),PS (red)
c_30,140,c_30-140,MAYP1114611__139__05840.txt,continuous_spectra,ps_red,2025-07-10,8905650.559999999,4187390.55,True,False,True,PS (red),plastic,polymer,PS,PS (red),PS (red)
c_30,144,c_30-144,MAYP1114611__143__05844.txt,continuous_spectra,ps_red,2025-07-10,8523423.559999999,4187390.55,True,False,True,PS (red),plastic,polymer,PS,PS (red),PS (red)
c_30,145,c_30-145,MAYP1114611__144__05845.txt,continuous_spectra,ps_red,2025-07-10,8545271.0,4187390.55,True,False,True,PS (red),plastic,polymer,PS,PS (red),PS (red)
c_30,146,c_30-146,MAYP1114611__145__05846.txt,continuous_spectra,ps_red,2025-07-10,9410921.0,4187390.55,True,False,True,PS (red),plastic,polymer,PS,PS (red),PS (red)
c_30,147,c_30-147,MAYP1114611__146__05847.txt,continuous_spectra,ps_red,2025-07-10,7737066.0,4187390.55,True,False,True,PS (red),plastic,polymer,PS,PS (red),PS (red)
c_30,148,c_30-148,MAYP1114611__147__05848.txt,continuous_spectra,ps_red,2025-07-10,4424995.559999999,4187390.55,True,False,True,PS (red),plastic,polymer,PS,PS (red),PS (red)
c_30,149,c_30-149,MAYP1114611__148__05849.txt,continuous_spectra,ps_red,2025-07-10,4533487.0,4187390.55,True,False,True,PS (red),plastic,polymer,PS,PS (red),PS (red)
c_30,150,c_30-150,MAYP1114611__149__05850.txt,continuous_spectra,ps_red,2025-07-10,5779833.440000001,4187390.55,True,False,True,PS (red),plastic,polymer,PS,PS (red),PS (red)
c_30,154,c_30-154,MAYP1114611__153__05854.txt,continuous_spectra,ps_red,2025-07-10,5423936.559999999,4187390.55,True,False,True,PS (red),plastic,polymer,PS,PS (red),PS (red)
c_30,155,c_30-155,MAYP1114611__154__05855.txt,continuous_spectra,ps_red,2025-07-10,8078551.440000001,4187390.55,True,False,True,PS (red),plastic,polymer,PS,PS (red),PS (red)
c_30,156,c_30-156,MAYP1114611__155__05856.txt,continuous_spectra,ps_red,2025-07-10,7336679.559999999,4187390.55,True,False,True,PS (red),plastic,polymer,PS,PS (red),PS (red)
c_30,157,c_30-157,MAYP1114611__156__05857.txt,continuous_spectra,ps_red,2025-07-10,5596448.440000001,4187390.55,True,False,True,PS (red),plastic,polymer,PS,PS (red),PS (red)
c_30,158,c_30-158,MAYP1114611__157__05858.txt,continuous_spectra,ps_red,2025-07-10,5930452.0,4187390.55,True,False,True,PS (red),plastic,polymer,PS,PS (red),PS (red)
c_30,159,c_30-159,MAYP1114611__158__05859.txt,continuous_spectra,ps_red,2025-07-10,5233509.559999999,4187390.55,True,False,True,PS (red),plastic,polymer,PS,PS (red),PS (red)
c_30,160,c_30-160,MAYP1114611__159__05860.txt,continuous_spectra,ps_red,2025-07-10,5877241.559999999,4187390.55,True,False,True,PS (red),plastic,polymer,PS,PS (red),PS (red)
c_30,161,c_30-161,MAYP1114611__160__05861.txt,continuous_spectra,ps_red,2025-07-10,8264172.440000001,4187390.55,True,False,True,PS (red),plastic,polymer,PS,PS (red),PS (red)
c_30,162,c_30-162,MAYP1114611__161__05862.txt,continuous_spectra,ps_red,2025-07-10,5007797.440000001,4187390.55,True,False,True,PS (red),plastic,polymer,PS,PS (red),PS (red)
c_30,163,c_30-163,MAYP1114611__162__05863.txt,continuous_spectra,ps_red,2025-07-10,6385543.559999999,4187390.55,True,False,True,PS (red),plastic,polymer,PS,PS (red),PS (red)
c_30,165,c_30-165,MAYP1114611__164__05865.txt,continuous_spectra,ps_red,2025-07-10,6785519.559999999,4187390.55,True,False,True,PS (red),plastic,polymer,PS,PS (red),PS (red)
c_30,166,c_30-166,MAYP1114611__165__05866.txt,continuous_spectra,ps_red,2025-07-10,6499828.0,4187390.55,True,False,True,PS (red),plastic,polymer,PS,PS (red),PS (red)
c_30,167,c_30-167,MAYP1114611__166__05867.txt,continuous_spectra,ps_red,2025-07-10,9041245.44,4187390.55,True,False,True,PS (red),plastic,polymer,PS,PS (red),PS (red)
c_30,168,c_30-168,MAYP1114611__167__05868.txt,continuous_spectra,ps_red,2025-07-10,6258413.559999999,4187390.55,True,False,True,PS (red),plastic,polymer,PS,PS (red),PS (red)
c_30,169,c_30-169,MAYP1114611__168__05869.txt,continuous_spectra,ps_red,2025-07-10,5422624.440000001,4187390.55,True,False,True,PS (red),plastic,polymer,PS,PS (red),PS (red)
c_30,170,c_30-170,MAYP1114611__169__05870.txt,continuous_spectra,ps_red,2025-07-10,5350070.0,4187390.55,True,False,True,PS (red),plastic,polymer,PS,PS (red),PS (red)
c_30,171,c_30-171,MAYP1114611__170__05871.txt,continuous_spectra,ps_red,2025-07-10,6184037.0,4187390.55,True,False,True,PS (red),plastic,polymer,PS,PS (red),PS (red)
c_30,172,c_30-172,MAYP1114611__171__05872.txt,continuous_spectra,ps_red,2025-07-10,6649766.559999999,4187390.55,True,False,True,PS (red),plastic,polymer,PS,PS (red),PS (red)
c_30,173,c_30-173,MAYP1114611__172__05873.txt,continuous_spectra,ps_red,2025-07-10,5295896.559999999,4187390.55,True,False,True,PS (red),plastic,polymer,PS,PS (red),PS (red)
c_30,176,c_30-176,MAYP1114611__175__05876.txt,continuous_spectra,ps_red,2025-07-10,4999548.559999999,4187390.55,True,False,True,PS (red),plastic,polymer,PS,PS (red),PS (red)
c_30,177,c_30-177,MAYP1114611__176__05877.txt,continuous_spectra,ps_red,2025-07-10,4707880.440000001,4187390.55,True,False,True,PS (red),plastic,polymer,PS,PS (red),PS (red)
c_30,179,c_30-179,MAYP1114611__178__05879.txt,continuous_spectra,ps_red,2025-07-10,5282898.0,4187390.55,True,False,True,PS (red),plastic,polymer,PS,PS (red),PS (red)
c_30,180,c_30-180,MAYP1114611__179__05880.txt,continuous_spectra,ps_red,2025-07-10,6186429.440000001,4187390.55,True,False,True,PS (red),plastic,polymer,PS,PS (red),PS (red)
c_30,182,c_30-182,MAYP1114611__181__05882.txt,continuous_spectra,ps_red,2025-07-10,4477114.0,4187390.55,True,False,True,PS (red),plastic,polymer,PS,PS (red),PS (red)
c_30,183,c_30-183,MAYP1114611__182__05883.txt,continuous_spectra,ps_red,2025-07-10,5435265.559999999,4187390.55,True,False,True,PS (red),plastic,polymer,PS,PS (red),PS (red)
c_30,184,c_30-184,MAYP1114611__183__05884.txt,continuous_spectra,ps_red,2025-07-10,5501302.0,4187390.55,True,False,True,PS (red),plastic,polymer,PS,PS (red),PS (red)
c_30,215,c_30-215,MAYP1114611__214__05915.txt,continuous_spectra,ps_red,2025-07-10,6043309.0,4187390.55,True,False,True,PS (red),plastic,polymer,PS,PS (red),PS (red)
c_30,218,c_30-218,MAYP1114611__217__05918.txt,continuous_spectra,ps_red,2025-07-10,4235117.440000001,4187390.55,True,False,True,PS (red),plastic,polymer,PS,PS (red),PS (red)
c_30,219,c_30-219,MAYP1114611__218__05919.txt,continuous_spectra,ps_red,2025-07-10,4329155.559999999,4187390.55,True,False,True,PS (red),plastic,polymer,PS,PS (red),PS (red)
c_30,220,c_30-220,MAYP1114611__219__05920.txt,continuous_spectra,ps_red,2025-07-10,5074506.440000001,4187390.55,True,False,True,PS (red),plastic,polymer,PS,PS (red),PS (red)
c_30,221,c_30-221,MAYP1114611__220__05921.txt,continuous_spectra,ps_red,2025-07-10,5684959.440000001,4187390.55,True,False,True,PS (red),plastic,polymer,PS,PS (red),PS (red)
c_30,222,c_30-222,MAYP1114611__221__05922.txt,continuous_spectra,ps_red,2025-07-10,5466796.440000001,4187390.55,True,False,True,PS (red),plastic,polymer,PS,PS (red),PS (red)
c_30,226,c_30-226,MAYP1114611__225__05926.txt,continuous_spectra,ps_red,2025-07-10,6423439.559999999,4187390.55,True,False,True,PS (red),plastic,polymer,PS,PS (red),PS (red)
c_30,227,c_30-227,MAYP1114611__226__05927.txt,continuous_spectra,ps_red,2025-07-10,6327477.440000001,4187390.55,True,False,True,PS (red),plastic,polymer,PS,PS (red),PS (red)
c_30,228,c_30-228,MAYP1114611__227__05928.txt,continuous_spectra,ps_red,2025-07-10,7767056.440000001,4187390.55,True,False,True,PS (red),plastic,polymer,PS,PS (red),PS (red)
c_30,229,c_30-229,MAYP1114611__228__05929.txt,continuous_spectra,ps_red,2025-07-10,6548436.559999999,4187390.55,True,False,True,PS (red),plastic,polymer,PS,PS (red),PS (red)
c_30,230,c_30-230,MAYP1114611__229__05930.txt,continuous_spectra,ps_red,2025-07-10,6158822.559999999,4187390.55,True,False,True,PS (red),plastic,polymer,PS,PS (red),PS (red)
c_30,231,c_30-231,MAYP1114611__230__05931.txt,continuous_spectra,ps_red,2025-07-10,7715203.559999999,4187390.55,True,False,True,PS (red),plastic,polymer,PS,PS (red),PS (red)
c_30,232,c_30-232,MAYP1114611__231__05932.txt,continuous_spectra,ps_red,2025-07-10,8166942.0,4187390.55,True,False,True,PS (red),plastic,polymer,PS,PS (red),PS (red)
c_30,236,c_30-236,MAYP1114611__235__05936.txt,continuous_spectra,ps_red,2025-07-10,5891398.559999999,4187390.55,True,False,True,PS (red),plastic,polymer,PS,PS (red),PS (red)
c_30,237,c_30-237,MAYP1114611__236__05937.txt,continuous_spectra,ps_red,2025-07-10,7186980.0,4187390.55,True,False,True,PS (red),plastic,polymer,PS,PS (red),PS (red)
c_30,238,c_30-238,MAYP1114611__237__05938.txt,continuous_spectra,ps_red,2025-07-10,7734507.559999999,4187390.55,True,False,True,PS (red),plastic,polymer,PS,PS (red),PS (red)
c_30,239,c_30-239,MAYP1114611__238__05939.txt,continuous_spectra,ps_red,2025-07-10,6637651.559999999,4187390.55,True,False,True,PS (red),plastic,polymer,PS,PS (red),PS (red)
c_30,240,c_30-240,MAYP1114611__239__05940.txt,continuous_spectra,ps_red,2025-07-10,7448804.440000001,4187390.55,True,False,True,PS (red),plastic,polymer,PS,PS (red),PS (red)
c_30,241,c_30-241,MAYP1114611__240__05941.txt,continuous_spectra,ps_red,2025-07-10,8688382.0,4187390.55,True,False,True,PS (red),plastic,polymer,PS,PS (red),PS (red)
c_30,242,c_30-242,MAYP1114611__241__05942.txt,continuous_spectra,ps_red,2025-07-10,7553034.440000001,4187390.55,True,False,True,PS (red),plastic,polymer,PS,PS (red),PS (red)
c_30,243,c_30-243,MAYP1114611__242__05943.txt,continuous_spectra,ps_red,2025-07-10,5163700.440000001,4187390.55,True,False,True,PS (red),plastic,polymer,PS,PS (red),PS (red)
c_30,244,c_30-244,MAYP1114611__243__05944.txt,continuous_spectra,ps_red,2025-07-10,6721299.440000001,4187390.55,True,False,True,PS (red),plastic,polymer,PS,PS (red),PS (red)
c_30,246,c_30-246,MAYP1114611__245__05946.txt,continuous_spectra,ps_red,2025-07-10,4503929.559999999,4187390.55,True,False,True,PS (red),plastic,polymer,PS,PS (red),PS (red)
c_30,247,c_30-247,MAYP1114611__246__05947.txt,continuous_spectra,ps_red,2025-07-10,7846876.559999999,4187390.55,True,False,True,PS (red),plastic,polymer,PS,PS (red),PS (red)
c_30,248,c_30-248,MAYP1114611__247__05948.txt,continuous_spectra,ps_red,2025-07-10,8543975.559999999,4187390.55,True,False,True,PS (red),plastic,polymer,PS,PS (red),PS (red)
c_30,249,c_30-249,MAYP1114611__248__05949.txt,continuous_spectra,ps_red,2025-07-10,6512023.0,4187390.55,True,False,True,PS (red),plastic,polymer,PS,PS (red),PS (red)
c_30,250,c_30-250,MAYP1114611__249__05950.txt,continuous_spectra,ps_red,2025-07-10,4859292.559999999,4187390.55,True,False,True,PS (red),plastic,polymer,PS,PS (red),PS (red)
c_30,251,c_30-251,MAYP1114611__250__05951.txt,continuous_spectra,ps_red,2025-07-10,4291931.0,4187390.55,True,False,True,PS (red),plastic,polymer,PS,PS (red),PS (red)
c_30,252,c_30-252,MAYP1114611__251__05952.txt,continuous_spectra,ps_red,2025-07-10,4926637.0,4187390.55,True,False,True,PS (red),plastic,polymer,PS,PS (red),PS (red)
c_30,253,c_30-253,MAYP1114611__252__05953.txt,continuous_spectra,ps_red,2025-07-10,5738959.559999999,4187390.55,True,False,True,PS (red),plastic,polymer,PS,PS (red),PS (red)
c_30,254,c_30-254,MAYP1114611__253__05954.txt,continuous_spectra,ps_red,2025-07-10,9107542.44,4187390.55,True,False,True,PS (red),plastic,polymer,PS,PS (red),PS (red)
c_30,258,c_30-258,MAYP1114611__257__05958.txt,continuous_spectra,ps_red,2025-07-10,5745847.559999999,4187390.55,True,False,True,PS (red),plastic,polymer,PS,PS (red),PS (red)
c_30,259,c_30-259,MAYP1114611__258__05959.txt,continuous_spectra,ps_red,2025-07-10,6053596.559999999,4187390.55,True,False,True,PS (red),plastic,polymer,PS,PS (red),PS (red)
c_30,260,c_30-260,MAYP1114611__259__05960.txt,continuous_spectra,ps_red,2025-07-10,5441016.559999999,4187390.55,True,False,True,PS (red),plastic,polymer,PS,PS (red),PS (red)
c_30,261,c_30-261,MAYP1114611__260__05961.txt,continuous_spectra,ps_red,2025-07-10,4768729.559999999,4187390.55,True,False,True,PS (red),plastic,polymer,PS,PS (red),PS (red)
c_30,262,c_30-262,MAYP1114611__261__05962.txt,continuous_spectra,ps_red,2025-07-10,5071905.559999999,4187390.55,True,False,True,PS (red),plastic,polymer,PS,PS (red),PS (red)
c_30,263,c_30-263,MAYP1114611__262__05963.txt,continuous_spectra,ps_red,2025-07-10,5461232.440000001,4187390.55,True,False,True,PS (red),plastic,polymer,PS,PS (red),PS (red)
c_30,264,c_30-264,MAYP1114611__263__05964.txt,continuous_spectra,ps_red,2025-07-10,7689319.559999999,4187390.55,True,False,True,PS (red),plastic,polymer,PS,PS (red),PS (red)
c_30,265,c_30-265,MAYP1114611__264__05965.txt,continuous_spectra,ps_red,2025-07-10,8853267.0,4187390.55,True,False,True,PS (red),plastic,polymer,PS,PS (red),PS (red)
c_30,266,c_30-266,MAYP1114611__265__05966.txt,continuous_spectra,ps_red,2025-07-10,4841875.440000001,4187390.55,True,False,True,PS (red),plastic,polymer,PS,PS (red),PS (red)
c_30,269,c_30-269,MAYP1114611__268__05969.txt,continuous_spectra,ps_red,2025-07-10,5119305.559999999,4187390.55,True,False,True,PS (red),plastic,polymer,PS,PS (red),PS (red)
c_30,270,c_30-270,MAYP1114611__269__05970.txt,continuous_spectra,ps_red,2025-07-10,4297625.440000001,4187390.55,True,False,True,PS (red),plastic,polymer,PS,PS (red),PS (red)
c_30,271,c_30-271,MAYP1114611__270__05971.txt,continuous_spectra,ps_red,2025-07-10,5123605.559999999,4187390.55,True,False,True,PS (red),plastic,polymer,PS,PS (red),PS (red)
c_30,272,c_30-272,MAYP1114611__271__05972.txt,continuous_spectra,ps_red,2025-07-10,7370268.559999999,4187390.55,True,False,True,PS (red),plastic,polymer,PS,PS (red),PS (red)
c_30,273,c_30-273,MAYP1114611__272__05973.txt,continuous_spectra,ps_red,2025-07-10,6459902.0,4187390.55,True,False,True,PS (red),plastic,polymer,PS,PS (red),PS (red)
c_30,274,c_30-274,MAYP1114611__273__05974.txt,continuous_spectra,ps_red,2025-07-10,6998847.440000001,4187390.55,True,False,True,PS (red),plastic,polymer,PS,PS (red),PS (red)
c_30,275,c_30-275,MAYP1114611__274__05975.txt,continuous_spectra,ps_red,2025-07-10,7622027.559999999,4187390.55,True,False,True,PS (red),plastic,polymer,PS,PS (red),PS (red)
c_30,276,c_30-276,MAYP1114611__275__05976.txt,continuous_spectra,ps_red,2025-07-10,5694257.440000001,4187390.55,True,False,True,PS (red),plastic,polymer,PS,PS (red),PS (red)
c_31,29,c_31-029,MAYP1114611__28__06030.txt,continuous_spectra,ps_yellow,2025-07-10,5746624.440000001,3933785.9189999993,True,False,True,PS (yellow),plastic,polymer,PS,PS (yellow),PS (yellow)
c_31,30,c_31-030,MAYP1114611__29__06031.txt,continuous_spectra,ps_yellow,2025-07-10,7099500.559999999,3933785.9189999993,True,False,True,PS (yellow),plastic,polymer,PS,PS (yellow),PS (yellow)
c_31,31,c_31-031,MAYP1114611__30__06032.txt,continuous_spectra,ps_yellow,2025-07-10,5117644.559999999,3933785.9189999993,True,False,True,PS (yellow),plastic,polymer,PS,PS (yellow),PS (yellow)
c_31,32,c_31-032,MAYP1114611__31__06033.txt,continuous_spectra,ps_yellow,2025-07-10,4524739.559999999,3933785.9189999993,True,False,True,PS (yellow),plastic,polymer,PS,PS (yellow),PS (yellow)
c_31,33,c_31-033,MAYP1114611__32__06034.txt,continuous_spectra,ps_yellow,2025-07-10,4650313.0,3933785.9189999993,True,False,True,PS (yellow),plastic,polymer,PS,PS (yellow),PS (yellow)
c_31,34,c_31-034,MAYP1114611__33__06035.txt,continuous_spectra,ps_yellow,2025-07-10,5005710.559999999,3933785.9189999993,True,False,True,PS (yellow),plastic,polymer,PS,PS (yellow),PS (yellow)
c_31,35,c_31-035,MAYP1114611__34__06036.txt,continuous_spectra,ps_yellow,2025-07-10,6166324.0,3933785.9189999993,True,False,True,PS (yellow),plastic,polymer,PS,PS (yellow),PS (yellow)
c_31,36,c_31-036,MAYP1114611__35__06037.txt,continuous_spectra,ps_yellow,2025-07-10,5085887.0,3933785.9189999993,True,False,True,PS (yellow),plastic,polymer,PS,PS (yellow),PS (yellow)
c_31,41,c_31-041,MAYP1114611__40__06042.txt,continuous_spectra,ps_yellow,2025-07-10,5020339.559999999,3933785.9189999993,True,False,True,PS (yellow),plastic,polymer,PS,PS (yellow),PS (yellow)
c_31,42,c_31-042,MAYP1114611__41__06043.txt,continuous_spectra,ps_yellow,2025-07-10,4901857.0,3933785.9189999993,True,False,True,PS (yellow),plastic,polymer,PS,PS (yellow),PS (yellow)
c_31,43,c_31-043,MAYP1114611__42__06044.txt,continuous_spectra,ps_yellow,2025-07-10,5284432.559999999,3933785.9189999993,True,False,True,PS (yellow),plastic,polymer,PS,PS (yellow),PS (yellow)
c_31,44,c_31-044,MAYP1114611__43__06045.txt,continuous_spectra,ps_yellow,2025-07-10,4834609.559999999,3933785.9189999993,True,False,True,PS (yellow),plastic,polymer,PS,PS (yellow),PS (yellow)
c_31,45,c_31-045,MAYP1114611__44__06046.txt,continuous_spectra,ps_yellow,2025-07-10,4670685.559999999,3933785.9189999993,True,False,True,PS (yellow),plastic,polymer,PS,PS (yellow),PS (yellow)
c_31,46,c_31-046,MAYP1114611__45__06047.txt,continuous_spectra,ps_yellow,2025-07-10,6081479.0,3933785.9189999993,True,False,True,PS (yellow),plastic,polymer,PS,PS (yellow),PS (yellow)
c_31,47,c_31-047,MAYP1114611__46__06048.txt,continuous_spectra,ps_yellow,2025-07-10,4903149.559999999,3933785.9189999993,True,False,True,PS (yellow),plastic,polymer,PS,PS (yellow),PS (yellow)
c_31,51,c_31-051,MAYP1114611__50__06052.txt,continuous_spectra,ps_yellow,2025-07-10,6067747.440000001,3933785.9189999993,True,False,True,PS (yellow),plastic,polymer,PS,PS (yellow),PS (yellow)
c_31,52,c_31-052,MAYP1114611__51__06053.txt,continuous_spectra,ps_yellow,2025-07-10,5745048.0,3933785.9189999993,True,False,True,PS (yellow),plastic,polymer,PS,PS (yellow),PS (yellow)
c_31,53,c_31-053,MAYP1114611__52__06054.txt,continuous_spectra,ps_yellow,2025-07-10,4168271.559999998,3933785.9189999993,True,False,True,PS (yellow),plastic,polymer,PS,PS (yellow),PS (yellow)
c_31,54,c_31-054,MAYP1114611__53__06055.txt,continuous_spectra,ps_yellow,2025-07-10,3992944.0,3933785.9189999993,True,False,True,PS (yellow),plastic,polymer,PS,PS (yellow),PS (yellow)
c_31,57,c_31-057,MAYP1114611__56__06058.txt,continuous_spectra,ps_yellow,2025-07-10,4383733.559999999,3933785.9189999993,True,False,True,PS (yellow),plastic,polymer,PS,PS (yellow),PS (yellow)
c_31,58,c_31-058,MAYP1114611__57__06059.txt,continuous_spectra,ps_yellow,2025-07-10,5533971.559999999,3933785.9189999993,True,False,True,PS (yellow),plastic,polymer,PS,PS (yellow),PS (yellow)
c_31,62,c_31-062,MAYP1114611__61__06063.txt,continuous_spectra,ps_yellow,2025-07-10,4387694.0,3933785.9189999993,True,False,True,PS (yellow),plastic,polymer,PS,PS (yellow),PS (yellow)
c_31,63,c_31-063,MAYP1114611__62__06064.txt,continuous_spectra,ps_yellow,2025-07-10,6969966.0,3933785.9189999993,True,False,True,PS (yellow),plastic,polymer,PS,PS (yellow),PS (yellow)
c_31,64,c_31-064,MAYP1114611__63__06065.txt,continuous_spectra,ps_yellow,2025-07-10,7202900.559999999,3933785.9189999993,True,False,True,PS (yellow),plastic,polymer,PS,PS (yellow),PS (yellow)
c_31,65,c_31-065,MAYP1114611__64__06066.txt,continuous_spectra,ps_yellow,2025-07-10,6289757.0,3933785.9189999993,True,False,True,PS (yellow),plastic,polymer,PS,PS (yellow),PS (yellow)
c_31,66,c_31-066,MAYP1114611__65__06067.txt,continuous_spectra,ps_yellow,2025-07-10,6684422.559999999,3933785.9189999993,True,False,True,PS (yellow),plastic,polymer,PS,PS (yellow),PS (yellow)
c_31,67,c_31-067,MAYP1114611__66__06068.txt,continuous_spectra,ps_yellow,2025-07-10,6799483.559999999,3933785.9189999993,True,False,True,PS (yellow),plastic,polymer,PS,PS (yellow),PS (yellow)
c_31,68,c_31-068,MAYP1114611__67__06069.txt,continuous_spectra,ps_yellow,2025-07-10,7379762.440000001,3933785.9189999993,True,False,True,PS (yellow),plastic,polymer,PS,PS (yellow),PS (yellow)
c_31,69,c_31-069,MAYP1114611__68__06070.txt,continuous_spectra,ps_yellow,2025-07-10,4201444.440000001,3933785.9189999993,True,False,True,PS (yellow),plastic,polymer,PS,PS (yellow),PS (yellow)
c_31,73,c_31-073,MAYP1114611__72__06074.txt,continuous_spectra,ps_yellow,2025-07-10,7611148.440000001,3933785.9189999993,True,False,True,PS (yellow),plastic,polymer,PS,PS (yellow),PS (yellow)
c_31,74,c_31-074,MAYP1114611__73__06075.txt,continuous_spectra,ps_yellow,2025-07-10,5918145.559999999,3933785.9189999993,True,False,True,PS (yellow),plastic,polymer,PS,PS (yellow),PS (yellow)
c_31,75,c_31-075,MAYP1114611__74__06076.txt,continuous_spectra,ps_yellow,2025-07-10,4734001.440000001,3933785.9189999993,True,False,True,PS (yellow),plastic,polymer,PS,PS (yellow),PS (yellow)
c_31,76,c_31-076,MAYP1114611__75__06077.txt,continuous_spectra,ps_yellow,2025-07-10,4624465.0,3933785.9189999993,True,False,True,PS (yellow),plastic,polymer,PS,PS (yellow),PS (yellow)
c_31,77,c_31-077,MAYP1114611__76__06078.txt,continuous_spectra,ps_yellow,2025-07-10,4407278.0,3933785.9189999993,True,False,True,PS (yellow),plastic,polymer,PS,PS (yellow),PS (yellow)
c_31,78,c_31-078,MAYP1114611__77__06079.txt,continuous_spectra,ps_yellow,2025-07-10,4743051.440000001,3933785.9189999993,True,False,True,PS (yellow),plastic,polymer,PS,PS (yellow),PS (yellow)
c_31,79,c_31-079,MAYP1114611__78__06080.txt,continuous_spectra,ps_yellow,2025-07-10,5304923.0,3933785.9189999993,True,False,True,PS (yellow),plastic,polymer,PS,PS (yellow),PS (yellow)
c_31,84,c_31-084,MAYP1114611__83__06085.txt,continuous_spectra,ps_yellow,2025-07-10,6345228.440000001,3933785.9189999993,True,False,True,PS (yellow),plastic,polymer,PS,PS (yellow),PS (yellow)
c_31,85,c_31-085,MAYP1114611__84__06086.txt,continuous_spectra,ps_yellow,2025-07-10,7752219.440000001,3933785.9189999993,True,False,True,PS (yellow),plastic,polymer,PS,PS (yellow),PS (yellow)
c_31,86,c_31-086,MAYP1114611__85__06087.txt,continuous_spectra,ps_yellow,2025-07-10,7061387.440000001,3933785.9189999993,True,False,True,PS (yellow),plastic,polymer,PS,PS (yellow),PS (yellow)
c_31,87,c_31-087,MAYP1114611__86__06088.txt,continuous_spectra,ps_yellow,2025-07-10,5916736.440000001,3933785.9189999993,True,False,True,PS (yellow),plastic,polymer,PS,PS (yellow),PS (yellow)
c_31,88,c_31-088,MAYP1114611__87__06089.txt,continuous_spectra,ps_yellow,2025-07-10,4997890.559999999,3933785.9189999993,True,False,True,PS (yellow),plastic,polymer,PS,PS (yellow),PS (yellow)
c_31,89,c_31-089,MAYP1114611__88__06090.txt,continuous_spectra,ps_yellow,2025-07-10,4934095.440000001,3933785.9189999993,True,False,True,PS (yellow),plastic,polymer,PS,PS (yellow),PS (yellow)
c_31,90,c_31-090,MAYP1114611__89__06091.txt,continuous_spectra,ps_yellow,2025-07-10,5596814.559999999,3933785.9189999993,True,False,True,PS (yellow),plastic,polymer,PS,PS (yellow),PS (yellow)
c_31,121,c_31-121,MAYP1114611__120__06122.txt,continuous_spectra,ps_yellow,2025-07-10,6180668.440000001,3933785.9189999993,True,False,True,PS (yellow),plastic,polymer,PS,PS (yellow),PS (yellow)
c_31,122,c_31-122,MAYP1114611__121__06123.txt,continuous_spectra,ps_yellow,2025-07-10,5990681.559999999,3933785.9189999993,True,False,True,PS (yellow),plastic,polymer,PS,PS (yellow),PS (yellow)
c_31,123,c_31-123,MAYP1114611__122__06124.txt,continuous_spectra,ps_yellow,2025-07-10,4005234.559999998,3933785.9189999993,True,False,True,PS (yellow),plastic,polymer,PS,PS (yellow),PS (yellow)
c_31,126,c_31-126,MAYP1114611__125__06127.txt,continuous_spectra,ps_yellow,2025-07-10,3967232.440000002,3933785.9189999993,True,False,True,PS (yellow),plastic,polymer,PS,PS (yellow),PS (yellow)
c_31,127,c_31-127,MAYP1114611__126__06128.txt,continuous_spectra,ps_yellow,2025-07-10,4661032.559999999,3933785.9189999993,True,False,True,PS (yellow),plastic,polymer,PS,PS (yellow),PS (yellow)
c_31,128,c_31-128,MAYP1114611__127__06129.txt,continuous_spectra,ps_yellow,2025-07-10,6252223.440000001,3933785.9189999993,True,False,True,PS (yellow),plastic,polymer,PS,PS (yellow),PS (yellow)
c_31,132,c_31-132,MAYP1114611__131__06133.txt,continuous_spectra,ps_yellow,2025-07-10,4515980.559999999,3933785.9189999993,True,False,True,PS (yellow),plastic,polymer,PS,PS (yellow),PS (yellow)
c_31,133,c_31-133,MAYP1114611__132__06134.txt,continuous_spectra,ps_yellow,2025-07-10,6179030.440000001,3933785.9189999993,True,False,True,PS (yellow),plastic,polymer,PS,PS (yellow),PS (yellow)
c_31,134,c_31-134,MAYP1114611__133__06135.txt,continuous_spectra,ps_yellow,2025-07-10,4627858.440000001,3933785.9189999993,True,False,True,PS (yellow),plastic,polymer,PS,PS (yellow),PS (yellow)
c_31,135,c_31-135,MAYP1114611__134__06136.txt,continuous_spectra,ps_yellow,2025-07-10,4529637.0,3933785.9189999993,True,False,True,PS (yellow),plastic,polymer,PS,PS (yellow),PS (yellow)
c_31,136,c_31-136,MAYP1114611__135__06137.txt,continuous_spectra,ps_yellow,2025-07-10,4478881.440000001,3933785.9189999993,True,False,True,PS (yellow),plastic,polymer,PS,PS (yellow),PS (yellow)
c_31,137,c_31-137,MAYP1114611__136__06138.txt,continuous_spectra,ps_yellow,2025-07-10,4396168.0,3933785.9189999993,True,False,True,PS (yellow),plastic,polymer,PS,PS (yellow),PS (yellow)
c_31,138,c_31-138,MAYP1114611__137__06139.txt,continuous_spectra,ps_yellow,2025-07-10,4135109.559999998,3933785.9189999993,True,False,True,PS (yellow),plastic,polymer,PS,PS (yellow),PS (yellow)
c_31,139,c_31-139,MAYP1114611__138__06140.txt,continuous_spectra,ps_yellow,2025-07-10,4450536.559999999,3933785.9189999993,True,False,True,PS (yellow),plastic,polymer,PS,PS (yellow),PS (yellow)
c_31,140,c_31-140,MAYP1114611__139__06141.txt,continuous_spectra,ps_yellow,2025-07-10,4590117.440000001,3933785.9189999993,True,False,True,PS (yellow),plastic,polymer,PS,PS (yellow),PS (yellow)
c_31,141,c_31-141,MAYP1114611__140__06142.txt,continuous_spectra,ps_yellow,2025-07-10,4044247.440000002,3933785.9189999993,True,False,True,PS (yellow),plastic,polymer,PS,PS (yellow),PS (yellow)
c_31,143,c_31-143,MAYP1114611__142__06144.txt,continuous_spectra,ps_yellow,2025-07-10,5132416.0,3933785.9189999993,True,False,True,PS (yellow),plastic,polymer,PS,PS (yellow),PS (yellow)
c_31,144,c_31-144,MAYP1114611__143__06145.txt,continuous_spectra,ps_yellow,2025-07-10,5098143.559999999,3933785.9189999993,True,False,True,PS (yellow),plastic,polymer,PS,PS (yellow),PS (yellow)
c_31,145,c_31-145,MAYP1114611__144__06146.txt,continuous_spectra,ps_yellow,2025-07-10,4469434.559999999,3933785.9189999993,True,False,True,PS (yellow),plastic,polymer,PS,PS (yellow),PS (yellow)
c_31,146,c_31-146,MAYP1114611__145__06147.txt,continuous_spectra,ps_yellow,2025-07-10,4837916.559999999,3933785.9189999993,True,False,True,PS (yellow),plastic,polymer,PS,PS (yellow),PS (yellow)
c_31,147,c_31-147,MAYP1114611__146__06148.txt,continuous_spectra,ps_yellow,2025-07-10,5256104.440000001,3933785.9189999993,True,False,True,PS (yellow),plastic,polymer,PS,PS (yellow),PS (yellow)
c_31,148,c_31-148,MAYP1114611__147__06149.txt,continuous_spectra,ps_yellow,2025-07-10,4802152.559999999,3933785.9189999993,True,False,True,PS (yellow),plastic,polymer,PS,PS (yellow),PS (yellow)
c_31,149,c_31-149,MAYP1114611__148__06150.txt,continuous_spectra,ps_yellow,2025-07-10,4735516.559999999,3933785.9189999993,True,False,True,PS (yellow),plastic,polymer,PS,PS (yellow),PS (yellow)
c_31,150,c_31-150,MAYP1114611__149__06151.txt,continuous_spectra,ps_yellow,2025-07-10,5936384.559999999,3933785.9189999993,True,False,True,PS (yellow),plastic,polymer,PS,PS (yellow),PS (yellow)
c_31,151,c_31-151,MAYP1114611__150__06152.txt,continuous_spectra,ps_yellow,2025-07-10,4052492.559999998,3933785.9189999993,True,False,True,PS (yellow),plastic,polymer,PS,PS (yellow),PE
c_31,154,c_31-154,MAYP1114611__153__06155.txt,continuous_spectra,ps_yellow,2025-07-10,6286533.440000001,3933785.9189999993,True,False,True,PS (yellow),plastic,polymer,PS,PS (yellow),PS (yellow)
c_31,155,c_31-155,MAYP1114611__154__06156.txt,continuous_spectra,ps_yellow,2025-07-10,6296984.440000001,3933785.9189999993,True,False,True,PS (yellow),plastic,polymer,PS,PS (yellow),PS (yellow)
c_31,156,c_31-156,MAYP1114611__155__06157.txt,continuous_spectra,ps_yellow,2025-07-10,4722860.0,3933785.9189999993,True,False,True,PS (yellow),plastic,polymer,PS,PS (yellow),PS (yellow)
c_31,157,c_31-157,MAYP1114611__156__06158.txt,continuous_spectra,ps_yellow,2025-07-10,4973316.440000001,3933785.9189999993,True,False,True,PS (yellow),plastic,polymer,PS,PS (yellow),PS (yellow)
c_31,158,c_31-158,MAYP1114611__157__06159.txt,continuous_spectra,ps_yellow,2025-07-10,6174658.559999999,3933785.9189999993,True,False,True,PS (yellow),plastic,polymer,PS,PS (yellow),PS (yellow)
c_31,159,c_31-159,MAYP1114611__158__06160.txt,continuous_spectra,ps_yellow,2025-07-10,4520254.559999999,3933785.9189999993,True,False,True,PS (yellow),plastic,polymer,PS,PS (yellow),PS (yellow)
c_31,160,c_31-160,MAYP1114611__159__06161.txt,continuous_spectra,ps_yellow,2025-07-10,5112642.559999999,3933785.9189999993,True,False,True,PS (yellow),plastic,polymer,PS,PS (yellow),PS (yellow)
c_31,161,c_31-161,MAYP1114611__160__06162.txt,continuous_spectra,ps_yellow,2025-07-10,6299375.440000001,3933785.9189999993,True,False,True,PS (yellow),plastic,polymer,PS,PS (yellow),PS (yellow)
c_31,165,c_31-165,MAYP1114611__164__06166.txt,continuous_spectra,ps_yellow,2025-07-10,4893791.0,3933785.9189999993,True,False,True,PS (yellow),plastic,polymer,PS,PS (yellow),PS (yellow)
c_31,166,c_31-166,MAYP1114611__165__06167.txt,continuous_spectra,ps_yellow,2025-07-10,5612009.0,3933785.9189999993,True,False,True,PS (yellow),plastic,polymer,PS,PS (yellow),PS (yellow)
c_31,167,c_31-167,MAYP1114611__166__06168.txt,continuous_spectra,ps_yellow,2025-07-10,6377645.440000001,3933785.9189999993,True,False,True,PS (yellow),plastic,polymer,PS,PS (yellow),PS (yellow)
c_31,168,c_31-168,MAYP1114611__167__06169.txt,continuous_spectra,ps_yellow,2025-07-10,6816897.440000001,3933785.9189999993,True,False,True,PS (yellow),plastic,polymer,PS,PS (yellow),PS (yellow)
c_31,169,c_31-169,MAYP1114611__168__06170.txt,continuous_spectra,ps_yellow,2025-07-10,5992204.0,3933785.9189999993,True,False,True,PS (yellow),plastic,polymer,PS,PS (yellow),PS (yellow)
c_31,170,c_31-170,MAYP1114611__169__06171.txt,continuous_spectra,ps_yellow,2025-07-10,6572653.0,3933785.9189999993,True,False,True,PS (yellow),plastic,polymer,PS,PS (yellow),PS (yellow)
c_31,171,c_31-171,MAYP1114611__170__06172.txt,continuous_spectra,ps_yellow,2025-07-10,6068262.559999999,3933785.9189999993,True,False,True,PS (yellow),plastic,polymer,PS,PS (yellow),PS (yellow)
c_31,172,c_31-172,MAYP1114611__171__06173.txt,continuous_spectra,ps_yellow,2025-07-10,6155855.559999999,3933785.9189999993,True,False,True,PS (yellow),plastic,polymer,PS,PS (yellow),PS (yellow)
c_31,176,c_31-176,MAYP1114611__175__06177.txt,continuous_spectra,ps_yellow,2025-07-10,5145987.0,3933785.9189999993,True,False,True,PS (yellow),plastic,polymer,PS,PS (yellow),PS (yellow)
c_31,177,c_31-177,MAYP1114611__176__06178.txt,continuous_spectra,ps_yellow,2025-07-10,6826809.0,3933785.9189999993,True,False,True,PS (yellow),plastic,polymer,PS,PS (yellow),PS (yellow)
c_31,178,c_31-178,MAYP1114611__177__06179.txt,continuous_spectra,ps_yellow,2025-07-10,6168934.559999999,3933785.9189999993,True,False,True,PS (yellow),plastic,polymer,PS,PS (yellow),PS (yellow)
c_31,179,c_31-179,MAYP1114611__178__06180.txt,continuous_spectra,ps_yellow,2025-07-10,6627472.0,3933785.9189999993,True,False,True,PS (yellow),plastic,polymer,PS,PS (yellow),PS (yellow)
c_31,180,c_31-180,MAYP1114611__179__06181.txt,continuous_spectra,ps_yellow,2025-07-10,5968043.0,3933785.9189999993,True,False,True,PS (yellow),plastic,polymer,PS,PS (yellow),PS (yellow)
c_31,181,c_31-181,MAYP1114611__180__06182.txt,continuous_spectra,ps_yellow,2025-07-10,5366928.0,3933785.9189999993,True,False,True,PS (yellow),plastic,polymer,PS,PS (yellow),PS (yellow)
c_31,182,c_31-182,MAYP1114611__181__06183.txt,continuous_spectra,ps_yellow,2025-07-10,5329728.440000001,3933785.9189999993,True,False,True,PS (yellow),plastic,polymer,PS,PS (yellow),PS (yellow)
c_31,183,c_31-183,MAYP1114611__182__06184.txt,continuous_spectra,ps_yellow,2025-07-10,5190962.0,3933785.9189999993,True,False,True,PS (yellow),plastic,polymer,PS,PS (yellow),PS (yellow)
c_31,214,c_31-214,MAYP1114611__213__06215.txt,continuous_spectra,ps_yellow,2025-07-10,4782283.440000001,3933785.9189999993,True,False,True,PS (yellow),plastic,polymer,PS,PS (yellow),PS (yellow)
c_31,215,c_31-215,MAYP1114611__214__06216.txt,continuous_spectra,ps_yellow,2025-07-10,5598975.0,3933785.9189999993,True,False,True,PS (yellow),plastic,polymer,PS,PS (yellow),PS (yellow)
c_31,216,c_31-216,MAYP1114611__215__06217.txt,continuous_spectra,ps_yellow,2025-07-10,4634735.0,3933785.9189999993,True,False,True,PS (yellow),plastic,polymer,PS,PS (yellow),PS (yellow)
c_31,217,c_31-217,MAYP1114611__216__06218.txt,continuous_spectra,ps_yellow,2025-07-10,5663322.559999999,3933785.9189999993,True,False,True,PS (yellow),plastic,polymer,PS,PS (yellow),PS (yellow)
c_31,218,c_31-218,MAYP1114611__217__06219.txt,continuous_spectra,ps_yellow,2025-07-10,4733289.440000001,3933785.9189999993,True,False,True,PS (yellow),plastic,polymer,PS,PS (yellow),PS (yellow)
c_31,219,c_31-219,MAYP1114611__218__06220.txt,continuous_spectra,ps_yellow,2025-07-10,4925581.440000001,3933785.9189999993,True,False,True,PS (yellow),plastic,polymer,PS,PS (yellow),PS (yellow)
c_31,220,c_31-220,MAYP1114611__219__06221.txt,continuous_spectra,ps_yellow,2025-07-10,6313315.559999999,3933785.9189999993,True,False,True,PS (yellow),plastic,polymer,PS,PS (yellow),PS (yellow)
c_31,221,c_31-221,MAYP1114611__220__06222.txt,continuous_spectra,ps_yellow,2025-07-10,5138174.440000001,3933785.9189999993,True,False,True,PS (yellow),plastic,polymer,PS,PS (yellow),PS (yellow)
c_31,225,c_31-225,MAYP1114611__224__06226.txt,continuous_spectra,ps_yellow,2025-07-10,4123870.0,3933785.9189999993,True,False,True,PS (yellow),plastic,polymer,PS,PS (yellow),PS (yellow)
c_31,226,c_31-226,MAYP1114611__225__06227.txt,continuous_spectra,ps_yellow,2025-07-10,5268414.0,3933785.9189999993,True,False,True,PS (yellow),plastic,polymer,PS,PS (yellow),PS (yellow)
c_31,227,c_31-227,MAYP1114611__226__06228.txt,continuous_spectra,ps_yellow,2025-07-10,5859624.440000001,3933785.9189999993,True,False,True,PS (yellow),plastic,polymer,PS,PS (yellow),PS (yellow)
c_31,228,c_31-228,MAYP1114611__227__06229.txt,continuous_spectra,ps_yellow,2025-07-10,5003786.0,3933785.9189999993,True,False,True,PS (yellow),plastic,polymer,PS,PS (yellow),PS (yellow)
c_31,229,c_31-229,MAYP1114611__228__06230.txt,continuous_spectra,ps_yellow,2025-07-10,5031510.0,3933785.9189999993,True,False,True,PS (yellow),plastic,polymer,PS,PS (yellow),PS (yellow)
c_31,230,c_31-230,MAYP1114611__229__06231.txt,continuous_spectra,ps_yellow,2025-07-10,5397742.440000001,3933785.9189999993,True,False,True,PS (yellow),plastic,polymer,PS,PS (yellow),PS (yellow)
c_31,231,c_31-231,MAYP1114611__230__06232.txt,continuous_spectra,ps_yellow,2025-07-10,6189677.559999999,3933785.9189999993,True,False,True,PS (yellow),plastic,polymer,PS,PS (yellow),PS (yellow)
c_31,232,c_31-232,MAYP1114611__231__06233.txt,continuous_spectra,ps_yellow,2025-07-10,5720610.559999999,3933785.9189999993,True,False,True,PS (yellow),plastic,polymer,PS,PS (yellow),PS (yellow)
c_31,235,c_31-235,MAYP1114611__234__06236.txt,continuous_spectra,ps_yellow,2025-07-10,4206895.0,3933785.9189999993,True,False,True,PS (yellow),plastic,polymer,PS,PS (yellow),PS (yellow)
c_31,236,c_31-236,MAYP1114611__235__06237.txt,continuous_spectra,ps_yellow,2025-07-10,5689680.559999999,3933785.9189999993,True,False,True,PS (yellow),plastic,polymer,PS,PS (yellow),PS (yellow)
c_31,237,c_31-237,MAYP1114611__236__06238.txt,continuous_spectra,ps_yellow,2025-07-10,5584310.0,3933785.9189999993,True,False,True,PS (yellow),plastic,polymer,PS,PS (yellow),PS (yellow)
c_31,238,c_31-238,MAYP1114611__237__06239.txt,continuous_spectra,ps_yellow,2025-07-10,5974416.559999999,3933785.9189999993,True,False,True,PS (yellow),plastic,polymer,PS,PS (yellow),PS (yellow)
c_31,239,c_31-239,MAYP1114611__238__06240.txt,continuous_spectra,ps_yellow,2025-07-10,4136785.559999998,3933785.9189999993,True,False,True,PS (yellow),plastic,polymer,PS,PS (yellow),PS (yellow)
c_31,240,c_31-240,MAYP1114611__239__06241.txt,continuous_spectra,ps_yellow,2025-07-10,4701734.559999999,3933785.9189999993,True,False,True,PS (yellow),plastic,polymer,PS,PS (yellow),PS (yellow)
c_31,241,c_31-241,MAYP1114611__240__06242.txt,continuous_spectra,ps_yellow,2025-07-10,6528718.0,3933785.9189999993,True,False,True,PS (yellow),plastic,polymer,PS,PS (yellow),PS (yellow)
c_31,242,c_31-242,MAYP1114611__241__06243.txt,continuous_spectra,ps_yellow,2025-07-10,5491232.440000001,3933785.9189999993,True,False,True,PS (yellow),plastic,polymer,PS,PS (yellow),PS (yellow)
c_31,243,c_31-243,MAYP1114611__242__06244.txt,continuous_spectra,ps_yellow,2025-07-10,5891664.0,3933785.9189999993,True,False,True,PS (yellow),plastic,polymer,PS,PS (yellow),PS (yellow)
c_31,247,c_31-247,MAYP1114611__246__06248.txt,continuous_spectra,ps_yellow,2025-07-10,5653677.559999999,3933785.9189999993,True,False,True,PS (yellow),plastic,polymer,PS,PS (yellow),PS (yellow)
c_31,248,c_31-248,MAYP1114611__247__06249.txt,continuous_spectra,ps_yellow,2025-07-10,5272142.0,3933785.9189999993,True,False,True,PS (yellow),plastic,polymer,PS,PS (yellow),PS (yellow)
c_31,249,c_31-249,MAYP1114611__248__06250.txt,continuous_spectra,ps_yellow,2025-07-10,6028933.559999999,3933785.9189999993,True,False,True,PS (yellow),plastic,polymer,PS,PS (yellow),PS (yellow)
c_31,250,c_31-250,MAYP1114611__249__06251.txt,continuous_spectra,ps_yellow,2025-07-10,6445110.559999999,3933785.9189999993,True,False,True,PS (yellow),plastic,polymer,PS,PS (yellow),PS (yellow)
c_31,251,c_31-251,MAYP1114611__250__06252.txt,continuous_spectra,ps_yellow,2025-07-10,6877543.559999999,3933785.9189999993,True,False,True,PS (yellow),plastic,polymer,PS,PS (yellow),PS (yellow)
c_31,252,c_31-252,MAYP1114611__251__06253.txt,continuous_spectra,ps_yellow,2025-07-10,5651249.0,3933785.9189999993,True,False,True,PS (yellow),plastic,polymer,PS,PS (yellow),PS (yellow)
c_31,253,c_31-253,MAYP1114611__252__06254.txt,continuous_spectra,ps_yellow,2025-07-10,5472489.559999999,3933785.9189999993,True,False,True,PS (yellow),plastic,polymer,PS,PS (yellow),PS (yellow)
c_31,254,c_31-254,MAYP1114611__253__06255.txt,continuous_spectra,ps_yellow,2025-07-10,4238773.440000001,3933785.9189999993,True,False,True,PS (yellow),plastic,polymer,PS,PS (yellow),PS (yellow)
c_31,258,c_31-258,MAYP1114611__257__06259.txt,continuous_spectra,ps_yellow,2025-07-10,5728468.0,3933785.9189999993,True,False,True,PS (yellow),plastic,polymer,PS,PS (yellow),PS (yellow)
c_31,259,c_31-259,MAYP1114611__258__06260.txt,continuous_spectra,ps_yellow,2025-07-10,5018397.440000001,3933785.9189999993,True,False,True,PS (yellow),plastic,polymer,PS,PS (yellow),PS (yellow)
c_31,260,c_31-260,MAYP1114611__259__06261.txt,continuous_spectra,ps_yellow,2025-07-10,6006517.559999999,3933785.9189999993,True,False,True,PS (yellow),plastic,polymer,PS,PS (yellow),PS (yellow)
c_31,261,c_31-261,MAYP1114611__260__06262.txt,continuous_spectra,ps_yellow,2025-07-10,5487948.440000001,3933785.9189999993,True,False,True,PS (yellow),plastic,polymer,PS,PS (yellow),PS (yellow)
c_31,262,c_31-262,MAYP1114611__261__06263.txt,continuous_spectra,ps_yellow,2025-07-10,6157390.440000001,3933785.9189999993,True,False,True,PS (yellow),plastic,polymer,PS,PS (yellow),PS (yellow)
c_31,263,c_31-263,MAYP1114611__262__06264.txt,continuous_spectra,ps_yellow,2025-07-10,5750063.440000001,3933785.9189999993,True,False,True,PS (yellow),plastic,polymer,PS,PS (yellow),PS (yellow)
c_31,264,c_31-264,MAYP1114611__263__06265.txt,continuous_spectra,ps_yellow,2025-07-10,6729346.559999999,3933785.9189999993,True,False,True,PS (yellow),plastic,polymer,PS,PS (yellow),PS (yellow)
c_31,265,c_31-265,MAYP1114611__264__06266.txt,continuous_spectra,ps_yellow,2025-07-10,5263034.440000001,3933785.9189999993,True,False,True,PS (yellow),plastic,polymer,PS,PS (yellow),PS (yellow)
c_31,269,c_31-269,MAYP1114611__268__06270.txt,continuous_spectra,ps_yellow,2025-07-10,4814403.0,3933785.9189999993,True,False,True,PS (yellow),plastic,polymer,PS,PS (yellow),PS (yellow)
c_31,270,c_31-270,MAYP1114611__269__06271.txt,continuous_spectra,ps_yellow,2025-07-10,6105457.559999999,3933785.9189999993,True,False,True,PS (yellow),plastic,polymer,PS,PS (yellow),PS (yellow)
c_31,271,c_31-271,MAYP1114611__270__06272.txt,continuous_spectra,ps_yellow,2025-07-10,6233139.559999999,3933785.9189999993,True,False,True,PS (yellow),plastic,polymer,PS,PS (yellow),PS (yellow)
c_31,272,c_31-272,MAYP1114611__271__06273.txt,continuous_spectra,ps_yellow,2025-07-10,6023445.559999999,3933785.9189999993,True,False,True,PS (yellow),plastic,polymer,PS,PS (yellow),PS (yellow)
c_31,273,c_31-273,MAYP1114611__272__06274.txt,continuous_spectra,ps_yellow,2025-07-10,6056245.0,3933785.9189999993,True,False,True,PS (yellow),plastic,polymer,PS,PS (yellow),PS (yellow)
c_31,274,c_31-274,MAYP1114611__273__06275.txt,continuous_spectra,ps_yellow,2025-07-10,5400385.559999999,3933785.9189999993,True,False,True,PS (yellow),plastic,polymer,PS,PS (yellow),PS (yellow)
c_31,275,c_31-275,MAYP1114611__274__06276.txt,continuous_spectra,ps_yellow,2025-07-10,4424800.0,3933785.9189999993,True,False,True,PS (yellow),plastic,polymer,PS,PS (yellow),PS (yellow)
c_32,28,c_32-028,MAYP1114611__27__06329.txt,continuous_spectra,ps_yellow,2025-07-10,4506486.440000001,4319714.637000002,True,False,True,PS (yellow),plastic,polymer,PS,PS (yellow),PS (yellow)
c_32,29,c_32-029,MAYP1114611__28__06330.txt,continuous_spectra,ps_yellow,2025-07-10,6078311.559999999,4319714.637000002,True,False,True,PS (yellow),plastic,polymer,PS,PS (yellow),PS (yellow)
c_32,30,c_32-030,MAYP1114611__29__06331.txt,continuous_spectra,ps_yellow,2025-07-10,7146030.559999999,4319714.637000002,True,False,True,PS (yellow),plastic,polymer,PS,PS (yellow),PS (yellow)
c_32,31,c_32-031,MAYP1114611__30__06332.txt,continuous_spectra,ps_yellow,2025-07-10,5099471.0,4319714.637000002,True,False,True,PS (yellow),plastic,polymer,PS,PS (yellow),PS (yellow)
c_32,32,c_32-032,MAYP1114611__31__06333.txt,continuous_spectra,ps_yellow,2025-07-10,5559846.0,4319714.637000002,True,False,True,PS (yellow),plastic,polymer,PS,PS (yellow),PS (yellow)
c_32,33,c_32-033,MAYP1114611__32__06334.txt,continuous_spectra,ps_yellow,2025-07-10,6166405.559999999,4319714.637000002,True,False,True,PS (yellow),plastic,polymer,PS,PS (yellow),PS (yellow)
c_32,34,c_32-034,MAYP1114611__33__06335.txt,continuous_spectra,ps_yellow,2025-07-10,5873113.559999999,4319714.637000002,True,False,True,PS (yellow),plastic,polymer,PS,PS (yellow),PS (yellow)
c_32,35,c_32-035,MAYP1114611__34__06336.txt,continuous_spectra,ps_yellow,2025-07-10,5641023.559999999,4319714.637000002,True,False,True,PS (yellow),plastic,polymer,PS,PS (yellow),PS (yellow)
c_32,36,c_32-036,MAYP1114611__35__06337.txt,continuous_spectra,ps_yellow,2025-07-10,5604189.440000001,4319714.637000002,True,False,True,PS (yellow),plastic,polymer,PS,PS (yellow),PS (yellow)
c_32,37,c_32-037,MAYP1114611__36__06338.txt,continuous_spectra,ps_yellow,2025-07-10,4479909.440000001,4319714.637000002,True,False,True,PS (yellow),plastic,polymer,PS,PS (yellow),PS (yellow)
c_32,42,c_32-042,MAYP1114611__41__06343.txt,continuous_spectra,ps_yellow,2025-07-10,4825229.440000001,4319714.637000002,True,False,True,PS (yellow),plastic,polymer,PS,PS (yellow),PS (yellow)
c_32,43,c_32-043,MAYP1114611__42__06344.txt,continuous_spectra,ps_yellow,2025-07-10,4510609.440000001,4319714.637000002,True,False,True,PS (yellow),plastic,polymer,PS,PS (yellow),PS (yellow)
c_32,44,c_32-044,MAYP1114611__43__06345.txt,continuous_spectra,ps_yellow,2025-07-10,5484031.0,4319714.637000002,True,False,True,PS (yellow),plastic,polymer,PS,PS (yellow),PS (yellow)
c_32,45,c_32-045,MAYP1114611__44__06346.txt,continuous_spectra,ps_yellow,2025-07-10,5923934.559999999,4319714.637000002,True,False,True,PS (yellow),plastic,polymer,PS,PS (yellow),PS (yellow)
c_32,46,c_32-046,MAYP1114611__45__06347.txt,continuous_spectra,ps_yellow,2025-07-10,5401521.0,4319714.637000002,True,False,True,PS (yellow),plastic,polymer,PS,PS (yellow),PS (yellow)
c_32,47,c_32-047,MAYP1114611__46__06348.txt,continuous_spectra,ps_yellow,2025-07-10,5657106.559999999,4319714.637000002,True,False,True,PS (yellow),plastic,polymer,PS,PS (yellow),PS (yellow)
c_32,51,c_32-051,MAYP1114611__50__06352.txt,continuous_spectra,ps_yellow,2025-07-10,5205140.0,4319714.637000002,True,False,True,PS (yellow),plastic,polymer,PS,PS (yellow),PS (yellow)
c_32,52,c_32-052,MAYP1114611__51__06353.txt,continuous_spectra,ps_yellow,2025-07-10,5749892.559999999,4319714.637000002,True,False,True,PS (yellow),plastic,polymer,PS,PS (yellow),PS (yellow)
c_32,53,c_32-053,MAYP1114611__52__06354.txt,continuous_spectra,ps_yellow,2025-07-10,6240638.0,4319714.637000002,True,False,True,PS (yellow),plastic,polymer,PS,PS (yellow),PS (yellow)
c_32,54,c_32-054,MAYP1114611__53__06355.txt,continuous_spectra,ps_yellow,2025-07-10,4779643.0,4319714.637000002,True,False,True,PS (yellow),plastic,polymer,PS,PS (yellow),PS (yellow)
c_32,55,c_32-055,MAYP1114611__54__06356.txt,continuous_spectra,ps_yellow,2025-07-10,5747281.440000001,4319714.637000002,True,False,True,PS (yellow),plastic,polymer,PS,PS (yellow),PS (yellow)
c_32,56,c_32-056,MAYP1114611__55__06357.txt,continuous_spectra,ps_yellow,2025-07-10,6942362.0,4319714.637000002,True,False,True,PS (yellow),plastic,polymer,PS,PS (yellow),PS (yellow)
c_32,57,c_32-057,MAYP1114611__56__06358.txt,continuous_spectra,ps_yellow,2025-07-10,6001427.440000001,4319714.637000002,True,False,True,PS (yellow),plastic,polymer,PS,PS (yellow),PS (yellow)
c_32,58,c_32-058,MAYP1114611__57__06359.txt,continuous_spectra,ps_yellow,2025-07-10,5994934.440000001,4319714.637000002,True,False,True,PS (yellow),plastic,polymer,PS,PS (yellow),PS (yellow)
c_32,62,c_32-062,MAYP1114611__61__06363.txt,continuous_spectra,ps_yellow,2025-07-10,4441093.0,4319714.637000002,True,False,True,PS (yellow),plastic,polymer,PS,PS (yellow),PS (yellow)
c_32,63,c_32-063,MAYP1114611__62__06364.txt,continuous_spectra,ps_yellow,2025-07-10,6657596.0,4319714.637000002,True,False,True,PS (yellow),plastic,polymer,PS,PS (yellow),PS (yellow)
c_32,64,c_32-064,MAYP1114611__63__06365.txt,continuous_spectra,ps_yellow,2025-07-10,5800893.440000001,4319714.637000002,True,False,True,PS (yellow),plastic,polymer,PS,PS (yellow),PS (yellow)
c_32,65,c_32-065,MAYP1114611__64__06366.txt,continuous_spectra,ps_yellow,2025-07-10,5404886.0,4319714.637000002,True,False,True,PS (yellow),plastic,polymer,PS,PS (yellow),PS (yellow)
c_32,67,c_32-067,MAYP1114611__66__06368.txt,continuous_spectra,ps_yellow,2025-07-10,5224037.559999999,4319714.637000002,True,False,True,PS (yellow),plastic,polymer,PS,PS (yellow),PS (yellow)
c_32,68,c_32-068,MAYP1114611__67__06369.txt,continuous_spectra,ps_yellow,2025-07-10,4522941.559999999,4319714.637000002,True,False,True,PS (yellow),plastic,polymer,PS,PS (yellow),PS (yellow)
c_32,69,c_32-069,MAYP1114611__68__06370.txt,continuous_spectra,ps_yellow,2025-07-10,5045024.0,4319714.637000002,True,False,True,PS (yellow),plastic,polymer,PS,PS (yellow),PS (yellow)
c_32,73,c_32-073,MAYP1114611__72__06374.txt,continuous_spectra,ps_yellow,2025-07-10,5754491.559999999,4319714.637000002,True,False,True,PS (yellow),plastic,polymer,PS,PS (yellow),PS (yellow)
c_32,74,c_32-074,MAYP1114611__73__06375.txt,continuous_spectra,ps_yellow,2025-07-10,6025402.559999999,4319714.637000002,True,False,True,PS (yellow),plastic,polymer,PS,PS (yellow),PS (yellow)
c_32,75,c_32-075,MAYP1114611__74__06376.txt,continuous_spectra,ps_yellow,2025-07-10,5744846.440000001,4319714.637000002,True,False,True,PS (yellow),plastic,polymer,PS,PS (yellow),PS (yellow)
c_32,76,c_32-076,MAYP1114611__75__06377.txt,continuous_spectra,ps_yellow,2025-07-10,4977916.440000001,4319714.637000002,True,False,True,PS (yellow),plastic,polymer,PS,PS (yellow),PS (yellow)
c_32,77,c_32-077,MAYP1114611__76__06378.txt,continuous_spectra,ps_yellow,2025-07-10,4683279.0,4319714.637000002,True,False,True,PS (yellow),plastic,polymer,PS,PS (yellow),PS (yellow)
c_32,78,c_32-078,MAYP1114611__77__06379.txt,continuous_spectra,ps_yellow,2025-07-10,5547543.440000001,4319714.637000002,True,False,True,PS (yellow),plastic,polymer,PS,PS (yellow),PS (yellow)
c_32,79,c_32-079,MAYP1114611__78__06380.txt,continuous_spectra,ps_yellow,2025-07-10,7038348.0,4319714.637000002,True,False,True,PS (yellow),plastic,polymer,PS,PS (yellow),PS (yellow)
c_32,80,c_32-080,MAYP1114611__79__06381.txt,continuous_spectra,ps_yellow,2025-07-10,4961615.0,4319714.637000002,True,False,True,PS (yellow),plastic,polymer,PS,PS (yellow),PS (yellow)
c_32,84,c_32-084,MAYP1114611__83__06385.txt,continuous_spectra,ps_yellow,2025-07-10,5831488.0,4319714.637000002,True,False,True,PS (yellow),plastic,polymer,PS,PS (yellow),PS (yellow)
c_32,85,c_32-085,MAYP1114611__84__06386.txt,continuous_spectra,ps_yellow,2025-07-10,4866009.440000001,4319714.637000002,True,False,True,PS (yellow),plastic,polymer,PS,PS (yellow),PS (yellow)
c_32,86,c_32-086,MAYP1114611__85__06387.txt,continuous_spectra,ps_yellow,2025-07-10,5392328.559999999,4319714.637000002,True,False,True,PS (yellow),plastic,polymer,PS,PS (yellow),PS (yellow)
c_32,87,c_32-087,MAYP1114611__86__06388.txt,continuous_spectra,ps_yellow,2025-07-10,5542203.0,4319714.637000002,True,False,True,PS (yellow),plastic,polymer,PS,PS (yellow),PS (yellow)
c_32,88,c_32-088,MAYP1114611__87__06389.txt,continuous_spectra,ps_yellow,2025-07-10,6776175.0,4319714.637000002,True,False,True,PS (yellow),plastic,polymer,PS,PS (yellow),PS (yellow)
c_32,89,c_32-089,MAYP1114611__88__06390.txt,continuous_spectra,ps_yellow,2025-07-10,5560903.0,4319714.637000002,True,False,True,PS (yellow),plastic,polymer,PS,PS (yellow),PS (yellow)
c_32,90,c_32-090,MAYP1114611__89__06391.txt,continuous_spectra,ps_yellow,2025-07-10,5642142.0,4319714.637000002,True,False,True,PS (yellow),plastic,polymer,PS,PS (yellow),PS (yellow)
c_32,91,c_32-091,MAYP1114611__90__06392.txt,continuous_spectra,ps_yellow,2025-07-10,4746449.559999999,4319714.637000002,True,False,True,PS (yellow),plastic,polymer,PS,PS (yellow),PS (yellow)
c_32,121,c_32-121,MAYP1114611__120__06422.txt,continuous_spectra,ps_yellow,2025-07-10,4920499.440000001,4319714.637000002,True,False,True,PS (yellow),plastic,polymer,PS,PS (yellow),PS (yellow)
c_32,122,c_32-122,MAYP1114611__121__06423.txt,continuous_spectra,ps_yellow,2025-07-10,5412579.440000001,4319714.637000002,True,False,True,PS (yellow),plastic,polymer,PS,PS (yellow),PS (yellow)
c_32,123,c_32-123,MAYP1114611__122__06424.txt,continuous_spectra,ps_yellow,2025-07-10,4590168.0,4319714.637000002,True,False,True,PS (yellow),plastic,polymer,PS,PS (yellow),PS (yellow)
c_32,124,c_32-124,MAYP1114611__123__06425.txt,continuous_spectra,ps_yellow,2025-07-10,5011233.0,4319714.637000002,True,False,True,PS (yellow),plastic,polymer,PS,PS (yellow),PS (yellow)
c_32,125,c_32-125,MAYP1114611__124__06426.txt,continuous_spectra,ps_yellow,2025-07-10,6841859.440000001,4319714.637000002,True,False,True,PS (yellow),plastic,polymer,PS,PS (yellow),PS (yellow)
c_32,126,c_32-126,MAYP1114611__125__06427.txt,continuous_spectra,ps_yellow,2025-07-10,5373200.559999999,4319714.637000002,True,False,True,PS (yellow),plastic,polymer,PS,PS (yellow),PS (yellow)
c_32,129,c_32-129,MAYP1114611__128__06430.txt,continuous_spectra,ps_yellow,2025-07-10,4579264.440000001,4319714.637000002,True,False,True,PS (yellow),plastic,polymer,PS,PS (yellow),PS (yellow)
c_32,132,c_32-132,MAYP1114611__131__06433.txt,continuous_spectra,ps_yellow,2025-07-10,5102106.559999999,4319714.637000002,True,False,True,PS (yellow),plastic,polymer,PS,PS (yellow),PS (yellow)
c_32,133,c_32-133,MAYP1114611__132__06434.txt,continuous_spectra,ps_yellow,2025-07-10,5470508.440000001,4319714.637000002,True,False,True,PS (yellow),plastic,polymer,PS,PS (yellow),PS (yellow)
c_32,134,c_32-134,MAYP1114611__133__06435.txt,continuous_spectra,ps_yellow,2025-07-10,4733075.440000001,4319714.637000002,True,False,True,PS (yellow),plastic,polymer,PS,PS (yellow),PS (yellow)
c_32,135,c_32-135,MAYP1114611__134__06436.txt,continuous_spectra,ps_yellow,2025-07-10,6555059.0,4319714.637000002,True,False,True,PS (yellow),plastic,polymer,PS,PS (yellow),PS (yellow)
c_32,136,c_32-136,MAYP1114611__135__06437.txt,continuous_spectra,ps_yellow,2025-07-10,4800958.0,4319714.637000002,True,False,True,PS (yellow),plastic,polymer,PS,PS (yellow),PS (yellow)
c_32,137,c_32-137,MAYP1114611__136__06438.txt,continuous_spectra,ps_yellow,2025-07-10,4407700.559999999,4319714.637000002,True,False,True,PS (yellow),plastic,polymer,PS,PS (yellow),PS (yellow)
c_32,138,c_32-138,MAYP1114611__137__06439.txt,continuous_spectra,ps_yellow,2025-07-10,5572703.0,4319714.637000002,True,False,True,PS (yellow),plastic,polymer,PS,PS (yellow),PS (yellow)
c_32,139,c_32-139,MAYP1114611__138__06440.txt,continuous_spectra,ps_yellow,2025-07-10,5102767.0,4319714.637000002,True,False,True,PS (yellow),plastic,polymer,PS,PS (yellow),PS (yellow)
c_32,140,c_32-140,MAYP1114611__139__06441.txt,continuous_spectra,ps_yellow,2025-07-10,4995735.440000001,4319714.637000002,True,False,True,PS (yellow),plastic,polymer,PS,PS (yellow),PS (yellow)
c_32,141,c_32-141,MAYP1114611__140__06442.txt,continuous_spectra,ps_yellow,2025-07-10,4708899.0,4319714.637000002,True,False,True,PS (yellow),plastic,polymer,PS,PS (yellow),PS (yellow)
c_32,144,c_32-144,MAYP1114611__143__06445.txt,continuous_spectra,ps_yellow,2025-07-10,5739643.0,4319714.637000002,True,False,True,PS (yellow),plastic,polymer,PS,PS (yellow),PS (yellow)
c_32,145,c_32-145,MAYP1114611__144__06446.txt,continuous_spectra,ps_yellow,2025-07-10,4651744.440000001,4319714.637000002,True,False,True,PS (yellow),plastic,polymer,PS,PS (yellow),PS (yellow)
c_32,146,c_32-146,MAYP1114611__145__06447.txt,continuous_spectra,ps_yellow,2025-07-10,5675928.0,4319714.637000002,True,False,True,PS (yellow),plastic,polymer,PS,PS (yellow),PS (yellow)
c_32,147,c_32-147,MAYP1114611__146__06448.txt,continuous_spectra,ps_yellow,2025-07-10,5152684.440000001,4319714.637000002,True,False,True,PS (yellow),plastic,polymer,PS,PS (yellow),PS (yellow)
c_32,148,c_32-148,MAYP1114611__147__06449.txt,continuous_spectra,ps_yellow,2025-07-10,5147419.0,4319714.637000002,True,False,True,PS (yellow),plastic,polymer,PS,PS (yellow),PS (yellow)
c_32,149,c_32-149,MAYP1114611__148__06450.txt,continuous_spectra,ps_yellow,2025-07-10,4963370.559999999,4319714.637000002,True,False,True,PS (yellow),plastic,polymer,PS,PS (yellow),PS (yellow)
c_32,150,c_32-150,MAYP1114611__149__06451.txt,continuous_spectra,ps_yellow,2025-07-10,4778909.559999999,4319714.637000002,True,False,True,PS (yellow),plastic,polymer,PS,PS (yellow),PS (yellow)
c_32,151,c_32-151,MAYP1114611__150__06452.txt,continuous_spectra,ps_yellow,2025-07-10,5995171.440000001,4319714.637000002,True,False,True,PS (yellow),plastic,polymer,PS,PS (yellow),PS (yellow)
c_32,154,c_32-154,MAYP1114611__153__06455.txt,continuous_spectra,ps_yellow,2025-07-10,4928605.0,4319714.637000002,True,False,True,PS (yellow),plastic,polymer,PS,PS (yellow),PS (yellow)
c_32,155,c_32-155,MAYP1114611__154__06456.txt,continuous_spectra,ps_yellow,2025-07-10,5159412.0,4319714.637000002,True,False,True,PS (yellow),plastic,polymer,PS,PS (yellow),PS (yellow)
c_32,156,c_32-156,MAYP1114611__155__06457.txt,continuous_spectra,ps_yellow,2025-07-10,4951967.0,4319714.637000002,True,False,True,PS (yellow),plastic,polymer,PS,PS (yellow),PS (yellow)
c_32,157,c_32-157,MAYP1114611__156__06458.txt,continuous_spectra,ps_yellow,2025-07-10,5351612.440000001,4319714.637000002,True,False,True,PS (yellow),plastic,polymer,PS,PS (yellow),PS (yellow)
c_32,158,c_32-158,MAYP1114611__157__06459.txt,continuous_spectra,ps_yellow,2025-07-10,6030117.0,4319714.637000002,True,False,True,PS (yellow),plastic,polymer,PS,PS (yellow),PS (yellow)
c_32,159,c_32-159,MAYP1114611__158__06460.txt,continuous_spectra,ps_yellow,2025-07-10,6559591.440000001,4319714.637000002,True,False,True,PS (yellow),plastic,polymer,PS,PS (yellow),PS (yellow)
c_32,160,c_32-160,MAYP1114611__159__06461.txt,continuous_spectra,ps_yellow,2025-07-10,6555873.0,4319714.637000002,True,False,True,PS (yellow),plastic,polymer,PS,PS (yellow),PS (yellow)
c_32,161,c_32-161,MAYP1114611__160__06462.txt,continuous_spectra,ps_yellow,2025-07-10,6004152.0,4319714.637000002,True,False,True,PS (yellow),plastic,polymer,PS,PS (yellow),PS (yellow)
c_32,162,c_32-162,MAYP1114611__161__06463.txt,continuous_spectra,ps_yellow,2025-07-10,4628222.440000001,4319714.637000002,True,False,True,PS (yellow),plastic,polymer,PS,PS (yellow),PS (yellow)
c_32,164,c_32-164,MAYP1114611__163__06465.txt,continuous_spectra,ps_yellow,2025-07-10,4804773.440000001,4319714.637000002,True,False,True,PS (yellow),plastic,polymer,PS,PS (yellow),PS (yellow)
c_32,165,c_32-165,MAYP1114611__164__06466.txt,continuous_spectra,ps_yellow,2025-07-10,4742235.440000001,4319714.637000002,True,False,True,PS (yellow),plastic,polymer,PS,PS (yellow),PS (yellow)
c_32,166,c_32-166,MAYP1114611__165__06467.txt,continuous_spectra,ps_yellow,2025-07-10,4546702.559999999,4319714.637000002,True,False,True,PS (yellow),plastic,polymer,PS,PS (yellow),PS (yellow)
c_32,167,c_32-167,MAYP1114611__166__06468.txt,continuous_spectra,ps_yellow,2025-07-10,7032781.559999999,4319714.637000002,True,False,True,PS (yellow),plastic,polymer,PS,PS (yellow),PS (yellow)
c_32,168,c_32-168,MAYP1114611__167__06469.txt,continuous_spectra,ps_yellow,2025-07-10,6614672.440000001,4319714.637000002,True,False,True,PS (yellow),plastic,polymer,PS,PS (yellow),PS (yellow)
c_32,169,c_32-169,MAYP1114611__168__06470.txt,continuous_spectra,ps_yellow,2025-07-10,4880842.559999999,4319714.637000002,True,False,True,PS (yellow),plastic,polymer,PS,PS (yellow),PS (yellow)
c_32,172,c_32-172,MAYP1114611__171__06473.txt,continuous_spectra,ps_yellow,2025-07-10,5252380.0,4319714.637000002,True,False,True,PS (yellow),plastic,polymer,PS,PS (yellow),PS (yellow)
c_32,173,c_32-173,MAYP1114611__172__06474.txt,continuous_spectra,ps_yellow,2025-07-10,4774608.559999999,4319714.637000002,True,False,True,PS (yellow),plastic,polymer,PS,PS (yellow),PS (yellow)
c_32,174,c_32-174,MAYP1114611__173__06475.txt,continuous_spectra,ps_yellow,2025-07-10,4528316.0,4319714.637000002,True,False,True,PS (yellow),plastic,polymer,PS,PS (yellow),PS (yellow)
c_32,176,c_32-176,MAYP1114611__175__06477.txt,continuous_spectra,ps_yellow,2025-07-10,4643062.0,4319714.637000002,True,False,True,PS (yellow),plastic,polymer,PS,PS (yellow),PS (yellow)
c_32,177,c_32-177,MAYP1114611__176__06478.txt,continuous_spectra,ps_yellow,2025-07-10,7375191.559999999,4319714.637000002,True,False,True,PS (yellow),plastic,polymer,PS,PS (yellow),PS (yellow)
c_32,178,c_32-178,MAYP1114611__177__06479.txt,continuous_spectra,ps_yellow,2025-07-10,5314031.559999999,4319714.637000002,True,False,True,PS (yellow),plastic,polymer,PS,PS (yellow),PS (yellow)
c_32,179,c_32-179,MAYP1114611__178__06480.txt,continuous_spectra,ps_yellow,2025-07-10,4881599.440000001,4319714.637000002,True,False,True,PS (yellow),plastic,polymer,PS,PS (yellow),PS (yellow)
c_32,180,c_32-180,MAYP1114611__179__06481.txt,continuous_spectra,ps_yellow,2025-07-10,5264130.440000001,4319714.637000002,True,False,True,PS (yellow),plastic,polymer,PS,PS (yellow),PS (yellow)
c_32,181,c_32-181,MAYP1114611__180__06482.txt,continuous_spectra,ps_yellow,2025-07-10,5183266.440000001,4319714.637000002,True,False,True,PS (yellow),plastic,polymer,PS,PS (yellow),PS (yellow)
c_32,182,c_32-182,MAYP1114611__181__06483.txt,continuous_spectra,ps_yellow,2025-07-10,5055768.559999999,4319714.637000002,True,False,True,PS (yellow),plastic,polymer,PS,PS (yellow),PS (yellow)
c_32,183,c_32-183,MAYP1114611__182__06484.txt,continuous_spectra,ps_yellow,2025-07-10,7021987.0,4319714.637000002,True,False,True,PS (yellow),plastic,polymer,PS,PS (yellow),PS (yellow)
c_32,215,c_32-215,MAYP1114611__214__06516.txt,continuous_spectra,ps_yellow,2025-07-10,5203122.440000001,4319714.637000002,True,False,True,PS (yellow),plastic,polymer,PS,PS (yellow),PS (yellow)
c_32,217,c_32-217,MAYP1114611__216__06518.txt,continuous_spectra,ps_yellow,2025-07-10,5854195.440000001,4319714.637000002,True,False,True,PS (yellow),plastic,polymer,PS,PS (yellow),PS (yellow)
c_32,218,c_32-218,MAYP1114611__217__06519.txt,continuous_spectra,ps_yellow,2025-07-10,5140877.440000001,4319714.637000002,True,False,True,PS (yellow),plastic,polymer,PS,PS (yellow),PS (yellow)
c_32,219,c_32-219,MAYP1114611__218__06520.txt,continuous_spectra,ps_yellow,2025-07-10,6002096.0,4319714.637000002,True,False,True,PS (yellow),plastic,polymer,PS,PS (yellow),PS (yellow)
c_32,220,c_32-220,MAYP1114611__219__06521.txt,continuous_spectra,ps_yellow,2025-07-10,5568361.559999999,4319714.637000002,True,False,True,PS (yellow),plastic,polymer,PS,PS (yellow),PS (yellow)
c_32,221,c_32-221,MAYP1114611__220__06522.txt,continuous_spectra,ps_yellow,2025-07-10,5510587.0,4319714.637000002,True,False,True,PS (yellow),plastic,polymer,PS,PS (yellow),PS (yellow)
c_32,225,c_32-225,MAYP1114611__224__06526.txt,continuous_spectra,ps_yellow,2025-07-10,4660951.440000001,4319714.637000002,True,False,True,PS (yellow),plastic,polymer,PS,PS (yellow),PS (yellow)
c_32,226,c_32-226,MAYP1114611__225__06527.txt,continuous_spectra,ps_yellow,2025-07-10,5164427.440000001,4319714.637000002,True,False,True,PS (yellow),plastic,polymer,PS,PS (yellow),PS (yellow)
c_32,227,c_32-227,MAYP1114611__226__06528.txt,continuous_spectra,ps_yellow,2025-07-10,5431418.0,4319714.637000002,True,False,True,PS (yellow),plastic,polymer,PS,PS (yellow),PS (yellow)
c_32,228,c_32-228,MAYP1114611__227__06529.txt,continuous_spectra,ps_yellow,2025-07-10,4610169.559999999,4319714.637000002,True,False,True,PS (yellow),plastic,polymer,PS,PS (yellow),PS (yellow)
c_32,229,c_32-229,MAYP1114611__228__06530.txt,continuous_spectra,ps_yellow,2025-07-10,4751332.559999999,4319714.637000002,True,False,True,PS (yellow),plastic,polymer,PS,PS (yellow),PS (yellow)
c_32,230,c_32-230,MAYP1114611__229__06531.txt,continuous_spectra,ps_yellow,2025-07-10,4910415.559999999,4319714.637000002,True,False,True,PS (yellow),plastic,polymer,PS,PS (yellow),PS (yellow)
c_32,231,c_32-231,MAYP1114611__230__06532.txt,continuous_spectra,ps_yellow,2025-07-10,5211728.440000001,4319714.637000002,True,False,True,PS (yellow),plastic,polymer,PS,PS (yellow),PS (yellow)
c_32,232,c_32-232,MAYP1114611__231__06533.txt,continuous_spectra,ps_yellow,2025-07-10,5982732.440000001,4319714.637000002,True,False,True,PS (yellow),plastic,polymer,PS,PS (yellow),PS (yellow)
c_32,236,c_32-236,MAYP1114611__235__06537.txt,continuous_spectra,ps_yellow,2025-07-10,5057595.0,4319714.637000002,True,False,True,PS (yellow),plastic,polymer,PS,PS (yellow),PS (yellow)
c_32,237,c_32-237,MAYP1114611__236__06538.txt,continuous_spectra,ps_yellow,2025-07-10,5040064.440000001,4319714.637000002,True,False,True,PS (yellow),plastic,polymer,PS,PS (yellow),PS (yellow)
c_32,238,c_32-238,MAYP1114611__237__06539.txt,continuous_spectra,ps_yellow,2025-07-10,5380555.440000001,4319714.637000002,True,False,True,PS (yellow),plastic,polymer,PS,PS (yellow),PS (yellow)
c_32,239,c_32-239,MAYP1114611__238__06540.txt,continuous_spectra,ps_yellow,2025-07-10,5000598.559999999,4319714.637000002,True,False,True,PS (yellow),plastic,polymer,PS,PS (yellow),PS (yellow)
c_32,240,c_32-240,MAYP1114611__239__06541.txt,continuous_spectra,ps_yellow,2025-07-10,5792804.440000001,4319714.637000002,True,False,True,PS (yellow),plastic,polymer,PS,PS (yellow),PS (yellow)
c_32,241,c_32-241,MAYP1114611__240__06542.txt,continuous_spectra,ps_yellow,2025-07-10,6727741.0,4319714.637000002,True,False,True,PS (yellow),plastic,polymer,PS,PS (yellow),PS (yellow)
c_32,242,c_32-242,MAYP1114611__241__06543.txt,continuous_spectra,ps_yellow,2025-07-10,4682338.440000001,4319714.637000002,True,False,True,PS (yellow),plastic,polymer,PS,PS (yellow),PS (yellow)
c_32,243,c_32-243,MAYP1114611__242__06544.txt,continuous_spectra,ps_yellow,2025-07-10,5860908.559999999,4319714.637000002,True,False,True,PS (yellow),plastic,polymer,PS,PS (yellow),PS (yellow)
c_32,244,c_32-244,MAYP1114611__243__06545.txt,continuous_spectra,ps_yellow,2025-07-10,4570529.0,4319714.637000002,True,False,True,PS (yellow),plastic,polymer,PS,PS (yellow),PS (yellow)
c_32,247,c_32-247,MAYP1114611__246__06548.txt,continuous_spectra,ps_yellow,2025-07-10,4376438.0,4319714.637000002,True,False,True,PS (yellow),plastic,polymer,PS,PS (yellow),PS (yellow)
c_32,248,c_32-248,MAYP1114611__247__06549.txt,continuous_spectra,ps_yellow,2025-07-10,4780263.0,4319714.637000002,True,False,True,PS (yellow),plastic,polymer,PS,PS (yellow),PS (yellow)
c_32,249,c_32-249,MAYP1114611__248__06550.txt,continuous_spectra,ps_yellow,2025-07-10,5428783.0,4319714.637000002,True,False,True,PS (yellow),plastic,polymer,PS,PS (yellow),PS (yellow)
c_32,250,c_32-250,MAYP1114611__249__06551.txt,continuous_spectra,ps_yellow,2025-07-10,5531003.559999999,4319714.637000002,True,False,True,PS (yellow),plastic,polymer,PS,PS (yellow),PS (yellow)
c_32,251,c_32-251,MAYP1114611__250__06552.txt,continuous_spectra,ps_yellow,2025-07-10,5861076.440000001,4319714.637000002,True,False,True,PS (yellow),plastic,polymer,PS,PS (yellow),PS (yellow)
c_32,252,c_32-252,MAYP1114611__251__06553.txt,continuous_spectra,ps_yellow,2025-07-10,5391144.559999999,4319714.637000002,True,False,True,PS (yellow),plastic,polymer,PS,PS (yellow),PS (yellow)
c_32,253,c_32-253,MAYP1114611__252__06554.txt,continuous_spectra,ps_yellow,2025-07-10,5034269.559999999,4319714.637000002,True,False,True,PS (yellow),plastic,polymer,PS,PS (yellow),PS (yellow)
c_32,254,c_32-254,MAYP1114611__253__06555.txt,continuous_spectra,ps_yellow,2025-07-10,5672995.0,4319714.637000002,True,False,True,PS (yellow),plastic,polymer,PS,PS (yellow),PS (yellow)
c_32,258,c_32-258,MAYP1114611__257__06559.txt,continuous_spectra,ps_yellow,2025-07-10,5017807.0,4319714.637000002,True,False,True,PS (yellow),plastic,polymer,PS,PS (yellow),PS (yellow)
c_32,259,c_32-259,MAYP1114611__258__06560.txt,continuous_spectra,ps_yellow,2025-07-10,5834671.440000001,4319714.637000002,True,False,True,PS (yellow),plastic,polymer,PS,PS (yellow),PS (yellow)
c_32,260,c_32-260,MAYP1114611__259__06561.txt,continuous_spectra,ps_yellow,2025-07-10,6024207.440000001,4319714.637000002,True,False,True,PS (yellow),plastic,polymer,PS,PS (yellow),PS (yellow)
c_32,261,c_32-261,MAYP1114611__260__06562.txt,continuous_spectra,ps_yellow,2025-07-10,5514663.0,4319714.637000002,True,False,True,PS (yellow),plastic,polymer,PS,PS (yellow),PS (yellow)
c_32,262,c_32-262,MAYP1114611__261__06563.txt,continuous_spectra,ps_yellow,2025-07-10,6494714.440000001,4319714.637000002,True,False,True,PS (yellow),plastic,polymer,PS,PS (yellow),PS (yellow)
c_32,263,c_32-263,MAYP1114611__262__06564.txt,continuous_spectra,ps_yellow,2025-07-10,5609960.440000001,4319714.637000002,True,False,True,PS (yellow),plastic,polymer,PS,PS (yellow),PS (yellow)
c_32,264,c_32-264,MAYP1114611__263__06565.txt,continuous_spectra,ps_yellow,2025-07-10,6755904.559999999,4319714.637000002,True,False,True,PS (yellow),plastic,polymer,PS,PS (yellow),PS (yellow)
c_32,265,c_32-265,MAYP1114611__264__06566.txt,continuous_spectra,ps_yellow,2025-07-10,5825411.440000001,4319714.637000002,True,False,True,PS (yellow),plastic,polymer,PS,PS (yellow),PS (yellow)
c_32,269,c_32-269,MAYP1114611__268__06570.txt,continuous_spectra,ps_yellow,2025-07-10,4983701.559999999,4319714.637000002,True,False,True,PS (yellow),plastic,polymer,PS,PS (yellow),PS (yellow)
c_32,270,c_32-270,MAYP1114611__269__06571.txt,continuous_spectra,ps_yellow,2025-07-10,6511769.559999999,4319714.637000002,True,False,True,PS (yellow),plastic,polymer,PS,PS (yellow),PS (yellow)
c_32,271,c_32-271,MAYP1114611__270__06572.txt,continuous_spectra,ps_yellow,2025-07-10,6863775.440000001,4319714.637000002,True,False,True,PS (yellow),plastic,polymer,PS,PS (yellow),PS (yellow)
c_32,272,c_32-272,MAYP1114611__271__06573.txt,continuous_spectra,ps_yellow,2025-07-10,5736393.559999999,4319714.637000002,True,False,True,PS (yellow),plastic,polymer,PS,PS (yellow),PS (yellow)
c_32,273,c_32-273,MAYP1114611__272__06574.txt,continuous_spectra,ps_yellow,2025-07-10,6586076.440000001,4319714.637000002,True,False,True,PS (yellow),plastic,polymer,PS,PS (yellow),PS (yellow)
c_32,274,c_32-274,MAYP1114611__273__06575.txt,continuous_spectra,ps_yellow,2025-07-10,5780788.0,4319714.637000002,True,False,True,PS (yellow),plastic,polymer,PS,PS (yellow),PS (yellow)
c_32,275,c_32-275,MAYP1114611__274__06576.txt,continuous_spectra,ps_yellow,2025-07-10,4592468.559999999,4319714.637000002,True,False,True,PS (yellow),plastic,polymer,PS,PS (yellow),PS (yellow)
c_33,28,c_33-028,MAYP1114611__27__06629.txt,continuous_spectra,pet,2025-07-10,4325718.0,4032414.812999999,True,False,True,PET,plastic,polymer,PET,PET,PET
c_33,29,c_33-029,MAYP1114611__28__06630.txt,continuous_spectra,pet,2025-07-10,6144396.559999999,4032414.812999999,True,False,True,PET,plastic,polymer,PET,PET,PET
c_33,30,c_33-030,MAYP1114611__29__06631.txt,continuous_spectra,pet,2025-07-10,7762708.440000001,4032414.812999999,True,False,True,PET,plastic,polymer,PET,PET,PET
c_33,31,c_33-031,MAYP1114611__30__06632.txt,continuous_spectra,pet,2025-07-10,6983723.440000001,4032414.812999999,True,False,True,PET,plastic,polymer,PET,PET,PET
c_33,32,c_33-032,MAYP1114611__31__06633.txt,continuous_spectra,pet,2025-07-10,7060311.0,4032414.812999999,True,False,True,PET,plastic,polymer,PET,PET,PET
c_33,33,c_33-033,MAYP1114611__32__06634.txt,continuous_spectra,pet,2025-07-10,5002200.440000001,4032414.812999999,True,False,True,PET,plastic,polymer,PET,PET,PET
c_33,34,c_33-034,MAYP1114611__33__06635.txt,continuous_spectra,pet,2025-07-10,6576699.0,4032414.812999999,True,False,True,PET,plastic,polymer,PET,PET,PET
c_33,35,c_33-035,MAYP1114611__34__06636.txt,continuous_spectra,pet,2025-07-10,7828894.559999999,4032414.812999999,True,False,True,PET,plastic,polymer,PET,PET,PET
c_33,36,c_33-036,MAYP1114611__35__06637.txt,continuous_spectra,pet,2025-07-10,6988079.559999999,4032414.812999999,True,False,True,PET,plastic,polymer,PET,PET,PET
c_33,37,c_33-037,MAYP1114611__36__06638.txt,continuous_spectra,pet,2025-07-10,4585029.559999999,4032414.812999999,True,False,True,PET,plastic,polymer,PET,PET,PET
c_33,41,c_33-041,MAYP1114611__40__06642.txt,continuous_spectra,pet,2025-07-10,4568417.0,4032414.812999999,True,False,True,PET,plastic,polymer,PET,PET,PET
c_33,42,c_33-042,MAYP1114611__41__06643.txt,continuous_spectra,pet,2025-07-10,8025745.559999999,4032414.812999999,True,False,True,PET,plastic,polymer,PET,PET,PET
c_33,43,c_33-043,MAYP1114611__42__06644.txt,continuous_spectra,pet,2025-07-10,7208787.440000001,4032414.812999999,True,False,True,PET,plastic,polymer,PET,PET,PET
c_33,44,c_33-044,MAYP1114611__43__06645.txt,continuous_spectra,pet,2025-07-10,6267694.559999999,4032414.812999999,True,False,True,PET,plastic,polymer,PET,PET,PET
c_33,45,c_33-045,MAYP1114611__44__06646.txt,continuous_spectra,pet,2025-07-10,8362999.559999999,4032414.812999999,True,False,True,PET,plastic,polymer,PET,PET,PET
c_33,46,c_33-046,MAYP1114611__45__06647.txt,continuous_spectra,pet,2025-07-10,5522657.0,4032414.812999999,True,False,True,PET,plastic,polymer,PET,PET,PET
c_33,51,c_33-051,MAYP1114611__50__06652.txt,continuous_spectra,pet,2025-07-10,6436355.0,4032414.812999999,True,False,True,PET,plastic,polymer,PET,PET,PET
c_33,52,c_33-052,MAYP1114611__51__06653.txt,continuous_spectra,pet,2025-07-10,5848961.440000001,4032414.812999999,True,False,True,PET,plastic,polymer,PET,PET,PET
c_33,53,c_33-053,MAYP1114611__52__06654.txt,continuous_spectra,pet,2025-07-10,5367510.440000001,4032414.812999999,True,False,True,PET,plastic,polymer,PET,PET,PET
c_33,54,c_33-054,MAYP1114611__53__06655.txt,continuous_spectra,pet,2025-07-10,6733596.440000001,4032414.812999999,True,False,True,PET,plastic,polymer,PET,PET,PET
c_33,55,c_33-055,MAYP1114611__54__06656.txt,continuous_spectra,pet,2025-07-10,6561243.0,4032414.812999999,True,False,True,PET,plastic,polymer,PET,PET,PET
c_33,56,c_33-056,MAYP1114611__55__06657.txt,continuous_spectra,pet,2025-07-10,8318806.440000001,4032414.812999999,True,False,True,PET,plastic,polymer,PET,PET,PET
c_33,57,c_33-057,MAYP1114611__56__06658.txt,continuous_spectra,pet,2025-07-10,7780331.440000001,4032414.812999999,True,False,True,PET,plastic,polymer,PET,PET,PET
c_33,62,c_33-062,MAYP1114611__61__06663.txt,continuous_spectra,pet,2025-07-10,4318035.440000001,4032414.812999999,True,False,True,PET,plastic,polymer,PET,PET,PET
c_33,63,c_33-063,MAYP1114611__62__06664.txt,continuous_spectra,pet,2025-07-10,8563690.440000001,4032414.812999999,True,False,True,PET,plastic,polymer,PET,PET,PET
c_33,64,c_33-064,MAYP1114611__63__06665.txt,continuous_spectra,pet,2025-07-10,7129181.559999999,4032414.812999999,True,False,True,PET,plastic,polymer,PET,PET,PET
c_33,65,c_33-065,MAYP1114611__64__06666.txt,continuous_spectra,pet,2025-07-10,6223110.559999999,4032414.812999999,True,False,True,PET,plastic,polymer,PET,PET,PET
c_33,66,c_33-066,MAYP1114611__65__06667.txt,continuous_spectra,pet,2025-07-10,6387672.0,4032414.812999999,True,False,True,PET,plastic,polymer,PET,PET,PET
c_33,67,c_33-067,MAYP1114611__66__06668.txt,continuous_spectra,pet,2025-07-10,9595801.56,4032414.812999999,True,False,True,PET,plastic,polymer,PET,PET,PET
c_33,68,c_33-068,MAYP1114611__67__06669.txt,continuous_spectra,pet,2025-07-10,11599254.44,4032414.812999999,True,False,True,PET,plastic,polymer,PET,PET,PET
c_33,69,c_33-069,MAYP1114611__68__06670.txt,continuous_spectra,pet,2025-07-10,5552500.440000001,4032414.812999999,True,False,True,PET,plastic,polymer,PET,PET,PET
c_33,73,c_33-073,MAYP1114611__72__06674.txt,continuous_spectra,pet,2025-07-10,6224535.0,4032414.812999999,True,False,True,PET,plastic,polymer,PET,PET,PET
c_33,74,c_33-074,MAYP1114611__73__06675.txt,continuous_spectra,pet,2025-07-10,6542180.559999999,4032414.812999999,True,False,True,PET,plastic,polymer,PET,PET,PET
c_33,75,c_33-075,MAYP1114611__74__06676.txt,continuous_spectra,pet,2025-07-10,9522168.0,4032414.812999999,True,False,True,PET,plastic,polymer,PET,PET,PET
c_33,76,c_33-076,MAYP1114611__75__06677.txt,continuous_spectra,pet,2025-07-10,11439495.44,4032414.812999999,True,False,True,PET,plastic,polymer,PET,PET,PET
c_33,77,c_33-077,MAYP1114611__76__06678.txt,continuous_spectra,pet,2025-07-10,9287777.0,4032414.812999999,True,False,True,PET,plastic,polymer,PET,PET,PET
c_33,78,c_33-078,MAYP1114611__77__06679.txt,continuous_spectra,pet,2025-07-10,7919761.0,4032414.812999999,True,False,True,PET,plastic,polymer,PET,PET,PET
c_33,79,c_33-079,MAYP1114611__78__06680.txt,continuous_spectra,pet,2025-07-10,5892382.559999999,4032414.812999999,True,False,True,PET,plastic,polymer,PET,PET,PET
c_33,84,c_33-084,MAYP1114611__83__06685.txt,continuous_spectra,pet,2025-07-10,7702951.0,4032414.812999999,True,False,True,PET,plastic,polymer,PET,PET,PET
c_33,85,c_33-085,MAYP1114611__84__06686.txt,continuous_spectra,pet,2025-07-10,12093247.0,4032414.812999999,True,False,True,PET,plastic,polymer,PET,PET,PET
c_33,86,c_33-086,MAYP1114611__85__06687.txt,continuous_spectra,pet,2025-07-10,11205644.56,4032414.812999999,True,False,True,PET,plastic,polymer,PET,PET,PET
c_33,87,c_33-087,MAYP1114611__86__06688.txt,continuous_spectra,pet,2025-07-10,10884396.56,4032414.812999999,True,False,True,PET,plastic,polymer,PET,PET,PET
c_33,88,c_33-088,MAYP1114611__87__06689.txt,continuous_spectra,pet,2025-07-10,8734658.0,4032414.812999999,True,False,True,PET,plastic,polymer,PET,PET,PET
c_33,89,c_33-089,MAYP1114611__88__06690.txt,continuous_spectra,pet,2025-07-10,8245890.559999999,4032414.812999999,True,False,True,PET,plastic,polymer,PET,PET,PET
c_33,90,c_33-090,MAYP1114611__89__06691.txt,continuous_spectra,pet,2025-07-10,8134547.559999999,4032414.812999999,True,False,True,PET,plastic,polymer,PET,PET,PET
c_33,91,c_33-091,MAYP1114611__90__06692.txt,continuous_spectra,pet,2025-07-10,5148962.0,4032414.812999999,True,False,True,PET,plastic,polymer,PET,PET,PET
c_33,121,c_33-121,MAYP1114611__120__06722.txt,continuous_spectra,pet,2025-07-10,4321356.440000001,4032414.812999999,True,False,True,PET,plastic,polymer,PET,PET,PET
c_33,122,c_33-122,MAYP1114611__121__06723.txt,continuous_spectra,pet,2025-07-10,9176674.44,4032414.812999999,True,False,True,PET,plastic,polymer,PET,PET,PET
c_33,123,c_33-123,MAYP1114611__122__06724.txt,continuous_spectra,pet,2025-07-10,5531845.0,4032414.812999999,True,False,True,PET,plastic,polymer,PET,PET,PET
c_33,124,c_33-124,MAYP1114611__123__06725.txt,continuous_spectra,pet,2025-07-10,5281842.0,4032414.812999999,True,False,True,PET,plastic,polymer,PET,PET,PET
c_33,125,c_33-125,MAYP1114611__124__06726.txt,continuous_spectra,pet,2025-07-10,7239118.0,4032414.812999999,True,False,True,PET,plastic,polymer,PET,PET,PET
c_33,126,c_33-126,MAYP1114611__125__06727.txt,continuous_spectra,pet,2025-07-10,5199949.559999999,4032414.812999999,True,False,True,PET,plastic,polymer,PET,PET,PET
c_33,127,c_33-127,MAYP1114611__126__06728.txt,continuous_spectra,pet,2025-07-10,5789717.440000001,4032414.812999999,True,False,True,PET,plastic,polymer,PET,PET,PET
c_33,128,c_33-128,MAYP1114611__127__06729.txt,continuous_spectra,pet,2025-07-10,6602166.0,4032414.812999999,True,False,True,PET,plastic,polymer,PET,PET,PET
c_33,129,c_33-129,MAYP1114611__128__06730.txt,continuous_spectra,pet,2025-07-10,7253110.559999999,4032414.812999999,True,False,True,PET,plastic,polymer,PET,PET,PET
c_33,133,c_33-133,MAYP1114611__132__06734.txt,continuous_spectra,pet,2025-07-10,6421856.440000001,4032414.812999999,True,False,True,PET,plastic,polymer,PET,PET,PET
c_33,134,c_33-134,MAYP1114611__133__06735.txt,continuous_spectra,pet,2025-07-10,8644381.0,4032414.812999999,True,False,True,PET,plastic,polymer,PET,PET,PET
c_33,135,c_33-135,MAYP1114611__134__06736.txt,continuous_spectra,pet,2025-07-10,8944019.0,4032414.812999999,True,False,True,PET,plastic,polymer,PET,PET,PET
c_33,136,c_33-136,MAYP1114611__135__06737.txt,continuous_spectra,pet,2025-07-10,7667725.0,4032414.812999999,True,False,True,PET,plastic,polymer,PET,PET,PET
c_33,137,c_33-137,MAYP1114611__136__06738.txt,continuous_spectra,pet,2025-07-10,10526025.44,4032414.812999999,True,False,True,PET,plastic,polymer,PET,PET,PET
c_33,138,c_33-138,MAYP1114611__137__06739.txt,continuous_spectra,pet,2025-07-10,8374221.440000001,4032414.812999999,True,False,True,PET,plastic,polymer,PET,PET,PET
c_33,139,c_33-139,MAYP1114611__138__06740.txt,continuous_spectra,pet,2025-07-10,8920621.559999999,4032414.812999999,True,False,True,PET,plastic,polymer,PET,PET,PET
c_33,140,c_33-140,MAYP1114611__139__06741.txt,continuous_spectra,pet,2025-07-10,7575598.559999999,4032414.812999999,True,False,True,PET,plastic,polymer,PET,PET,PET
c_33,143,c_33-143,MAYP1114611__142__06744.txt,continuous_spectra,pet,2025-07-10,4301447.0,4032414.812999999,True,False,True,PET,plastic,polymer,PET,PET,PET
c_33,144,c_33-144,MAYP1114611__143__06745.txt,continuous_spectra,pet,2025-07-10,8274592.559999999,4032414.812999999,True,False,True,PET,plastic,polymer,PET,PET,PET
c_33,145,c_33-145,MAYP1114611__144__06746.txt,continuous_spectra,pet,2025-07-10,10487427.0,4032414.812999999,True,False,True,PET,plastic,polymer,PET,PET,PET
c_33,146,c_33-146,MAYP1114611__145__06747.txt,continuous_spectra,pet,2025-07-10,12092940.0,4032414.812999999,True,False,True,PET,plastic,polymer,PET,PET,PET
c_33,147,c_33-147,MAYP1114611__146__06748.txt,continuous_spectra,pet,2025-07-10,9565063.56,4032414.812999999,True,False,True,PET,plastic,polymer,PET,PET,PET
c_33,148,c_33-148,MAYP1114611__147__06749.txt,continuous_spectra,pet,2025-07-10,9048435.0,4032414.812999999,True,False,True,PET,plastic,polymer,PET,PET,PET
c_33,149,c_33-149,MAYP1114611__148__06750.txt,continuous_spectra,pet,2025-07-10,7140663.440000001,4032414.812999999,True,False,True,PET,plastic,polymer,PET,PET,PET
c_33,150,c_33-150,MAYP1114611__149__06751.txt,continuous_spectra,pet,2025-07-10,9159238.0,4032414.812999999,True,False,True,PET,plastic,polymer,PET,PET,PET
c_33,151,c_33-151,MAYP1114611__150__06752.txt,continuous_spectra,pet,2025-07-10,5639854.559999999,4032414.812999999,True,False,True,PET,plastic,polymer,PET,PET,PET
c_33,154,c_33-154,MAYP1114611__153__06755.txt,continuous_spectra,pet,2025-07-10,5717870.0,4032414.812999999,True,False,True,PET,plastic,polymer,PET,PET,PET
c_33,155,c_33-155,MAYP1114611__154__06756.txt,continuous_spectra,pet,2025-07-10,10886081.0,4032414.812999999,True,False,True,PET,plastic,polymer,PET,PET,PET
c_33,156,c_33-156,MAYP1114611__155__06757.txt,continuous_spectra,pet,2025-07-10,10592195.44,4032414.812999999,True,False,True,PET,plastic,polymer,PET,PET,PET
c_33,157,c_33-157,MAYP1114611__156__06758.txt,continuous_spectra,pet,2025-07-10,8493989.440000001,4032414.812999999,True,False,True,PET,plastic,polymer,PET,PET,PET
c_33,158,c_33-158,MAYP1114611__157__06759.txt,continuous_spectra,pet,2025-07-10,5404152.440000001,4032414.812999999,True,False,True,PET,plastic,polymer,PET,PET,PET
c_33,159,c_33-159,MAYP1114611__158__06760.txt,continuous_spectra,pet,2025-07-10,7055355.559999999,4032414.812999999,True,False,True,PET,plastic,polymer,PET,PET,PET
c_33,160,c_33-160,MAYP1114611__159__06761.txt,continuous_spectra,pet,2025-07-10,5805462.440000001,4032414.812999999,True,False,True,PET,plastic,polymer,PET,PET,PET
c_33,161,c_33-161,MAYP1114611__160__06762.txt,continuous_spectra,pet,2025-07-10,7100493.559999999,4032414.812999999,True,False,True,PET,plastic,polymer,PET,PET,PET
c_33,162,c_33-162,MAYP1114611__161__06763.txt,continuous_spectra,pet,2025-07-10,7310341.0,4032414.812999999,True,False,True,PET,plastic,polymer,PET,PET,PET
c_33,165,c_33-165,MAYP1114611__164__06766.txt,continuous_spectra,pet,2025-07-10,9467911.56,4032414.812999999,True,False,True,PET,plastic,polymer,PET,PET,PET
c_33,166,c_33-166,MAYP1114611__165__06767.txt,continuous_spectra,pet,2025-07-10,8972356.0,4032414.812999999,True,False,True,PET,plastic,polymer,PET,PET,PET
c_33,167,c_33-167,MAYP1114611__166__06768.txt,continuous_spectra,pet,2025-07-10,11523905.0,4032414.812999999,True,False,True,PET,plastic,polymer,PET,PET,PET
c_33,168,c_33-168,MAYP1114611__167__06769.txt,continuous_spectra,pet,2025-07-10,11501613.44,4032414.812999999,True,False,True,PET,plastic,polymer,PET,PET,PET
c_33,169,c_33-169,MAYP1114611__168__06770.txt,continuous_spectra,pet,2025-07-10,6649629.0,4032414.812999999,True,False,True,PET,plastic,polymer,PET,PET,PET
c_33,170,c_33-170,MAYP1114611__169__06771.txt,continuous_spectra,pet,2025-07-10,7028999.559999999,4032414.812999999,True,False,True,PET,plastic,polymer,PET,PET,PET
c_33,171,c_33-171,MAYP1114611__170__06772.txt,continuous_spectra,pet,2025-07-10,9005415.559999999,4032414.812999999,True,False,True,PET,plastic,polymer,PET,PET,PET
c_33,172,c_33-172,MAYP1114611__171__06773.txt,continuous_spectra,pet,2025-07-10,9710405.44,4032414.812999999,True,False,True,PET,plastic,polymer,PET,PET,PET
c_33,173,c_33-173,MAYP1114611__172__06774.txt,continuous_spectra,pet,2025-07-10,8139296.440000001,4032414.812999999,True,False,True,PET,plastic,polymer,PET,PET,PET
c_33,175,c_33-175,MAYP1114611__174__06776.txt,continuous_spectra,pet,2025-07-10,4157882.559999998,4032414.812999999,True,False,True,PET,plastic,polymer,PET,PET,PE-HD (blue)
c_33,176,c_33-176,MAYP1114611__175__06777.txt,continuous_spectra,pet,2025-07-10,7292827.0,4032414.812999999,True,False,True,PET,plastic,polymer,PET,PET,PET
c_33,177,c_33-177,MAYP1114611__176__06778.txt,continuous_spectra,pet,2025-07-10,7078163.0,4032414.812999999,True,False,True,PET,plastic,polymer,PET,PET,PET
c_33,178,c_33-178,MAYP1114611__177__06779.txt,continuous_spectra,pet,2025-07-10,5468808.559999999,4032414.812999999,True,False,True,PET,plastic,polymer,PET,PET,PET
c_33,179,c_33-179,MAYP1114611__178__06780.txt,continuous_spectra,pet,2025-07-10,7390472.0,4032414.812999999,True,False,True,PET,plastic,polymer,PET,PET,PET
c_33,180,c_33-180,MAYP1114611__179__06781.txt,continuous_spectra,pet,2025-07-10,7610553.440000001,4032414.812999999,True,False,True,PET,plastic,polymer,PET,PET,PET
c_33,181,c_33-181,MAYP1114611__180__06782.txt,continuous_spectra,pet,2025-07-10,8405597.559999999,4032414.812999999,True,False,True,PET,plastic,polymer,PET,PET,PET
c_33,182,c_33-182,MAYP1114611__181__06783.txt,continuous_spectra,pet,2025-07-10,6526398.0,4032414.812999999,True,False,True,PET,plastic,polymer,PET,PET,PET
c_33,214,c_33-214,MAYP1114611__213__06815.txt,continuous_spectra,pet,2025-07-10,5314764.440000001,4032414.812999999,True,False,True,PET,plastic,polymer,PET,PET,PET
c_33,215,c_33-215,MAYP1114611__214__06816.txt,continuous_spectra,pet,2025-07-10,7792299.440000001,4032414.812999999,True,False,True,PET,plastic,polymer,PET,PET,PET
c_33,216,c_33-216,MAYP1114611__215__06817.txt,continuous_spectra,pet,2025-07-10,6681511.440000001,4032414.812999999,True,False,True,PET,plastic,polymer,PET,PET,PET
c_33,217,c_33-217,MAYP1114611__216__06818.txt,continuous_spectra,pet,2025-07-10,10465563.56,4032414.812999999,True,False,True,PET,plastic,polymer,PET,PET,PET
c_33,218,c_33-218,MAYP1114611__217__06819.txt,continuous_spectra,pet,2025-07-10,7695236.559999999,4032414.812999999,True,False,True,PET,plastic,polymer,PET,PET,PET
c_33,219,c_33-219,MAYP1114611__218__06820.txt,continuous_spectra,pet,2025-07-10,7484342.440000001,4032414.812999999,True,False,True,PET,plastic,polymer,PET,PET,PET
c_33,220,c_33-220,MAYP1114611__219__06821.txt,continuous_spectra,pet,2025-07-10,8670030.0,4032414.812999999,True,False,True,PET,plastic,polymer,PET,PET,PET
c_33,221,c_33-221,MAYP1114611__220__06822.txt,continuous_spectra,pet,2025-07-10,6318202.559999999,4032414.812999999,True,False,True,PET,plastic,polymer,PET,PET,PET
c_33,225,c_33-225,MAYP1114611__224__06826.txt,continuous_spectra,pet,2025-07-10,4584749.559999999,4032414.812999999,True,False,True,PET,plastic,polymer,PET,PET,PET
c_33,226,c_33-226,MAYP1114611__225__06827.txt,continuous_spectra,pet,2025-07-10,8615391.559999999,4032414.812999999,True,False,True,PET,plastic,polymer,PET,PET,PET
c_33,227,c_33-227,MAYP1114611__226__06828.txt,continuous_spectra,pet,2025-07-10,6764490.0,4032414.812999999,True,False,True,PET,plastic,polymer,PET,PET,PET
c_33,228,c_33-228,MAYP1114611__227__06829.txt,continuous_spectra,pet,2025-07-10,7006389.440000001,4032414.812999999,True,False,True,PET,plastic,polymer,PET,PET,PET
c_33,229,c_33-229,MAYP1114611__228__06830.txt,continuous_spectra,pet,2025-07-10,6915779.559999999,4032414.812999999,True,False,True,PET,plastic,polymer,PET,PET,PET
c_33,230,c_33-230,MAYP1114611__229__06831.txt,continuous_spectra,pet,2025-07-10,8566510.559999999,4032414.812999999,True,False,True,PET,plastic,polymer,PET,PET,PET
c_33,231,c_33-231,MAYP1114611__230__06832.txt,continuous_spectra,pet,2025-07-10,5777161.559999999,4032414.812999999,True,False,True,PET,plastic,polymer,PET,PET,PET
c_33,232,c_33-232,MAYP1114611__231__06833.txt,continuous_spectra,pet,2025-07-10,5600817.559999999,4032414.812999999,True,False,True,PET,plastic,polymer,PET,PET,PET
c_33,235,c_33-235,MAYP1114611__234__06836.txt,continuous_spectra,pet,2025-07-10,4194383.0,4032414.812999999,True,False,True,PET,plastic,polymer,PET,PET,PET
c_33,236,c_33-236,MAYP1114611__235__06837.txt,continuous_spectra,pet,2025-07-10,6105591.0,4032414.812999999,True,False,True,PET,plastic,polymer,PET,PET,PET
c_33,237,c_33-237,MAYP1114611__236__06838.txt,continuous_spectra,pet,2025-07-10,6969577.0,4032414.812999999,True,False,True,PET,plastic,polymer,PET,PET,PET
c_33,238,c_33-238,MAYP1114611__237__06839.txt,continuous_spectra,pet,2025-07-10,5371884.0,4032414.812999999,True,False,True,PET,plastic,polymer,PET,PET,PET
c_33,239,c_33-239,MAYP1114611__238__06840.txt,continuous_spectra,pet,2025-07-10,5019985.440000001,4032414.812999999,True,False,True,PET,plastic,polymer,PET,PET,PET
c_33,240,c_33-240,MAYP1114611__239__06841.txt,continuous_spectra,pet,2025-07-10,7550812.0,4032414.812999999,True,False,True,PET,plastic,polymer,PET,PET,PET
c_33,241,c_33-241,MAYP1114611__240__06842.txt,continuous_spectra,pet,2025-07-10,8476545.559999999,4032414.812999999,True,False,True,PET,plastic,polymer,PET,PET,PET
c_33,242,c_33-242,MAYP1114611__241__06843.txt,continuous_spectra,pet,2025-07-10,9333464.44,4032414.812999999,True,False,True,PET,plastic,polymer,PET,PET,PET
c_33,243,c_33-243,MAYP1114611__242__06844.txt,continuous_spectra,pet,2025-07-10,5927080.0,4032414.812999999,True,False,True,PET,plastic,polymer,PET,PET,PET
c_33,247,c_33-247,MAYP1114611__246__06848.txt,continuous_spectra,pet,2025-07-10,6729026.440000001,4032414.812999999,True,False,True,PET,plastic,polymer,PET,PET,PET
c_33,248,c_33-248,MAYP1114611__247__06849.txt,continuous_spectra,pet,2025-07-10,7593300.440000001,4032414.812999999,True,False,True,PET,plastic,polymer,PET,PET,PET
c_33,249,c_33-249,MAYP1114611__248__06850.txt,continuous_spectra,pet,2025-07-10,8031170.559999999,4032414.812999999,True,False,True,PET,plastic,polymer,PET,PET,PET
c_33,250,c_33-250,MAYP1114611__249__06851.txt,continuous_spectra,pet,2025-07-10,8924697.440000001,4032414.812999999,True,False,True,PET,plastic,polymer,PET,PET,PET
c_33,251,c_33-251,MAYP1114611__250__06852.txt,continuous_spectra,pet,2025-07-10,9299722.0,4032414.812999999,True,False,True,PET,plastic,polymer,PET,PET,PET
c_33,252,c_33-252,MAYP1114611__251__06853.txt,continuous_spectra,pet,2025-07-10,8718152.0,4032414.812999999,True,False,True,PET,plastic,polymer,PET,PET,PET
c_33,253,c_33-253,MAYP1114611__252__06854.txt,continuous_spectra,pet,2025-07-10,8291486.440000001,4032414.812999999,True,False,True,PET,plastic,polymer,PET,PET,PET
c_33,259,c_33-259,MAYP1114611__258__06860.txt,continuous_spectra,pet,2025-07-10,8095746.559999999,4032414.812999999,True,False,True,PET,plastic,polymer,PET,PET,PET
c_33,260,c_33-260,MAYP1114611__259__06861.txt,continuous_spectra,pet,2025-07-10,9999433.56,4032414.812999999,True,False,True,PET,plastic,polymer,PET,PET,PET
c_33,261,c_33-261,MAYP1114611__260__06862.txt,continuous_spectra,pet,2025-07-10,8020289.0,4032414.812999999,True,False,True,PET,plastic,polymer,PET,PET,PET
c_33,262,c_33-262,MAYP1114611__261__06863.txt,continuous_spectra,pet,2025-07-10,9658829.0,4032414.812999999,True,False,True,PET,plastic,polymer,PET,PET,PET
c_33,263,c_33-263,MAYP1114611__262__06864.txt,continuous_spectra,pet,2025-07-10,7260711.440000001,4032414.812999999,True,False,True,PET,plastic,polymer,PET,PET,PET
c_33,264,c_33-264,MAYP1114611__263__06865.txt,continuous_spectra,pet,2025-07-10,8207432.559999999,4032414.812999999,True,False,True,PET,plastic,polymer,PET,PET,PET
c_33,265,c_33-265,MAYP1114611__264__06866.txt,continuous_spectra,pet,2025-07-10,6224778.559999999,4032414.812999999,True,False,True,PET,plastic,polymer,PET,PET,PET
c_33,267,c_33-267,MAYP1114611__266__06868.txt,continuous_spectra,pet,2025-07-10,6250124.440000001,4032414.812999999,True,False,True,PET,plastic,polymer,PET,PET,PET
c_33,268,c_33-268,MAYP1114611__267__06869.txt,continuous_spectra,pet,2025-07-10,5247795.0,4032414.812999999,True,False,True,PET,plastic,polymer,PET,PET,PET
c_33,269,c_33-269,MAYP1114611__268__06870.txt,continuous_spectra,pet,2025-07-10,6894934.440000001,4032414.812999999,True,False,True,PET,plastic,polymer,PET,PET,PET
c_33,270,c_33-270,MAYP1114611__269__06871.txt,continuous_spectra,pet,2025-07-10,6398744.559999999,4032414.812999999,True,False,True,PET,plastic,polymer,PET,PET,PET
c_33,271,c_33-271,MAYP1114611__270__06872.txt,continuous_spectra,pet,2025-07-10,9383522.0,4032414.812999999,True,False,True,PET,plastic,polymer,PET,PET,PET
c_33,272,c_33-272,MAYP1114611__271__06873.txt,continuous_spectra,pet,2025-07-10,7738662.0,4032414.812999999,True,False,True,PET,plastic,polymer,PET,PET,PET
c_33,273,c_33-273,MAYP1114611__272__06874.txt,continuous_spectra,pet,2025-07-10,8186752.559999999,4032414.812999999,True,False,True,PET,plastic,polymer,PET,PET,PET
c_33,274,c_33-274,MAYP1114611__273__06875.txt,continuous_spectra,pet,2025-07-10,7249790.559999999,4032414.812999999,True,False,True,PET,plastic,polymer,PET,PET,PET
c_33,275,c_33-275,MAYP1114611__274__06876.txt,continuous_spectra,pet,2025-07-10,8728777.440000001,4032414.812999999,True,False,True,PET,plastic,polymer,PET,PET,PET
c_33,276,c_33-276,MAYP1114611__275__06877.txt,continuous_spectra,pet,2025-07-10,6047162.440000001,4032414.812999999,True,False,True,PET,plastic,polymer,PET,PET,PET
c_34,28,c_34-028,MAYP1114611__27__06929.txt,continuous_spectra,pet,2025-07-10,6170382.440000001,4945237.437000002,True,False,True,PET,plastic,polymer,PET,PET,PET
c_34,29,c_34-029,MAYP1114611__28__06930.txt,continuous_spectra,pet,2025-07-10,8236878.559999999,4945237.437000002,True,False,True,PET,plastic,polymer,PET,PET,PET
c_34,30,c_34-030,MAYP1114611__29__06931.txt,continuous_spectra,pet,2025-07-10,6800223.559999999,4945237.437000002,True,False,True,PET,plastic,polymer,PET,PET,PET
c_34,31,c_34-031,MAYP1114611__30__06932.txt,continuous_spectra,pet,2025-07-10,7549935.440000001,4945237.437000002,True,False,True,PET,plastic,polymer,PET,PET,PET
c_34,32,c_34-032,MAYP1114611__31__06933.txt,continuous_spectra,pet,2025-07-10,6102142.0,4945237.437000002,True,False,True,PET,plastic,polymer,PET,PET,PET
c_34,33,c_34-033,MAYP1114611__32__06934.txt,continuous_spectra,pet,2025-07-10,7023546.559999999,4945237.437000002,True,False,True,PET,plastic,polymer,PET,PET,PET
c_34,34,c_34-034,MAYP1114611__33__06935.txt,continuous_spectra,pet,2025-07-10,8590698.440000001,4945237.437000002,True,False,True,PET,plastic,polymer,PET,PET,PET
c_34,35,c_34-035,MAYP1114611__34__06936.txt,continuous_spectra,pet,2025-07-10,11737842.56,4945237.437000002,True,False,True,PET,plastic,polymer,PET,PET,PET
c_34,36,c_34-036,MAYP1114611__35__06937.txt,continuous_spectra,pet,2025-07-10,11060516.0,4945237.437000002,True,False,True,PET,plastic,polymer,PET,PET,PET
c_34,37,c_34-037,MAYP1114611__36__06938.txt,continuous_spectra,pet,2025-07-10,6090146.559999999,4945237.437000002,True,False,True,PET,plastic,polymer,PET,PET,PET
c_34,41,c_34-041,MAYP1114611__40__06942.txt,continuous_spectra,pet,2025-07-10,6114194.440000001,4945237.437000002,True,False,True,PET,plastic,polymer,PET,PET,PET
c_34,42,c_34-042,MAYP1114611__41__06943.txt,continuous_spectra,pet,2025-07-10,8116084.559999999,4945237.437000002,True,False,True,PET,plastic,polymer,PET,PET,PET
c_34,43,c_34-043,MAYP1114611__42__06944.txt,continuous_spectra,pet,2025-07-10,8788318.440000001,4945237.437000002,True,False,True,PET,plastic,polymer,PET,PET,PET
c_34,44,c_34-044,MAYP1114611__43__06945.txt,continuous_spectra,pet,2025-07-10,11427796.44,4945237.437000002,True,False,True,PET,plastic,polymer,PET,PET,PET
c_34,45,c_34-045,MAYP1114611__44__06946.txt,continuous_spectra,pet,2025-07-10,10704376.44,4945237.437000002,True,False,True,PET,plastic,polymer,PET,PET,PET
c_34,46,c_34-046,MAYP1114611__45__06947.txt,continuous_spectra,pet,2025-07-10,7104473.559999999,4945237.437000002,True,False,True,PET,plastic,polymer,PET,PET,PET
c_34,47,c_34-047,MAYP1114611__46__06948.txt,continuous_spectra,pet,2025-07-10,5104645.0,4945237.437000002,True,False,True,PET,plastic,polymer,PET,PET,PET
c_34,51,c_34-051,MAYP1114611__50__06952.txt,continuous_spectra,pet,2025-07-10,7083513.440000001,4945237.437000002,True,False,True,PET,plastic,polymer,PET,PET,PET
c_34,52,c_34-052,MAYP1114611__51__06953.txt,continuous_spectra,pet,2025-07-10,9467370.44,4945237.437000002,True,False,True,PET,plastic,polymer,PET,PET,PET
c_34,53,c_34-053,MAYP1114611__52__06954.txt,continuous_spectra,pet,2025-07-10,8799768.559999999,4945237.437000002,True,False,True,PET,plastic,polymer,PET,PET,PET
c_34,54,c_34-054,MAYP1114611__53__06955.txt,continuous_spectra,pet,2025-07-10,8977570.559999999,4945237.437000002,True,False,True,PET,plastic,polymer,PET,PET,PET
c_34,55,c_34-055,MAYP1114611__54__06956.txt,continuous_spectra,pet,2025-07-10,8151281.559999999,4945237.437000002,True,False,True,PET,plastic,polymer,PET,PET,PET
c_34,56,c_34-056,MAYP1114611__55__06957.txt,continuous_spectra,pet,2025-07-10,7329825.440000001,4945237.437000002,True,False,True,PET,plastic,polymer,PET,PET,PET
c_34,57,c_34-057,MAYP1114611__56__06958.txt,continuous_spectra,pet,2025-07-10,7329858.0,4945237.437000002,True,False,True,PET,plastic,polymer,PET,PET,PET
c_34,62,c_34-062,MAYP1114611__61__06963.txt,continuous_spectra,pet,2025-07-10,5064824.0,4945237.437000002,True,False,True,PET,plastic,polymer,PET,PET,PET
c_34,63,c_34-063,MAYP1114611__62__06964.txt,continuous_spectra,pet,2025-07-10,9781565.44,4945237.437000002,True,False,True,PET,plastic,polymer,PET,PET,PET
c_34,64,c_34-064,MAYP1114611__63__06965.txt,continuous_spectra,pet,2025-07-10,8803747.0,4945237.437000002,True,False,True,PET,plastic,polymer,PET,PET,PET
c_34,65,c_34-065,MAYP1114611__64__06966.txt,continuous_spectra,pet,2025-07-10,7778326.559999999,4945237.437000002,True,False,True,PET,plastic,polymer,PET,PET,PET
c_34,66,c_34-066,MAYP1114611__65__06967.txt,continuous_spectra,pet,2025-07-10,7807199.440000001,4945237.437000002,True,False,True,PET,plastic,polymer,PET,PET,PET
c_34,67,c_34-067,MAYP1114611__66__06968.txt,continuous_spectra,pet,2025-07-10,8725501.559999999,4945237.437000002,True,False,True,PET,plastic,polymer,PET,PET,PET
c_34,68,c_34-068,MAYP1114611__67__06969.txt,continuous_spectra,pet,2025-07-10,7153959.559999999,4945237.437000002,True,False,True,PET,plastic,polymer,PET,PET,PET
c_34,69,c_34-069,MAYP1114611__68__06970.txt,continuous_spectra,pet,2025-07-10,6859631.559999999,4945237.437000002,True,False,True,PET,plastic,polymer,PET,PET,PET
c_34,73,c_34-073,MAYP1114611__72__06974.txt,continuous_spectra,pet,2025-07-10,8942862.440000001,4945237.437000002,True,False,True,PET,plastic,polymer,PET,PET,PET
c_34,74,c_34-074,MAYP1114611__73__06975.txt,continuous_spectra,pet,2025-07-10,6276718.559999999,4945237.437000002,True,False,True,PET,plastic,polymer,PET,PET,PET
c_34,75,c_34-075,MAYP1114611__74__06976.txt,continuous_spectra,pet,2025-07-10,7280211.559999999,4945237.437000002,True,False,True,PET,plastic,polymer,PET,PET,PET
c_34,76,c_34-076,MAYP1114611__75__06977.txt,continuous_spectra,pet,2025-07-10,7688723.0,4945237.437000002,True,False,True,PET,plastic,polymer,PET,PET,PET
c_34,77,c_34-077,MAYP1114611__76__06978.txt,continuous_spectra,pet,2025-07-10,7087384.559999999,4945237.437000002,True,False,True,PET,plastic,polymer,PET,PET,PET
c_34,78,c_34-078,MAYP1114611__77__06979.txt,continuous_spectra,pet,2025-07-10,8850956.559999999,4945237.437000002,True,False,True,PET,plastic,polymer,PET,PET,PET
c_34,79,c_34-079,MAYP1114611__78__06980.txt,continuous_spectra,pet,2025-07-10,10480529.56,4945237.437000002,True,False,True,PET,plastic,polymer,PET,PET,PET
c_34,84,c_34-084,MAYP1114611__83__06985.txt,continuous_spectra,pet,2025-07-10,7696283.440000001,4945237.437000002,True,False,True,PET,plastic,polymer,PET,PET,PET
c_34,85,c_34-085,MAYP1114611__84__06986.txt,continuous_spectra,pet,2025-07-10,8849193.440000001,4945237.437000002,True,False,True,PET,plastic,polymer,PET,PET,PET
c_34,86,c_34-086,MAYP1114611__85__06987.txt,continuous_spectra,pet,2025-07-10,9040459.44,4945237.437000002,True,False,True,PET,plastic,polymer,PET,PET,PET
c_34,87,c_34-087,MAYP1114611__86__06988.txt,continuous_spectra,pet,2025-07-10,8552767.0,4945237.437000002,True,False,True,PET,plastic,polymer,PET,PET,PET
c_34,88,c_34-088,MAYP1114611__87__06989.txt,continuous_spectra,pet,2025-07-10,9802589.44,4945237.437000002,True,False,True,PET,plastic,polymer,PET,PET,PET
c_34,89,c_34-089,MAYP1114611__88__06990.txt,continuous_spectra,pet,2025-07-10,9408637.44,4945237.437000002,True,False,True,PET,plastic,polymer,PET,PET,PET
c_34,90,c_34-090,MAYP1114611__89__06991.txt,continuous_spectra,pet,2025-07-10,5519288.440000001,4945237.437000002,True,False,True,PET,plastic,polymer,PET,PET,PET
c_34,121,c_34-121,MAYP1114611__120__07022.txt,continuous_spectra,pet,2025-07-10,6066523.559999999,4945237.437000002,True,False,True,PET,plastic,polymer,PET,PET,PET
c_34,122,c_34-122,MAYP1114611__121__07023.txt,continuous_spectra,pet,2025-07-10,7392743.559999999,4945237.437000002,True,False,True,PET,plastic,polymer,PET,PET,PET
c_34,123,c_34-123,MAYP1114611__122__07024.txt,continuous_spectra,pet,2025-07-10,6043345.0,4945237.437000002,True,False,True,PET,plastic,polymer,PET,PET,PET
c_34,124,c_34-124,MAYP1114611__123__07025.txt,continuous_spectra,pet,2025-07-10,9422929.44,4945237.437000002,True,False,True,PET,plastic,polymer,PET,PET,PET
c_34,125,c_34-125,MAYP1114611__124__07026.txt,continuous_spectra,pet,2025-07-10,7814871.0,4945237.437000002,True,False,True,PET,plastic,polymer,PET,PET,PET
c_34,126,c_34-126,MAYP1114611__125__07027.txt,continuous_spectra,pet,2025-07-10,6395243.0,4945237.437000002,True,False,True,PET,plastic,polymer,PET,PET,PET
c_34,127,c_34-127,MAYP1114611__126__07028.txt,continuous_spectra,pet,2025-07-10,6230957.440000001,4945237.437000002,True,False,True,PET,plastic,polymer,PET,PET,PET
c_34,128,c_34-128,MAYP1114611__127__07029.txt,continuous_spectra,pet,2025-07-10,8164902.440000001,4945237.437000002,True,False,True,PET,plastic,polymer,PET,PET,PET
c_34,129,c_34-129,MAYP1114611__128__07030.txt,continuous_spectra,pet,2025-07-10,7157894.440000001,4945237.437000002,True,False,True,PET,plastic,polymer,PET,PET,PET
c_34,133,c_34-133,MAYP1114611__132__07034.txt,continuous_spectra,pet,2025-07-10,7720853.440000001,4945237.437000002,True,False,True,PET,plastic,polymer,PET,PET,PET
c_34,134,c_34-134,MAYP1114611__133__07035.txt,continuous_spectra,pet,2025-07-10,8498891.0,4945237.437000002,True,False,True,PET,plastic,polymer,PET,PET,PET
c_34,135,c_34-135,MAYP1114611__134__07036.txt,continuous_spectra,pet,2025-07-10,5482659.559999999,4945237.437000002,True,False,True,PET,plastic,polymer,PET,PET,PET
c_34,136,c_34-136,MAYP1114611__135__07037.txt,continuous_spectra,pet,2025-07-10,8608230.559999999,4945237.437000002,True,False,True,PET,plastic,polymer,PET,PET,PET
c_34,137,c_34-137,MAYP1114611__136__07038.txt,continuous_spectra,pet,2025-07-10,7010376.0,4945237.437000002,True,False,True,PET,plastic,polymer,PET,PET,PET
c_34,138,c_34-138,MAYP1114611__137__07039.txt,continuous_spectra,pet,2025-07-10,6471500.440000001,4945237.437000002,True,False,True,PET,plastic,polymer,PET,PET,PET
c_34,139,c_34-139,MAYP1114611__138__07040.txt,continuous_spectra,pet,2025-07-10,7272899.0,4945237.437000002,True,False,True,PET,plastic,polymer,PET,PET,PET
c_34,140,c_34-140,MAYP1114611__139__07041.txt,continuous_spectra,pet,2025-07-10,5595062.440000001,4945237.437000002,True,False,True,PET,plastic,polymer,PET,PET,PET
c_34,143,c_34-143,MAYP1114611__142__07044.txt,continuous_spectra,pet,2025-07-10,6796210.440000001,4945237.437000002,True,False,True,PET,plastic,polymer,PET,PET,PET
c_34,144,c_34-144,MAYP1114611__143__07045.txt,continuous_spectra,pet,2025-07-10,6638464.559999999,4945237.437000002,True,False,True,PET,plastic,polymer,PET,PET,PET
c_34,145,c_34-145,MAYP1114611__144__07046.txt,continuous_spectra,pet,2025-07-10,5919796.440000001,4945237.437000002,True,False,True,PET,plastic,polymer,PET,PET,PET
c_34,146,c_34-146,MAYP1114611__145__07047.txt,continuous_spectra,pet,2025-07-10,7613922.559999999,4945237.437000002,True,False,True,PET,plastic,polymer,PET,PET,PET
c_34,147,c_34-147,MAYP1114611__146__07048.txt,continuous_spectra,pet,2025-07-10,6594635.440000001,4945237.437000002,True,False,True,PET,plastic,polymer,PET,PET,PET
c_34,148,c_34-148,MAYP1114611__147__07049.txt,continuous_spectra,pet,2025-07-10,10808277.0,4945237.437000002,True,False,True,PET,plastic,polymer,PET,PET,PET
c_34,149,c_34-149,MAYP1114611__148__07050.txt,continuous_spectra,pet,2025-07-10,6642354.0,4945237.437000002,True,False,True,PET,plastic,polymer,PET,PET,PET
c_34,150,c_34-150,MAYP1114611__149__07051.txt,continuous_spectra,pet,2025-07-10,7313053.0,4945237.437000002,True,False,True,PET,plastic,polymer,PET,PET,PET
c_34,151,c_34-151,MAYP1114611__150__07052.txt,continuous_spectra,pet,2025-07-10,8008793.440000001,4945237.437000002,True,False,True,PET,plastic,polymer,PET,PET,PET
c_34,154,c_34-154,MAYP1114611__153__07055.txt,continuous_spectra,pet,2025-07-10,7222231.0,4945237.437000002,True,False,True,PET,plastic,polymer,PET,PET,PET
c_34,155,c_34-155,MAYP1114611__154__07056.txt,continuous_spectra,pet,2025-07-10,8951511.440000001,4945237.437000002,True,False,True,PET,plastic,polymer,PET,PET,PET
c_34,156,c_34-156,MAYP1114611__155__07057.txt,continuous_spectra,pet,2025-07-10,9449111.56,4945237.437000002,True,False,True,PET,plastic,polymer,PET,PET,PET
c_34,157,c_34-157,MAYP1114611__156__07058.txt,continuous_spectra,pet,2025-07-10,6094543.440000001,4945237.437000002,True,False,True,PET,plastic,polymer,PET,PET,PET
c_34,158,c_34-158,MAYP1114611__157__07059.txt,continuous_spectra,pet,2025-07-10,8740956.559999999,4945237.437000002,True,False,True,PET,plastic,polymer,PET,PET,PET
c_34,159,c_34-159,MAYP1114611__158__07060.txt,continuous_spectra,pet,2025-07-10,9687376.56,4945237.437000002,True,False,True,PET,plastic,polymer,PET,PET,PET
c_34,160,c_34-160,MAYP1114611__159__07061.txt,continuous_spectra,pet,2025-07-10,10589545.56,4945237.437000002,True,False,True,PET,plastic,polymer,PET,PET,PET
c_34,161,c_34-161,MAYP1114611__160__07062.txt,continuous_spectra,pet,2025-07-10,7062591.440000001,4945237.437000002,True,False,True,PET,plastic,polymer,PET,PET,PET
c_34,162,c_34-162,MAYP1114611__161__07063.txt,continuous_spectra,pet,2025-07-10,5814737.559999999,4945237.437000002,True,False,True,PET,plastic,polymer,PET,PET,PET
c_34,164,c_34-164,MAYP1114611__163__07065.txt,continuous_spectra,pet,2025-07-10,7300099.559999999,4945237.437000002,True,False,True,PET,plastic,polymer,PET,PET,PET
c_34,165,c_34-165,MAYP1114611__164__07066.txt,continuous_spectra,pet,2025-07-10,9036221.44,4945237.437000002,True,False,True,PET,plastic,polymer,PET,PET,PET
c_34,166,c_34-166,MAYP1114611__165__07067.txt,continuous_spectra,pet,2025-07-10,6412753.440000001,4945237.437000002,True,False,True,PET,plastic,polymer,PET,PET,PET
c_34,167,c_34-167,MAYP1114611__166__07068.txt,continuous_spectra,pet,2025-07-10,8417251.0,4945237.437000002,True,False,True,PET,plastic,polymer,PET,PET,PET
c_34,168,c_34-168,MAYP1114611__167__07069.txt,continuous_spectra,pet,2025-07-10,7122254.559999999,4945237.437000002,True,False,True,PET,plastic,polymer,PET,PET,PET
c_34,169,c_34-169,MAYP1114611__168__07070.txt,continuous_spectra,pet,2025-07-10,9154468.56,4945237.437000002,True,False,True,PET,plastic,polymer,PET,PET,PET
c_34,170,c_34-170,MAYP1114611__169__07071.txt,continuous_spectra,pet,2025-07-10,7085799.440000001,4945237.437000002,True,False,True,PET,plastic,polymer,PET,PET,PET
c_34,171,c_34-171,MAYP1114611__170__07072.txt,continuous_spectra,pet,2025-07-10,5678461.0,4945237.437000002,True,False,True,PET,plastic,polymer,PET,PET,PET
c_34,172,c_34-172,MAYP1114611__171__07073.txt,continuous_spectra,pet,2025-07-10,5667402.559999999,4945237.437000002,True,False,True,PET,plastic,polymer,PET,PET,PET
c_34,173,c_34-173,MAYP1114611__172__07074.txt,continuous_spectra,pet,2025-07-10,6556416.559999999,4945237.437000002,True,False,True,PET,plastic,polymer,PET,PET,PET
c_34,176,c_34-176,MAYP1114611__175__07077.txt,continuous_spectra,pet,2025-07-10,9266532.44,4945237.437000002,True,False,True,PET,plastic,polymer,PET,PET,PET
c_34,177,c_34-177,MAYP1114611__176__07078.txt,continuous_spectra,pet,2025-07-10,8153312.559999999,4945237.437000002,True,False,True,PET,plastic,polymer,PET,PET,PET
c_34,178,c_34-178,MAYP1114611__177__07079.txt,continuous_spectra,pet,2025-07-10,7867919.440000001,4945237.437000002,True,False,True,PET,plastic,polymer,PET,PET,PET
c_34,179,c_34-179,MAYP1114611__178__07080.txt,continuous_spectra,pet,2025-07-10,9016450.56,4945237.437000002,True,False,True,PET,plastic,polymer,PET,PET,PET
c_34,180,c_34-180,MAYP1114611__179__07081.txt,continuous_spectra,pet,2025-07-10,9950858.56,4945237.437000002,True,False,True,PET,plastic,polymer,PET,PET,PET
c_34,181,c_34-181,MAYP1114611__180__07082.txt,continuous_spectra,pet,2025-07-10,7163417.559999999,4945237.437000002,True,False,True,PET,plastic,polymer,PET,PET,PET
c_34,182,c_34-182,MAYP1114611__181__07083.txt,continuous_spectra,pet,2025-07-10,9669060.44,4945237.437000002,True,False,True,PET,plastic,polymer,PET,PET,PET
c_34,214,c_34-214,MAYP1114611__213__07115.txt,continuous_spectra,pet,2025-07-10,5444157.0,4945237.437000002,True,False,True,PET,plastic,polymer,PET,PET,PET
c_34,215,c_34-215,MAYP1114611__214__07116.txt,continuous_spectra,pet,2025-07-10,7053303.0,4945237.437000002,True,False,True,PET,plastic,polymer,PET,PET,PET
c_34,216,c_34-216,MAYP1114611__215__07117.txt,continuous_spectra,pet,2025-07-10,6123708.559999999,4945237.437000002,True,False,True,PET,plastic,polymer,PET,PET,PET
c_34,217,c_34-217,MAYP1114611__216__07118.txt,continuous_spectra,pet,2025-07-10,6372321.0,4945237.437000002,True,False,True,PET,plastic,polymer,PET,PET,PET
c_34,218,c_34-218,MAYP1114611__217__07119.txt,continuous_spectra,pet,2025-07-10,6973927.440000001,4945237.437000002,True,False,True,PET,plastic,polymer,PET,PET,PET
c_34,219,c_34-219,MAYP1114611__218__07120.txt,continuous_spectra,pet,2025-07-10,6774519.559999999,4945237.437000002,True,False,True,PET,plastic,polymer,PET,PET,PET
c_34,220,c_34-220,MAYP1114611__219__07121.txt,continuous_spectra,pet,2025-07-10,7197406.440000001,4945237.437000002,True,False,True,PET,plastic,polymer,PET,PET,PET
c_34,221,c_34-221,MAYP1114611__220__07122.txt,continuous_spectra,pet,2025-07-10,7172505.440000001,4945237.437000002,True,False,True,PET,plastic,polymer,PET,PET,PET
c_34,225,c_34-225,MAYP1114611__224__07126.txt,continuous_spectra,pet,2025-07-10,6803898.0,4945237.437000002,True,False,True,PET,plastic,polymer,PET,PET,PET
c_34,226,c_34-226,MAYP1114611__225__07127.txt,continuous_spectra,pet,2025-07-10,8745683.559999999,4945237.437000002,True,False,True,PET,plastic,polymer,PET,PET,PET
c_34,227,c_34-227,MAYP1114611__226__07128.txt,continuous_spectra,pet,2025-07-10,6632250.0,4945237.437000002,True,False,True,PET,plastic,polymer,PET,PET,PET
c_34,228,c_34-228,MAYP1114611__227__07129.txt,continuous_spectra,pet,2025-07-10,9211925.0,4945237.437000002,True,False,True,PET,plastic,polymer,PET,PET,PET
c_34,229,c_34-229,MAYP1114611__228__07130.txt,continuous_spectra,pet,2025-07-10,6663023.440000001,4945237.437000002,True,False,True,PET,plastic,polymer,PET,PET,PET
c_34,230,c_34-230,MAYP1114611__229__07131.txt,continuous_spectra,pet,2025-07-10,7113841.0,4945237.437000002,True,False,True,PET,plastic,polymer,PET,PET,PET
c_34,231,c_34-231,MAYP1114611__230__07132.txt,continuous_spectra,pet,2025-07-10,8587604.440000001,4945237.437000002,True,False,True,PET,plastic,polymer,PET,PET,PET
c_34,232,c_34-232,MAYP1114611__231__07133.txt,continuous_spectra,pet,2025-07-10,6481948.559999999,4945237.437000002,True,False,True,PET,plastic,polymer,PET,PET,PET
c_34,235,c_34-235,MAYP1114611__234__07136.txt,continuous_spectra,pet,2025-07-10,5974169.0,4945237.437000002,True,False,True,PET,plastic,polymer,PET,PET,PET
c_34,236,c_34-236,MAYP1114611__235__07137.txt,continuous_spectra,pet,2025-07-10,5112321.0,4945237.437000002,True,False,True,PET,plastic,polymer,PET,PET,PET
c_34,237,c_34-237,MAYP1114611__236__07138.txt,continuous_spectra,pet,2025-07-10,5843783.559999999,4945237.437000002,True,False,True,PET,plastic,polymer,PET,PET,PET
c_34,238,c_34-238,MAYP1114611__237__07139.txt,continuous_spectra,pet,2025-07-10,9424338.56,4945237.437000002,True,False,True,PET,plastic,polymer,PET,PET,PET
c_34,239,c_34-239,MAYP1114611__238__07140.txt,continuous_spectra,pet,2025-07-10,7089252.559999999,4945237.437000002,True,False,True,PET,plastic,polymer,PET,PET,PET
c_34,240,c_34-240,MAYP1114611__239__07141.txt,continuous_spectra,pet,2025-07-10,6220233.440000001,4945237.437000002,True,False,True,PET,plastic,polymer,PET,PET,PET
c_34,241,c_34-241,MAYP1114611__240__07142.txt,continuous_spectra,pet,2025-07-10,8280500.0,4945237.437000002,True,False,True,PET,plastic,polymer,PET,PET,PET
c_34,242,c_34-242,MAYP1114611__241__07143.txt,continuous_spectra,pet,2025-07-10,8676395.440000001,4945237.437000002,True,False,True,PET,plastic,polymer,PET,PET,PET
c_34,243,c_34-243,MAYP1114611__242__07144.txt,continuous_spectra,pet,2025-07-10,6351914.0,4945237.437000002,True,False,True,PET,plastic,polymer,PET,PET,PET
c_34,246,c_34-246,MAYP1114611__245__07147.txt,continuous_spectra,pet,2025-07-10,4972006.440000001,4945237.437000002,True,False,True,PET,plastic,polymer,PET,PET,PET
c_34,247,c_34-247,MAYP1114611__246__07148.txt,continuous_spectra,pet,2025-07-10,8629703.440000001,4945237.437000002,True,False,True,PET,plastic,polymer,PET,PET,PET
c_34,248,c_34-248,MAYP1114611__247__07149.txt,continuous_spectra,pet,2025-07-10,9349156.44,4945237.437000002,True,False,True,PET,plastic,polymer,PET,PET,PET
c_34,249,c_34-249,MAYP1114611__248__07150.txt,continuous_spectra,pet,2025-07-10,10276649.0,4945237.437000002,True,False,True,PET,plastic,polymer,PET,PET,PET
c_34,250,c_34-250,MAYP1114611__249__07151.txt,continuous_spectra,pet,2025-07-10,8864604.0,4945237.437000002,True,False,True,PET,plastic,polymer,PET,PET,PET
c_34,251,c_34-251,MAYP1114611__250__07152.txt,continuous_spectra,pet,2025-07-10,8165711.440000001,4945237.437000002,True,False,True,PET,plastic,polymer,PET,PET,PET
c_34,252,c_34-252,MAYP1114611__251__07153.txt,continuous_spectra,pet,2025-07-10,7934611.0,4945237.437000002,True,False,True,PET,plastic,polymer,PET,PET,PET
c_34,253,c_34-253,MAYP1114611__252__07154.txt,continuous_spectra,pet,2025-07-10,9569691.0,4945237.437000002,True,False,True,PET,plastic,polymer,PET,PET,PET
c_34,257,c_34-257,MAYP1114611__256__07158.txt,continuous_spectra,pet,2025-07-10,5401045.0,4945237.437000002,True,False,True,PET,plastic,polymer,PET,PET,PET
c_34,258,c_34-258,MAYP1114611__257__07159.txt,continuous_spectra,pet,2025-07-10,8482278.559999999,4945237.437000002,True,False,True,PET,plastic,polymer,PET,PET,PET
c_34,259,c_34-259,MAYP1114611__258__07160.txt,continuous_spectra,pet,2025-07-10,8656579.559999999,4945237.437000002,True,False,True,PET,plastic,polymer,PET,PET,PET
c_34,260,c_34-260,MAYP1114611__259__07161.txt,continuous_spectra,pet,2025-07-10,6004016.0,4945237.437000002,True,False,True,PET,plastic,polymer,PET,PET,PET
c_34,261,c_34-261,MAYP1114611__260__07162.txt,continuous_spectra,pet,2025-07-10,10086205.44,4945237.437000002,True,False,True,PET,plastic,polymer,PET,PET,PET
c_34,262,c_34-262,MAYP1114611__261__07163.txt,continuous_spectra,pet,2025-07-10,10519898.44,4945237.437000002,True,False,True,PET,plastic,polymer,PET,PET,PET
c_34,263,c_34-263,MAYP1114611__262__07164.txt,continuous_spectra,pet,2025-07-10,9844809.56,4945237.437000002,True,False,True,PET,plastic,polymer,PET,PET,PET
c_34,264,c_34-264,MAYP1114611__263__07165.txt,continuous_spectra,pet,2025-07-10,8754469.559999999,4945237.437000002,True,False,True,PET,plastic,polymer,PET,PET,PET
c_34,265,c_34-265,MAYP1114611__264__07166.txt,continuous_spectra,pet,2025-07-10,6490162.0,4945237.437000002,True,False,True,PET,plastic,polymer,PET,PET,PET
c_34,267,c_34-267,MAYP1114611__266__07168.txt,continuous_spectra,pet,2025-07-10,5595715.0,4945237.437000002,True,False,True,PET,plastic,polymer,PET,PET,PET
c_34,269,c_34-269,MAYP1114611__268__07170.txt,continuous_spectra,pet,2025-07-10,5514460.440000001,4945237.437000002,True,False,True,PET,plastic,polymer,PET,PET,PET
c_34,270,c_34-270,MAYP1114611__269__07171.txt,continuous_spectra,pet,2025-07-10,7511387.559999999,4945237.437000002,True,False,True,PET,plastic,polymer,PET,PET,PET
c_34,271,c_34-271,MAYP1114611__270__07172.txt,continuous_spectra,pet,2025-07-10,7468690.0,4945237.437000002,True,False,True,PET,plastic,polymer,PET,PET,PET
c_34,272,c_34-272,MAYP1114611__271__07173.txt,continuous_spectra,pet,2025-07-10,7678917.440000001,4945237.437000002,True,False,True,PET,plastic,polymer,PET,PET,PET
c_34,273,c_34-273,MAYP1114611__272__07174.txt,continuous_spectra,pet,2025-07-10,10343124.0,4945237.437000002,True,False,True,PET,plastic,polymer,PET,PET,PET
c_34,274,c_34-274,MAYP1114611__273__07175.txt,continuous_spectra,pet,2025-07-10,11707607.44,4945237.437000002,True,False,True,PET,plastic,polymer,PET,PET,PET
c_34,275,c_34-275,MAYP1114611__274__07176.txt,continuous_spectra,pet,2025-07-10,8831807.559999999,4945237.437000002,True,False,True,PET,plastic,polymer,PET,PET,PET
c_34,276,c_34-276,MAYP1114611__275__07177.txt,continuous_spectra,pet,2025-07-10,5057889.559999999,4945237.437000002,True,False,True,PET,plastic,polymer,PET,PET,PET
c_35,32,c_35-032,MAYP1114611__31__08033.txt,continuous_spectra,microscope_slide,2025-07-10,4100555.0,3733144.8,True,False,True,Microscope slide,non_plastic,glass,,Microscope slide,Microscope slide
c_35,33,c_35-033,MAYP1114611__32__08034.txt,continuous_spectra,microscope_slide,2025-07-10,4765880.0,3733144.8,True,False,True,Microscope slide,non_plastic,glass,,Microscope slide,Microscope slide
c_35,34,c_35-034,MAYP1114611__33__08035.txt,continuous_spectra,microscope_slide,2025-07-10,5026523.0,3733144.8,True,False,True,Microscope slide,non_plastic,glass,,Microscope slide,Microscope slide
c_35,35,c_35-035,MAYP1114611__34__08036.txt,continuous_spectra,microscope_slide,2025-07-10,4810874.559999999,3733144.8,True,False,True,Microscope slide,non_plastic,glass,,Microscope slide,Microscope slide
c_35,36,c_35-036,MAYP1114611__35__08037.txt,continuous_spectra,microscope_slide,2025-07-10,4373824.559999999,3733144.8,True,False,True,Microscope slide,non_plastic,glass,,Microscope slide,Microscope slide
c_35,37,c_35-037,MAYP1114611__36__08038.txt,continuous_spectra,microscope_slide,2025-07-10,3826976.0,3733144.8,True,False,True,Microscope slide,non_plastic,glass,,Microscope slide,Microscope slide
c_35,43,c_35-043,MAYP1114611__42__08044.txt,continuous_spectra,microscope_slide,2025-07-10,3751588.440000002,3733144.8,True,False,True,Microscope slide,non_plastic,glass,,Microscope slide,Microscope slide
c_35,44,c_35-044,MAYP1114611__43__08045.txt,continuous_spectra,microscope_slide,2025-07-10,4290776.0,3733144.8,True,False,True,Microscope slide,non_plastic,glass,,Microscope slide,Microscope slide
c_35,45,c_35-045,MAYP1114611__44__08046.txt,continuous_spectra,microscope_slide,2025-07-10,4994446.559999999,3733144.8,True,False,True,Microscope slide,non_plastic,glass,,Microscope slide,Microscope slide
c_35,46,c_35-046,MAYP1114611__45__08047.txt,continuous_spectra,microscope_slide,2025-07-10,4906253.440000001,3733144.8,True,False,True,Microscope slide,non_plastic,glass,,Microscope slide,Microscope slide
c_35,47,c_35-047,MAYP1114611__46__08048.txt,continuous_spectra,microscope_slide,2025-07-10,4977737.0,3733144.8,True,False,True,Microscope slide,non_plastic,glass,,Microscope slide,Microscope slide
c_35,48,c_35-048,MAYP1114611__47__08049.txt,continuous_spectra,microscope_slide,2025-07-10,4125457.0,3733144.8,True,False,True,Microscope slide,non_plastic,glass,,Microscope slide,Microscope slide
c_35,53,c_35-053,MAYP1114611__52__08054.txt,continuous_spectra,microscope_slide,2025-07-10,3805777.0,3733144.8,True,False,True,Microscope slide,non_plastic,glass,,Microscope slide,Microscope slide
c_35,54,c_35-054,MAYP1114611__53__08055.txt,continuous_spectra,microscope_slide,2025-07-10,4502447.440000001,3733144.8,True,False,True,Microscope slide,non_plastic,glass,,Microscope slide,Microscope slide
c_35,55,c_35-055,MAYP1114611__54__08056.txt,continuous_spectra,microscope_slide,2025-07-10,5347276.559999999,3733144.8,True,False,True,Microscope slide,non_plastic,glass,,Microscope slide,Microscope slide
c_35,56,c_35-056,MAYP1114611__55__08057.txt,continuous_spectra,microscope_slide,2025-07-10,4778740.0,3733144.8,True,False,True,Microscope slide,non_plastic,glass,,Microscope slide,Microscope slide
c_35,57,c_35-057,MAYP1114611__56__08058.txt,continuous_spectra,microscope_slide,2025-07-10,5176564.0,3733144.8,True,False,True,Microscope slide,non_plastic,glass,,Microscope slide,Microscope slide
c_35,58,c_35-058,MAYP1114611__57__08059.txt,continuous_spectra,microscope_slide,2025-07-10,5197812.0,3733144.8,True,False,True,Microscope slide,non_plastic,glass,,Microscope slide,Microscope slide
c_35,59,c_35-059,MAYP1114611__58__08060.txt,continuous_spectra,microscope_slide,2025-07-10,4800669.559999999,3733144.8,True,False,True,Microscope slide,non_plastic,glass,,Microscope slide,Microscope slide
c_35,60,c_35-060,MAYP1114611__59__08061.txt,continuous_spectra,microscope_slide,2025-07-10,4120153.440000002,3733144.8,True,False,True,Microscope slide,non_plastic,glass,,Microscope slide,Microscope slide
c_35,76,c_35-076,MAYP1114611__75__08077.txt,continuous_spectra,microscope_slide,2025-07-10,4322384.0,3733144.8,True,False,True,Microscope slide,non_plastic,glass,,Microscope slide,Microscope slide
c_35,77,c_35-077,MAYP1114611__76__08078.txt,continuous_spectra,microscope_slide,2025-07-10,4672867.440000001,3733144.8,True,False,True,Microscope slide,non_plastic,glass,,Microscope slide,Microscope slide
c_35,78,c_35-078,MAYP1114611__77__08079.txt,continuous_spectra,microscope_slide,2025-07-10,4873508.559999999,3733144.8,True,False,True,Microscope slide,non_plastic,glass,,Microscope slide,Microscope slide
c_35,79,c_35-079,MAYP1114611__78__08080.txt,continuous_spectra,microscope_slide,2025-07-10,4799889.0,3733144.8,True,False,True,Microscope slide,non_plastic,glass,,Microscope slide,Microscope slide
c_35,80,c_35-080,MAYP1114611__79__08081.txt,continuous_spectra,microscope_slide,2025-07-10,4446869.559999999,3733144.8,True,False,True,Microscope slide,non_plastic,glass,,Microscope slide,Microscope slide
c_35,126,c_35-126,MAYP1114611__125__08127.txt,continuous_spectra,microscope_slide,2025-07-10,4182976.0,3733144.8,True,False,True,Microscope slide,non_plastic,glass,,Microscope slide,Microscope slide
c_35,127,c_35-127,MAYP1114611__126__08128.txt,continuous_spectra,microscope_slide,2025-07-10,4249913.0,3733144.8,True,False,True,Microscope slide,non_plastic,glass,,Microscope slide,Microscope slide
c_35,128,c_35-128,MAYP1114611__127__08129.txt,continuous_spectra,microscope_slide,2025-07-10,4084051.559999998,3733144.8,True,False,True,Microscope slide,non_plastic,glass,,Microscope slide,Microscope slide
c_35,134,c_35-134,MAYP1114611__133__08135.txt,continuous_spectra,microscope_slide,2025-07-10,3803159.0,3733144.8,True,False,True,Microscope slide,non_plastic,glass,,Microscope slide,Microscope slide
c_35,135,c_35-135,MAYP1114611__134__08136.txt,continuous_spectra,microscope_slide,2025-07-10,4121553.440000002,3733144.8,True,False,True,Microscope slide,non_plastic,glass,,Microscope slide,Microscope slide
c_35,136,c_35-136,MAYP1114611__135__08137.txt,continuous_spectra,microscope_slide,2025-07-10,4665528.559999999,3733144.8,True,False,True,Microscope slide,non_plastic,glass,,Microscope slide,Microscope slide
c_35,137,c_35-137,MAYP1114611__136__08138.txt,continuous_spectra,microscope_slide,2025-07-10,4872213.559999999,3733144.8,True,False,True,Microscope slide,non_plastic,glass,,Microscope slide,Microscope slide
c_35,138,c_35-138,MAYP1114611__137__08139.txt,continuous_spectra,microscope_slide,2025-07-10,5050254.0,3733144.8,True,False,True,Microscope slide,non_plastic,glass,,Microscope slide,Microscope slide
c_35,139,c_35-139,MAYP1114611__138__08140.txt,continuous_spectra,microscope_slide,2025-07-10,4772733.440000001,3733144.8,True,False,True,Microscope slide,non_plastic,glass,,Microscope slide,Microscope slide
c_35,140,c_35-140,MAYP1114611__139__08141.txt,continuous_spectra,microscope_slide,2025-07-10,4008603.440000001,3733144.8,True,False,True,Microscope slide,non_plastic,glass,,Microscope slide,Microscope slide
c_35,148,c_35-148,MAYP1114611__147__08149.txt,continuous_spectra,microscope_slide,2025-07-10,3790412.440000001,3733144.8,True,False,True,Microscope slide,non_plastic,glass,,Microscope slide,Microscope slide
c_35,149,c_35-149,MAYP1114611__148__08150.txt,continuous_spectra,microscope_slide,2025-07-10,3939578.0,3733144.8,True,False,True,Microscope slide,non_plastic,glass,,Microscope slide,Microscope slide
c_35,156,c_35-156,MAYP1114611__155__08157.txt,continuous_spectra,microscope_slide,2025-07-10,3891887.0,3733144.8,True,False,True,Microscope slide,non_plastic,glass,,Microscope slide,Microscope slide
c_35,157,c_35-157,MAYP1114611__156__08158.txt,continuous_spectra,microscope_slide,2025-07-10,3962183.0,3733144.8,True,False,True,Microscope slide,non_plastic,glass,,Microscope slide,Microscope slide
c_35,158,c_35-158,MAYP1114611__157__08159.txt,continuous_spectra,microscope_slide,2025-07-10,4128760.440000002,3733144.8,True,False,True,Microscope slide,non_plastic,glass,,Microscope slide,Microscope slide
c_35,159,c_35-159,MAYP1114611__158__08160.txt,continuous_spectra,microscope_slide,2025-07-10,4531089.0,3733144.8,True,False,True,Microscope slide,non_plastic,glass,,Microscope slide,Microscope slide
c_35,160,c_35-160,MAYP1114611__159__08161.txt,continuous_spectra,microscope_slide,2025-07-10,4388984.559999999,3733144.8,True,False,True,Microscope slide,non_plastic,glass,,Microscope slide,Microscope slide
c_35,161,c_35-161,MAYP1114611__160__08162.txt,continuous_spectra,microscope_slide,2025-07-10,4345633.440000001,3733144.8,True,False,True,Microscope slide,non_plastic,glass,,Microscope slide,Microscope slide
c_35,162,c_35-162,MAYP1114611__161__08163.txt,continuous_spectra,microscope_slide,2025-07-10,3774318.0,3733144.8,True,False,True,Microscope slide,non_plastic,glass,,Microscope slide,Microscope slide
c_35,167,c_35-167,MAYP1114611__166__08168.txt,continuous_spectra,microscope_slide,2025-07-10,3965016.0,3733144.8,True,False,True,Microscope slide,non_plastic,glass,,Microscope slide,Microscope slide
c_35,168,c_35-168,MAYP1114611__167__08169.txt,continuous_spectra,microscope_slide,2025-07-10,4199385.440000001,3733144.8,True,False,True,Microscope slide,non_plastic,glass,,Microscope slide,Microscope slide
c_35,169,c_35-169,MAYP1114611__168__08170.txt,continuous_spectra,microscope_slide,2025-07-10,4523963.440000001,3733144.8,True,False,True,Microscope slide,non_plastic,glass,,Microscope slide,Microscope slide
c_35,170,c_35-170,MAYP1114611__169__08171.txt,continuous_spectra,microscope_slide,2025-07-10,4595014.0,3733144.8,True,False,True,Microscope slide,non_plastic,glass,,Microscope slide,Microscope slide
c_35,171,c_35-171,MAYP1114611__170__08172.txt,continuous_spectra,microscope_slide,2025-07-10,4477090.0,3733144.8,True,False,True,Microscope slide,non_plastic,glass,,Microscope slide,Microscope slide
c_35,172,c_35-172,MAYP1114611__171__08173.txt,continuous_spectra,microscope_slide,2025-07-10,4094699.559999998,3733144.8,True,False,True,Microscope slide,non_plastic,glass,,Microscope slide,Microscope slide
c_35,173,c_35-173,MAYP1114611__172__08174.txt,continuous_spectra,microscope_slide,2025-07-10,3816019.559999999,3733144.8,True,False,True,Microscope slide,non_plastic,glass,,Microscope slide,Microscope slide
c_35,175,c_35-175,MAYP1114611__174__08176.txt,continuous_spectra,microscope_slide,2025-07-10,3742816.0,3733144.8,True,False,True,Microscope slide,non_plastic,glass,,Microscope slide,Microscope slide
c_35,180,c_35-180,MAYP1114611__179__08181.txt,continuous_spectra,microscope_slide,2025-07-10,3843802.559999999,3733144.8,True,False,True,Microscope slide,non_plastic,glass,,Microscope slide,Microscope slide
c_35,181,c_35-181,MAYP1114611__180__08182.txt,continuous_spectra,microscope_slide,2025-07-10,4061499.559999998,3733144.8,True,False,True,Microscope slide,non_plastic,glass,,Microscope slide,Microscope slide
c_35,182,c_35-182,MAYP1114611__181__08183.txt,continuous_spectra,microscope_slide,2025-07-10,3952990.440000001,3733144.8,True,False,True,Microscope slide,non_plastic,glass,,Microscope slide,Microscope slide
c_35,183,c_35-183,MAYP1114611__182__08184.txt,continuous_spectra,microscope_slide,2025-07-10,3788642.440000001,3733144.8,True,False,True,Microscope slide,non_plastic,glass,,Microscope slide,Microscope slide
c_35,216,c_35-216,MAYP1114611__215__08217.txt,continuous_spectra,microscope_slide,2025-07-10,3984872.0,3733144.8,True,False,True,Microscope slide,non_plastic,glass,,Microscope slide,Microscope slide
c_35,217,c_35-217,MAYP1114611__216__08218.txt,continuous_spectra,microscope_slide,2025-07-10,4345111.0,3733144.8,True,False,True,Microscope slide,non_plastic,glass,,Microscope slide,Microscope slide
c_35,218,c_35-218,MAYP1114611__217__08219.txt,continuous_spectra,microscope_slide,2025-07-10,4667230.559999999,3733144.8,True,False,True,Microscope slide,non_plastic,glass,,Microscope slide,Microscope slide
c_35,219,c_35-219,MAYP1114611__218__08220.txt,continuous_spectra,microscope_slide,2025-07-10,4513633.440000001,3733144.8,True,False,True,Microscope slide,non_plastic,glass,,Microscope slide,Microscope slide
c_35,220,c_35-220,MAYP1114611__219__08221.txt,continuous_spectra,microscope_slide,2025-07-10,4799286.440000001,3733144.8,True,False,True,Microscope slide,non_plastic,glass,,Microscope slide,Microscope slide
c_35,221,c_35-221,MAYP1114611__220__08222.txt,continuous_spectra,microscope_slide,2025-07-10,4714548.0,3733144.8,True,False,True,Microscope slide,non_plastic,glass,,Microscope slide,Microscope slide
c_35,222,c_35-222,MAYP1114611__221__08223.txt,continuous_spectra,microscope_slide,2025-07-10,4330471.559999999,3733144.8,True,False,True,Microscope slide,non_plastic,glass,,Microscope slide,Microscope slide
c_35,227,c_35-227,MAYP1114611__226__08228.txt,continuous_spectra,microscope_slide,2025-07-10,3819472.559999999,3733144.8,True,False,True,Microscope slide,non_plastic,glass,,Microscope slide,Microscope slide
c_35,228,c_35-228,MAYP1114611__227__08229.txt,continuous_spectra,microscope_slide,2025-07-10,4050882.559999998,3733144.8,True,False,True,Microscope slide,non_plastic,glass,,Microscope slide,Microscope slide
c_35,229,c_35-229,MAYP1114611__228__08230.txt,continuous_spectra,microscope_slide,2025-07-10,4144250.559999998,3733144.8,True,False,True,Microscope slide,non_plastic,glass,,Microscope slide,Microscope slide
c_35,230,c_35-230,MAYP1114611__229__08231.txt,continuous_spectra,microscope_slide,2025-07-10,4318597.440000001,3733144.8,True,False,True,Microscope slide,non_plastic,glass,,Microscope slide,Microscope slide
c_35,231,c_35-231,MAYP1114611__230__08232.txt,continuous_spectra,microscope_slide,2025-07-10,4199268.440000001,3733144.8,True,False,True,Microscope slide,non_plastic,glass,,Microscope slide,Microscope slide
c_35,232,c_35-232,MAYP1114611__231__08233.txt,continuous_spectra,microscope_slide,2025-07-10,3871657.559999999,3733144.8,True,False,True,Microscope slide,non_plastic,glass,,Microscope slide,Microscope slide
c_35,238,c_35-238,MAYP1114611__237__08239.txt,continuous_spectra,microscope_slide,2025-07-10,3792494.440000001,3733144.8,True,False,True,Microscope slide,non_plastic,glass,,Microscope slide,Microscope slide
c_35,239,c_35-239,MAYP1114611__238__08240.txt,continuous_spectra,microscope_slide,2025-07-10,4150607.440000002,3733144.8,True,False,True,Microscope slide,non_plastic,glass,,Microscope slide,Microscope slide
c_35,240,c_35-240,MAYP1114611__239__08241.txt,continuous_spectra,microscope_slide,2025-07-10,4435241.559999999,3733144.8,True,False,True,Microscope slide,non_plastic,glass,,Microscope slide,Microscope slide
c_35,241,c_35-241,MAYP1114611__240__08242.txt,continuous_spectra,microscope_slide,2025-07-10,4389411.440000001,3733144.8,True,False,True,Microscope slide,non_plastic,glass,,Microscope slide,Microscope slide
c_35,242,c_35-242,MAYP1114611__241__08243.txt,continuous_spectra,microscope_slide,2025-07-10,4180125.440000002,3733144.8,True,False,True,Microscope slide,non_plastic,glass,,Microscope slide,Microscope slide
c_35,243,c_35-243,MAYP1114611__242__08244.txt,continuous_spectra,microscope_slide,2025-07-10,3970437.440000001,3733144.8,True,False,True,Microscope slide,non_plastic,glass,,Microscope slide,Microscope slide
c_35,249,c_35-249,MAYP1114611__248__08250.txt,continuous_spectra,microscope_slide,2025-07-10,4072341.440000002,3733144.8,True,False,True,Microscope slide,non_plastic,glass,,Microscope slide,Microscope slide
c_35,250,c_35-250,MAYP1114611__249__08251.txt,continuous_spectra,microscope_slide,2025-07-10,4518914.0,3733144.8,True,False,True,Microscope slide,non_plastic,glass,,Microscope slide,Microscope slide
c_35,251,c_35-251,MAYP1114611__250__08252.txt,continuous_spectra,microscope_slide,2025-07-10,4812524.559999999,3733144.8,True,False,True,Microscope slide,non_plastic,glass,,Microscope slide,Microscope slide
c_35,252,c_35-252,MAYP1114611__251__08253.txt,continuous_spectra,microscope_slide,2025-07-10,4487788.0,3733144.8,True,False,True,Microscope slide,non_plastic,glass,,Microscope slide,Microscope slide
c_35,253,c_35-253,MAYP1114611__252__08254.txt,continuous_spectra,microscope_slide,2025-07-10,4753781.559999999,3733144.8,True,False,True,Microscope slide,non_plastic,glass,,Microscope slide,Microscope slide
c_35,254,c_35-254,MAYP1114611__253__08255.txt,continuous_spectra,microscope_slide,2025-07-10,4881785.559999999,3733144.8,True,False,True,Microscope slide,non_plastic,glass,,Microscope slide,Microscope slide
c_35,255,c_35-255,MAYP1114611__254__08256.txt,continuous_spectra,microscope_slide,2025-07-10,4135027.0,3733144.8,True,False,True,Microscope slide,non_plastic,glass,,Microscope slide,Microscope slide
c_35,260,c_35-260,MAYP1114611__259__08261.txt,continuous_spectra,microscope_slide,2025-07-10,3924179.0,3733144.8,True,False,True,Microscope slide,non_plastic,glass,,Microscope slide,Microscope slide
c_35,261,c_35-261,MAYP1114611__260__08262.txt,continuous_spectra,microscope_slide,2025-07-10,4522921.559999999,3733144.8,True,False,True,Microscope slide,non_plastic,glass,,Microscope slide,Microscope slide
c_35,262,c_35-262,MAYP1114611__261__08263.txt,continuous_spectra,microscope_slide,2025-07-10,4686368.559999999,3733144.8,True,False,True,Microscope slide,non_plastic,glass,,Microscope slide,Microscope slide
c_35,263,c_35-263,MAYP1114611__262__08264.txt,continuous_spectra,microscope_slide,2025-07-10,5354653.440000001,3733144.8,True,False,True,Microscope slide,non_plastic,glass,,Microscope slide,Microscope slide
c_35,264,c_35-264,MAYP1114611__263__08265.txt,continuous_spectra,microscope_slide,2025-07-10,4589759.440000001,3733144.8,True,False,True,Microscope slide,non_plastic,glass,,Microscope slide,Microscope slide
c_35,265,c_35-265,MAYP1114611__264__08266.txt,continuous_spectra,microscope_slide,2025-07-10,4119425.0,3733144.8,True,False,True,Microscope slide,non_plastic,glass,,Microscope slide,Microscope slide
c_35,266,c_35-266,MAYP1114611__265__08267.txt,continuous_spectra,microscope_slide,2025-07-10,3734035.0,3733144.8,True,False,True,Microscope slide,non_plastic,glass,,Microscope slide,Microscope slide
c_35,271,c_35-271,MAYP1114611__270__08272.txt,continuous_spectra,microscope_slide,2025-07-10,3949257.440000001,3733144.8,True,False,True,Microscope slide,non_plastic,glass,,Microscope slide,Microscope slide
c_35,272,c_35-272,MAYP1114611__271__08273.txt,continuous_spectra,microscope_slide,2025-07-10,4278280.559999999,3733144.8,True,False,True,Microscope slide,non_plastic,glass,,Microscope slide,Microscope slide
c_35,273,c_35-273,MAYP1114611__272__08274.txt,continuous_spectra,microscope_slide,2025-07-10,4270672.559999999,3733144.8,True,False,True,Microscope slide,non_plastic,glass,,Microscope slide,Microscope slide
c_35,274,c_35-274,MAYP1114611__273__08275.txt,continuous_spectra,microscope_slide,2025-07-10,4396522.0,3733144.8,True,False,True,Microscope slide,non_plastic,glass,,Microscope slide,Microscope slide
c_35,275,c_35-275,MAYP1114611__274__08276.txt,continuous_spectra,microscope_slide,2025-07-10,4136662.0,3733144.8,True,False,True,Microscope slide,non_plastic,glass,,Microscope slide,Microscope slide
c_35,276,c_35-276,MAYP1114611__275__08277.txt,continuous_spectra,microscope_slide,2025-07-10,3974851.0,3733144.8,True,False,True,Microscope slide,non_plastic,glass,,Microscope slide,Microscope slide
c_36,24,c_36-024,MAYP1114611__23__08325.txt,continuous_spectra,microscope_slide,2025-07-10,4034436.440000001,3758184.6120000007,True,False,True,Microscope slide,non_plastic,glass,,Microscope slide,Microscope slide
c_36,25,c_36-025,MAYP1114611__24__08326.txt,continuous_spectra,microscope_slide,2025-07-10,4205890.0,3758184.6120000007,True,False,True,Microscope slide,non_plastic,glass,,Microscope slide,Microscope slide
c_36,26,c_36-026,MAYP1114611__25__08327.txt,continuous_spectra,microscope_slide,2025-07-10,4419356.440000001,3758184.6120000007,True,False,True,Microscope slide,non_plastic,glass,,Microscope slide,Microscope slide
c_36,27,c_36-027,MAYP1114611__26__08328.txt,continuous_spectra,microscope_slide,2025-07-10,4305528.0,3758184.6120000007,True,False,True,Microscope slide,non_plastic,glass,,Microscope slide,Microscope slide
c_36,28,c_36-028,MAYP1114611__27__08329.txt,continuous_spectra,microscope_slide,2025-07-10,4184217.559999998,3758184.6120000007,True,False,True,Microscope slide,non_plastic,glass,,Microscope slide,Microscope slide
c_36,29,c_36-029,MAYP1114611__28__08330.txt,continuous_spectra,microscope_slide,2025-07-10,3936210.0,3758184.6120000007,True,False,True,Microscope slide,non_plastic,glass,,Microscope slide,Microscope slide
c_36,34,c_36-034,MAYP1114611__33__08335.txt,continuous_spectra,microscope_slide,2025-07-10,3791077.559999999,3758184.6120000007,True,False,True,Microscope slide,non_plastic,glass,,Microscope slide,Microscope slide
c_36,35,c_36-035,MAYP1114611__34__08336.txt,continuous_spectra,microscope_slide,2025-07-10,4201496.559999999,3758184.6120000007,True,False,True,Microscope slide,non_plastic,glass,,Microscope slide,Microscope slide
c_36,36,c_36-036,MAYP1114611__35__08337.txt,continuous_spectra,microscope_slide,2025-07-10,4851794.440000001,3758184.6120000007,True,False,True,Microscope slide,non_plastic,glass,,Microscope slide,Microscope slide
c_36,37,c_36-037,MAYP1114611__36__08338.txt,continuous_spectra,microscope_slide,2025-07-10,5276264.0,3758184.6120000007,True,False,True,Microscope slide,non_plastic,glass,,Microscope slide,Microscope slide
c_36,38,c_36-038,MAYP1114611__37__08339.txt,continuous_spectra,microscope_slide,2025-07-10,4799793.0,3758184.6120000007,True,False,True,Microscope slide,non_plastic,glass,,Microscope slide,Microscope slide
c_36,39,c_36-039,MAYP1114611__38__08340.txt,continuous_spectra,microscope_slide,2025-07-10,4512055.0,3758184.6120000007,True,False,True,Microscope slide,non_plastic,glass,,Microscope slide,Microscope slide
c_36,40,c_36-040,MAYP1114611__39__08341.txt,continuous_spectra,microscope_slide,2025-07-10,4031042.440000002,3758184.6120000007,True,False,True,Microscope slide,non_plastic,glass,,Microscope slide,Microscope slide
c_36,45,c_36-045,MAYP1114611__44__08346.txt,continuous_spectra,microscope_slide,2025-07-10,4333923.0,3758184.6120000007,True,False,True,Microscope slide,non_plastic,glass,,Microscope slide,Microscope slide
c_36,46,c_36-046,MAYP1114611__45__08347.txt,continuous_spectra,microscope_slide,2025-07-10,4909475.440000001,3758184.6120000007,True,False,True,Microscope slide,non_plastic,glass,,Microscope slide,Microscope slide
c_36,47,c_36-047,MAYP1114611__46__08348.txt,continuous_spectra,microscope_slide,2025-07-10,4779001.0,3758184.6120000007,True,False,True,Microscope slide,non_plastic,glass,,Microscope slide,Microscope slide
c_36,48,c_36-048,MAYP1114611__47__08349.txt,continuous_spectra,microscope_slide,2025-07-10,4644539.0,3758184.6120000007,True,False,True,Microscope slide,non_plastic,glass,,Microscope slide,Microscope slide
c_36,49,c_36-049,MAYP1114611__48__08350.txt,continuous_spectra,microscope_slide,2025-07-10,4685729.440000001,3758184.6120000007,True,False,True,Microscope slide,non_plastic,glass,,Microscope slide,Microscope slide
c_36,50,c_36-050,MAYP1114611__49__08351.txt,continuous_spectra,microscope_slide,2025-07-10,4449863.0,3758184.6120000007,True,False,True,Microscope slide,non_plastic,glass,,Microscope slide,Microscope slide
c_36,51,c_36-051,MAYP1114611__50__08352.txt,continuous_spectra,microscope_slide,2025-07-10,3985208.440000002,3758184.6120000007,True,False,True,Microscope slide,non_plastic,glass,,Microscope slide,Microscope slide
c_36,54,c_36-054,MAYP1114611__53__08355.txt,continuous_spectra,microscope_slide,2025-07-10,3759308.559999999,3758184.6120000007,True,False,True,Microscope slide,non_plastic,glass,,Microscope slide,Microscope slide
c_36,57,c_36-057,MAYP1114611__56__08358.txt,continuous_spectra,microscope_slide,2025-07-10,3975112.440000001,3758184.6120000007,True,False,True,Microscope slide,non_plastic,glass,,Microscope slide,Microscope slide
c_36,58,c_36-058,MAYP1114611__57__08359.txt,continuous_spectra,microscope_slide,2025-07-10,4252763.0,3758184.6120000007,True,False,True,Microscope slide,non_plastic,glass,,Microscope slide,Microscope slide
c_36,59,c_36-059,MAYP1114611__58__08360.txt,continuous_spectra,microscope_slide,2025-07-10,4433620.0,3758184.6120000007,True,False,True,Microscope slide,non_plastic,glass,,Microscope slide,Microscope slide
c_36,60,c_36-060,MAYP1114611__59__08361.txt,continuous_spectra,microscope_slide,2025-07-10,4448980.0,3758184.6120000007,True,False,True,Microscope slide,non_plastic,glass,,Microscope slide,Microscope slide
c_36,61,c_36-061,MAYP1114611__60__08362.txt,continuous_spectra,microscope_slide,2025-07-10,4095954.559999998,3758184.6120000007,True,False,True,Microscope slide,non_plastic,glass,,Microscope slide,Microscope slide
c_36,62,c_36-062,MAYP1114611__61__08363.txt,continuous_spectra,microscope_slide,2025-07-10,3782579.440000001,3758184.6120000007,True,False,True,Microscope slide,non_plastic,glass,,Microscope slide,Microscope slide
c_36,67,c_36-067,MAYP1114611__66__08368.txt,continuous_spectra,microscope_slide,2025-07-10,3794382.559999998,3758184.6120000007,True,False,True,Microscope slide,non_plastic,glass,,Microscope slide,Microscope slide
c_36,68,c_36-068,MAYP1114611__67__08369.txt,continuous_spectra,microscope_slide,2025-07-10,4002951.440000002,3758184.6120000007,True,False,True,Microscope slide,non_plastic,glass,,Microscope slide,Microscope slide
c_36,69,c_36-069,MAYP1114611__68__08370.txt,continuous_spectra,microscope_slide,2025-07-10,4236507.0,3758184.6120000007,True,False,True,Microscope slide,non_plastic,glass,,Microscope slide,Microscope slide
c_36,70,c_36-070,MAYP1114611__69__08371.txt,continuous_spectra,microscope_slide,2025-07-10,4286911.0,3758184.6120000007,True,False,True,Microscope slide,non_plastic,glass,,Microscope slide,Microscope slide
c_36,71,c_36-071,MAYP1114611__70__08372.txt,continuous_spectra,microscope_slide,2025-07-10,4094773.0,3758184.6120000007,True,False,True,Microscope slide,non_plastic,glass,,Microscope slide,Microscope slide
c_36,72,c_36-072,MAYP1114611__71__08373.txt,continuous_spectra,microscope_slide,2025-07-10,3953781.559999999,3758184.6120000007,True,False,True,Microscope slide,non_plastic,glass,,Microscope slide,Microscope slide
c_36,73,c_36-073,MAYP1114611__72__08374.txt,continuous_spectra,microscope_slide,2025-07-10,3904335.440000002,3758184.6120000007,True,False,True,Microscope slide,non_plastic,glass,,Microscope slide,Microscope slide
c_36,77,c_36-077,MAYP1114611__76__08378.txt,continuous_spectra,microscope_slide,2025-07-10,3873351.559999998,3758184.6120000007,True,False,True,Microscope slide,non_plastic,glass,,Microscope slide,Microscope slide
c_36,78,c_36-078,MAYP1114611__77__08379.txt,continuous_spectra,microscope_slide,2025-07-10,4351719.440000001,3758184.6120000007,True,False,True,Microscope slide,non_plastic,glass,,Microscope slide,Microscope slide
c_36,79,c_36-079,MAYP1114611__78__08380.txt,continuous_spectra,microscope_slide,2025-07-10,4797336.440000001,3758184.6120000007,True,False,True,Microscope slide,non_plastic,glass,,Microscope slide,Microscope slide
c_36,80,c_36-080,MAYP1114611__79__08381.txt,continuous_spectra,microscope_slide,2025-07-10,4736680.440000001,3758184.6120000007,True,False,True,Microscope slide,non_plastic,glass,,Microscope slide,Microscope slide
c_36,81,c_36-081,MAYP1114611__80__08382.txt,continuous_spectra,microscope_slide,2025-07-10,4577983.559999999,3758184.6120000007,True,False,True,Microscope slide,non_plastic,glass,,Microscope slide,Microscope slide
c_36,82,c_36-082,MAYP1114611__81__08383.txt,continuous_spectra,microscope_slide,2025-07-10,4620542.559999999,3758184.6120000007,True,False,True,Microscope slide,non_plastic,glass,,Microscope slide,Microscope slide
c_36,83,c_36-083,MAYP1114611__82__08384.txt,continuous_spectra,microscope_slide,2025-07-10,4337055.440000001,3758184.6120000007,True,False,True,Microscope slide,non_plastic,glass,,Microscope slide,Microscope slide
c_36,84,c_36-084,MAYP1114611__83__08385.txt,continuous_spectra,microscope_slide,2025-07-10,3936668.0,3758184.6120000007,True,False,True,Microscope slide,non_plastic,glass,,Microscope slide,Microscope slide
c_36,117,c_36-117,MAYP1114611__116__08418.txt,continuous_spectra,microscope_slide,2025-07-10,3784264.0,3758184.6120000007,True,False,True,Microscope slide,non_plastic,glass,,Microscope slide,Microscope slide
c_36,118,c_36-118,MAYP1114611__117__08419.txt,continuous_spectra,microscope_slide,2025-07-10,3963933.559999999,3758184.6120000007,True,False,True,Microscope slide,non_plastic,glass,,Microscope slide,Microscope slide
c_36,119,c_36-119,MAYP1114611__118__08420.txt,continuous_spectra,microscope_slide,2025-07-10,4066571.440000002,3758184.6120000007,True,False,True,Microscope slide,non_plastic,glass,,Microscope slide,Microscope slide
c_36,127,c_36-127,MAYP1114611__126__08428.txt,continuous_spectra,microscope_slide,2025-07-10,3875661.440000001,3758184.6120000007,True,False,True,Microscope slide,non_plastic,glass,,Microscope slide,Microscope slide
c_36,128,c_36-128,MAYP1114611__127__08429.txt,continuous_spectra,microscope_slide,2025-07-10,4151255.0,3758184.6120000007,True,False,True,Microscope slide,non_plastic,glass,,Microscope slide,Microscope slide
c_36,129,c_36-129,MAYP1114611__128__08430.txt,continuous_spectra,microscope_slide,2025-07-10,4545160.0,3758184.6120000007,True,False,True,Microscope slide,non_plastic,glass,,Microscope slide,Microscope slide
c_36,130,c_36-130,MAYP1114611__129__08431.txt,continuous_spectra,microscope_slide,2025-07-10,4648861.559999999,3758184.6120000007,True,False,True,Microscope slide,non_plastic,glass,,Microscope slide,Microscope slide
c_36,131,c_36-131,MAYP1114611__130__08432.txt,continuous_spectra,microscope_slide,2025-07-10,4451480.440000001,3758184.6120000007,True,False,True,Microscope slide,non_plastic,glass,,Microscope slide,Microscope slide
c_36,132,c_36-132,MAYP1114611__131__08433.txt,continuous_spectra,microscope_slide,2025-07-10,4145563.440000002,3758184.6120000007,True,False,True,Microscope slide,non_plastic,glass,,Microscope slide,Microscope slide
c_36,133,c_36-133,MAYP1114611__132__08434.txt,continuous_spectra,microscope_slide,2025-07-10,3826077.440000001,3758184.6120000007,True,False,True,Microscope slide,non_plastic,glass,,Microscope slide,Microscope slide
c_36,138,c_36-138,MAYP1114611__137__08439.txt,continuous_spectra,microscope_slide,2025-07-10,3935661.0,3758184.6120000007,True,False,True,Microscope slide,non_plastic,glass,,Microscope slide,Microscope slide
c_36,139,c_36-139,MAYP1114611__138__08440.txt,continuous_spectra,microscope_slide,2025-07-10,4423974.559999999,3758184.6120000007,True,False,True,Microscope slide,non_plastic,glass,,Microscope slide,Microscope slide
c_36,140,c_36-140,MAYP1114611__139__08441.txt,continuous_spectra,microscope_slide,2025-07-10,4413609.440000001,3758184.6120000007,True,False,True,Microscope slide,non_plastic,glass,,Microscope slide,Microscope slide
c_36,141,c_36-141,MAYP1114611__140__08442.txt,continuous_spectra,microscope_slide,2025-07-10,4536946.440000001,3758184.6120000007,True,False,True,Microscope slide,non_plastic,glass,,Microscope slide,Microscope slide
c_36,142,c_36-142,MAYP1114611__141__08443.txt,continuous_spectra,microscope_slide,2025-07-10,4140975.440000002,3758184.6120000007,True,False,True,Microscope slide,non_plastic,glass,,Microscope slide,Microscope slide
c_36,143,c_36-143,MAYP1114611__142__08444.txt,continuous_spectra,microscope_slide,2025-07-10,3942432.559999998,3758184.6120000007,True,False,True,Microscope slide,non_plastic,glass,,Microscope slide,Microscope slide
c_36,150,c_36-150,MAYP1114611__149__08451.txt,continuous_spectra,microscope_slide,2025-07-10,3798244.0,3758184.6120000007,True,False,True,Microscope slide,non_plastic,glass,,Microscope slide,Microscope slide
c_36,151,c_36-151,MAYP1114611__150__08452.txt,continuous_spectra,microscope_slide,2025-07-10,3832930.559999999,3758184.6120000007,True,False,True,Microscope slide,non_plastic,glass,,Microscope slide,Microscope slide
c_36,160,c_36-160,MAYP1114611__159__08461.txt,continuous_spectra,microscope_slide,2025-07-10,4137547.440000002,3758184.6120000007,True,False,True,Microscope slide,non_plastic,glass,,Microscope slide,Microscope slide
c_36,161,c_36-161,MAYP1114611__160__08462.txt,continuous_spectra,microscope_slide,2025-07-10,4956277.440000001,3758184.6120000007,True,False,True,Microscope slide,non_plastic,glass,,Microscope slide,Microscope slide
c_36,162,c_36-162,MAYP1114611__161__08463.txt,continuous_spectra,microscope_slide,2025-07-10,4968923.440000001,3758184.6120000007,True,False,True,Microscope slide,non_plastic,glass,,Microscope slide,Microscope slide
c_36,163,c_36-163,MAYP1114611__162__08464.txt,continuous_spectra,microscope_slide,2025-07-10,4950984.440000001,3758184.6120000007,True,False,True,Microscope slide,non_plastic,glass,,Microscope slide,Microscope slide
c_36,164,c_36-164,MAYP1114611__163__08465.txt,continuous_spectra,microscope_slide,2025-07-10,4712558.0,3758184.6120000007,True,False,True,Microscope slide,non_plastic,glass,,Microscope slide,Microscope slide
c_36,165,c_36-165,MAYP1114611__164__08466.txt,continuous_spectra,microscope_slide,2025-07-10,4097689.0,3758184.6120000007,True,False,True,Microscope slide,non_plastic,glass,,Microscope slide,Microscope slide
c_36,166,c_36-166,MAYP1114611__165__08467.txt,continuous_spectra,microscope_slide,2025-07-10,3823868.559999999,3758184.6120000007,True,False,True,Microscope slide,non_plastic,glass,,Microscope slide,Microscope slide
c_36,172,c_36-172,MAYP1114611__171__08473.txt,continuous_spectra,microscope_slide,2025-07-10,4122502.559999998,3758184.6120000007,True,False,True,Microscope slide,non_plastic,glass,,Microscope slide,Microscope slide
c_36,173,c_36-173,MAYP1114611__172__08474.txt,continuous_spectra,microscope_slide,2025-07-10,4261046.440000001,3758184.6120000007,True,False,True,Microscope slide,non_plastic,glass,,Microscope slide,Microscope slide
c_36,174,c_36-174,MAYP1114611__173__08475.txt,continuous_spectra,microscope_slide,2025-07-10,4142057.440000002,3758184.6120000007,True,False,True,Microscope slide,non_plastic,glass,,Microscope slide,Microscope slide
c_36,219,c_36-219,MAYP1114611__218__08520.txt,continuous_spectra,microscope_slide,2025-07-10,3838102.0,3758184.6120000007,True,False,True,Microscope slide,non_plastic,glass,,Microscope slide,Microscope slide
c_36,220,c_36-220,MAYP1114611__219__08521.txt,continuous_spectra,microscope_slide,2025-07-10,4590122.440000001,3758184.6120000007,True,False,True,Microscope slide,non_plastic,glass,,Microscope slide,Microscope slide
c_36,221,c_36-221,MAYP1114611__220__08522.txt,continuous_spectra,microscope_slide,2025-07-10,4794950.0,3758184.6120000007,True,False,True,Microscope slide,non_plastic,glass,,Microscope slide,Microscope slide
c_36,222,c_36-222,MAYP1114611__221__08523.txt,continuous_spectra,microscope_slide,2025-07-10,4918373.440000001,3758184.6120000007,True,False,True,Microscope slide,non_plastic,glass,,Microscope slide,Microscope slide
c_36,223,c_36-223,MAYP1114611__222__08524.txt,continuous_spectra,microscope_slide,2025-07-10,4738857.0,3758184.6120000007,True,False,True,Microscope slide,non_plastic,glass,,Microscope slide,Microscope slide
c_36,224,c_36-224,MAYP1114611__223__08525.txt,continuous_spectra,microscope_slide,2025-07-10,4206302.559999999,3758184.6120000007,True,False,True,Microscope slide,non_plastic,glass,,Microscope slide,Microscope slide
c_36,240,c_36-240,MAYP1114611__239__08541.txt,continuous_spectra,microscope_slide,2025-07-10,4040322.440000001,3758184.6120000007,True,False,True,Microscope slide,non_plastic,glass,,Microscope slide,Microscope slide
c_36,241,c_36-241,MAYP1114611__240__08542.txt,continuous_spectra,microscope_slide,2025-07-10,4985095.0,3758184.6120000007,True,False,True,Microscope slide,non_plastic,glass,,Microscope slide,Microscope slide
c_36,242,c_36-242,MAYP1114611__241__08543.txt,continuous_spectra,microscope_slide,2025-07-10,5098012.440000001,3758184.6120000007,True,False,True,Microscope slide,non_plastic,glass,,Microscope slide,Microscope slide
c_36,243,c_36-243,MAYP1114611__242__08544.txt,continuous_spectra,microscope_slide,2025-07-10,5155790.440000001,3758184.6120000007,True,False,True,Microscope slide,non_plastic,glass,,Microscope slide,Microscope slide
c_36,244,c_36-244,MAYP1114611__243__08545.txt,continuous_spectra,microscope_slide,2025-07-10,4834602.559999999,3758184.6120000007,True,False,True,Microscope slide,non_plastic,glass,,Microscope slide,Microscope slide
c_36,245,c_36-245,MAYP1114611__244__08546.txt,continuous_spectra,microscope_slide,2025-07-10,5385209.0,3758184.6120000007,True,False,True,Microscope slide,non_plastic,glass,,Microscope slide,Microscope slide
c_36,246,c_36-246,MAYP1114611__245__08547.txt,continuous_spectra,microscope_slide,2025-07-10,4621757.440000001,3758184.6120000007,True,False,True,Microscope slide,non_plastic,glass,,Microscope slide,Microscope slide
c_36,252,c_36-252,MAYP1114611__251__08553.txt,continuous_spectra,microscope_slide,2025-07-10,4280992.0,3758184.6120000007,True,False,True,Microscope slide,non_plastic,glass,,Microscope slide,Microscope slide
c_36,253,c_36-253,MAYP1114611__252__08554.txt,continuous_spectra,microscope_slide,2025-07-10,5086422.0,3758184.6120000007,True,False,True,Microscope slide,non_plastic,glass,,Microscope slide,Microscope slide
c_36,254,c_36-254,MAYP1114611__253__08555.txt,continuous_spectra,microscope_slide,2025-07-10,4964641.0,3758184.6120000007,True,False,True,Microscope slide,non_plastic,glass,,Microscope slide,Microscope slide
c_36,255,c_36-255,MAYP1114611__254__08556.txt,continuous_spectra,microscope_slide,2025-07-10,5058163.440000001,3758184.6120000007,True,False,True,Microscope slide,non_plastic,glass,,Microscope slide,Microscope slide
c_36,256,c_36-256,MAYP1114611__255__08557.txt,continuous_spectra,microscope_slide,2025-07-10,4282574.559999999,3758184.6120000007,True,False,True,Microscope slide,non_plastic,glass,,Microscope slide,Microscope slide
c_36,263,c_36-263,MAYP1114611__262__08564.txt,continuous_spectra,microscope_slide,2025-07-10,3915485.440000002,3758184.6120000007,True,False,True,Microscope slide,non_plastic,glass,,Microscope slide,Microscope slide
c_36,264,c_36-264,MAYP1114611__263__08565.txt,continuous_spectra,microscope_slide,2025-07-10,4301638.0,3758184.6120000007,True,False,True,Microscope slide,non_plastic,glass,,Microscope slide,Microscope slide
c_36,265,c_36-265,MAYP1114611__264__08566.txt,continuous_spectra,microscope_slide,2025-07-10,4930375.559999999,3758184.6120000007,True,False,True,Microscope slide,non_plastic,glass,,Microscope slide,Microscope slide
c_36,266,c_36-266,MAYP1114611__265__08567.txt,continuous_spectra,microscope_slide,2025-07-10,5016680.440000001,3758184.6120000007,True,False,True,Microscope slide,non_plastic,glass,,Microscope slide,Microscope slide
c_36,267,c_36-267,MAYP1114611__266__08568.txt,continuous_spectra,microscope_slide,2025-07-10,4731450.440000001,3758184.6120000007,True,False,True,Microscope slide,non_plastic,glass,,Microscope slide,Microscope slide
c_36,268,c_36-268,MAYP1114611__267__08569.txt,continuous_spectra,microscope_slide,2025-07-10,3982455.559999999,3758184.6120000007,True,False,True,Microscope slide,non_plastic,glass,,Microscope slide,Microscope slide
c_37,33,c_37-033,MAYP1114611__32__08634.txt,continuous_spectra,microscope_slide,2025-07-10,4568847.440000001,3750567.912000001,True,False,True,Microscope slide,non_plastic,glass,,Microscope slide,Microscope slide
c_37,34,c_37-034,MAYP1114611__33__08635.txt,continuous_spectra,microscope_slide,2025-07-10,4869918.440000001,3750567.912000001,True,False,True,Microscope slide,non_plastic,glass,,Microscope slide,Microscope slide
c_37,35,c_37-035,MAYP1114611__34__08636.txt,continuous_spectra,microscope_slide,2025-07-10,5056721.0,3750567.912000001,True,False,True,Microscope slide,non_plastic,glass,,Microscope slide,Microscope slide
c_37,36,c_37-036,MAYP1114611__35__08637.txt,continuous_spectra,microscope_slide,2025-07-10,4529132.0,3750567.912000001,True,False,True,Microscope slide,non_plastic,glass,,Microscope slide,Microscope slide
c_37,37,c_37-037,MAYP1114611__36__08638.txt,continuous_spectra,microscope_slide,2025-07-10,4337443.0,3750567.912000001,True,False,True,Microscope slide,non_plastic,glass,,Microscope slide,Microscope slide
c_37,44,c_37-044,MAYP1114611__43__08645.txt,continuous_spectra,microscope_slide,2025-07-10,3974516.559999999,3750567.912000001,True,False,True,Microscope slide,non_plastic,glass,,Microscope slide,Microscope slide
c_37,45,c_37-045,MAYP1114611__44__08646.txt,continuous_spectra,microscope_slide,2025-07-10,4895748.559999999,3750567.912000001,True,False,True,Microscope slide,non_plastic,glass,,Microscope slide,Microscope slide
c_37,46,c_37-046,MAYP1114611__45__08647.txt,continuous_spectra,microscope_slide,2025-07-10,4913908.440000001,3750567.912000001,True,False,True,Microscope slide,non_plastic,glass,,Microscope slide,Microscope slide
c_37,47,c_37-047,MAYP1114611__46__08648.txt,continuous_spectra,microscope_slide,2025-07-10,5106861.559999999,3750567.912000001,True,False,True,Microscope slide,non_plastic,glass,,Microscope slide,Microscope slide
c_37,48,c_37-048,MAYP1114611__47__08649.txt,continuous_spectra,microscope_slide,2025-07-10,4688310.0,3750567.912000001,True,False,True,Microscope slide,non_plastic,glass,,Microscope slide,Microscope slide
c_37,54,c_37-054,MAYP1114611__53__08655.txt,continuous_spectra,microscope_slide,2025-07-10,4094716.0,3750567.912000001,True,False,True,Microscope slide,non_plastic,glass,,Microscope slide,Microscope slide
c_37,55,c_37-055,MAYP1114611__54__08656.txt,continuous_spectra,microscope_slide,2025-07-10,5086648.440000001,3750567.912000001,True,False,True,Microscope slide,non_plastic,glass,,Microscope slide,Microscope slide
c_37,56,c_37-056,MAYP1114611__55__08657.txt,continuous_spectra,microscope_slide,2025-07-10,5090034.440000001,3750567.912000001,True,False,True,Microscope slide,non_plastic,glass,,Microscope slide,Microscope slide
c_37,57,c_37-057,MAYP1114611__56__08658.txt,continuous_spectra,microscope_slide,2025-07-10,4981687.440000001,3750567.912000001,True,False,True,Microscope slide,non_plastic,glass,,Microscope slide,Microscope slide
c_37,58,c_37-058,MAYP1114611__57__08659.txt,continuous_spectra,microscope_slide,2025-07-10,5110943.440000001,3750567.912000001,True,False,True,Microscope slide,non_plastic,glass,,Microscope slide,Microscope slide
c_37,59,c_37-059,MAYP1114611__58__08660.txt,continuous_spectra,microscope_slide,2025-07-10,5218880.440000001,3750567.912000001,True,False,True,Microscope slide,non_plastic,glass,,Microscope slide,Microscope slide
c_37,60,c_37-060,MAYP1114611__59__08661.txt,continuous_spectra,microscope_slide,2025-07-10,4506844.0,3750567.912000001,True,False,True,Microscope slide,non_plastic,glass,,Microscope slide,Microscope slide
c_37,76,c_37-076,MAYP1114611__75__08677.txt,continuous_spectra,microscope_slide,2025-07-10,3811174.0,3750567.912000001,True,False,True,Microscope slide,non_plastic,glass,,Microscope slide,Microscope slide
c_37,77,c_37-077,MAYP1114611__76__08678.txt,continuous_spectra,microscope_slide,2025-07-10,4672332.0,3750567.912000001,True,False,True,Microscope slide,non_plastic,glass,,Microscope slide,Microscope slide
c_37,78,c_37-078,MAYP1114611__77__08679.txt,continuous_spectra,microscope_slide,2025-07-10,4625864.559999999,3750567.912000001,True,False,True,Microscope slide,non_plastic,glass,,Microscope slide,Microscope slide
c_37,79,c_37-079,MAYP1114611__78__08680.txt,continuous_spectra,microscope_slide,2025-07-10,4960950.440000001,3750567.912000001,True,False,True,Microscope slide,non_plastic,glass,,Microscope slide,Microscope slide
c_37,80,c_37-080,MAYP1114611__79__08681.txt,continuous_spectra,microscope_slide,2025-07-10,4689114.559999999,3750567.912000001,True,False,True,Microscope slide,non_plastic,glass,,Microscope slide,Microscope slide
c_37,81,c_37-081,MAYP1114611__80__08682.txt,continuous_spectra,microscope_slide,2025-07-10,4018875.0,3750567.912000001,True,False,True,Microscope slide,non_plastic,glass,,Microscope slide,Microscope slide
c_37,126,c_37-126,MAYP1114611__125__08727.txt,continuous_spectra,microscope_slide,2025-07-10,3965537.0,3750567.912000001,True,False,True,Microscope slide,non_plastic,glass,,Microscope slide,Microscope slide
c_37,127,c_37-127,MAYP1114611__126__08728.txt,continuous_spectra,microscope_slide,2025-07-10,4181742.559999998,3750567.912000001,True,False,True,Microscope slide,non_plastic,glass,,Microscope slide,Microscope slide
c_37,128,c_37-128,MAYP1114611__127__08729.txt,continuous_spectra,microscope_slide,2025-07-10,4214026.440000001,3750567.912000001,True,False,True,Microscope slide,non_plastic,glass,,Microscope slide,Microscope slide
c_37,129,c_37-129,MAYP1114611__128__08730.txt,continuous_spectra,microscope_slide,2025-07-10,3915647.440000002,3750567.912000001,True,False,True,Microscope slide,non_plastic,glass,,Microscope slide,Microscope slide
c_37,135,c_37-135,MAYP1114611__134__08736.txt,continuous_spectra,microscope_slide,2025-07-10,3890455.0,3750567.912000001,True,False,True,Microscope slide,non_plastic,glass,,Microscope slide,Microscope slide
c_37,136,c_37-136,MAYP1114611__135__08737.txt,continuous_spectra,microscope_slide,2025-07-10,4435355.559999999,3750567.912000001,True,False,True,Microscope slide,non_plastic,glass,,Microscope slide,Microscope slide
c_37,137,c_37-137,MAYP1114611__136__08738.txt,continuous_spectra,microscope_slide,2025-07-10,4945777.440000001,3750567.912000001,True,False,True,Microscope slide,non_plastic,glass,,Microscope slide,Microscope slide
c_37,138,c_37-138,MAYP1114611__137__08739.txt,continuous_spectra,microscope_slide,2025-07-10,4818559.559999999,3750567.912000001,True,False,True,Microscope slide,non_plastic,glass,,Microscope slide,Microscope slide
c_37,139,c_37-139,MAYP1114611__138__08740.txt,continuous_spectra,microscope_slide,2025-07-10,5000173.0,3750567.912000001,True,False,True,Microscope slide,non_plastic,glass,,Microscope slide,Microscope slide
c_37,140,c_37-140,MAYP1114611__139__08741.txt,continuous_spectra,microscope_slide,2025-07-10,4432616.559999999,3750567.912000001,True,False,True,Microscope slide,non_plastic,glass,,Microscope slide,Microscope slide
c_37,141,c_37-141,MAYP1114611__140__08742.txt,continuous_spectra,microscope_slide,2025-07-10,3821697.440000001,3750567.912000001,True,False,True,Microscope slide,non_plastic,glass,,Microscope slide,Microscope slide
c_37,148,c_37-148,MAYP1114611__147__08749.txt,continuous_spectra,microscope_slide,2025-07-10,3772366.440000001,3750567.912000001,True,False,True,Microscope slide,non_plastic,glass,,Microscope slide,Microscope slide
c_37,149,c_37-149,MAYP1114611__148__08750.txt,continuous_spectra,microscope_slide,2025-07-10,3794507.559999999,3750567.912000001,True,False,True,Microscope slide,non_plastic,glass,,Microscope slide,Microscope slide
c_37,150,c_37-150,MAYP1114611__149__08751.txt,continuous_spectra,microscope_slide,2025-07-10,3802417.440000001,3750567.912000001,True,False,True,Microscope slide,non_plastic,glass,,Microscope slide,Microscope slide
c_37,157,c_37-157,MAYP1114611__156__08758.txt,continuous_spectra,microscope_slide,2025-07-10,3869427.440000001,3750567.912000001,True,False,True,Microscope slide,non_plastic,glass,,Microscope slide,Microscope slide
c_37,158,c_37-158,MAYP1114611__157__08759.txt,continuous_spectra,microscope_slide,2025-07-10,4153192.440000002,3750567.912000001,True,False,True,Microscope slide,non_plastic,glass,,Microscope slide,Microscope slide
c_37,159,c_37-159,MAYP1114611__158__08760.txt,continuous_spectra,microscope_slide,2025-07-10,4463981.0,3750567.912000001,True,False,True,Microscope slide,non_plastic,glass,,Microscope slide,Microscope slide
c_37,160,c_37-160,MAYP1114611__159__08761.txt,continuous_spectra,microscope_slide,2025-07-10,4342224.559999999,3750567.912000001,True,False,True,Microscope slide,non_plastic,glass,,Microscope slide,Microscope slide
c_37,161,c_37-161,MAYP1114611__160__08762.txt,continuous_spectra,microscope_slide,2025-07-10,4274360.559999999,3750567.912000001,True,False,True,Microscope slide,non_plastic,glass,,Microscope slide,Microscope slide
c_37,162,c_37-162,MAYP1114611__161__08763.txt,continuous_spectra,microscope_slide,2025-07-10,4209882.559999999,3750567.912000001,True,False,True,Microscope slide,non_plastic,glass,,Microscope slide,Microscope slide
c_37,168,c_37-168,MAYP1114611__167__08769.txt,continuous_spectra,microscope_slide,2025-07-10,4059701.0,3750567.912000001,True,False,True,Microscope slide,non_plastic,glass,,Microscope slide,Microscope slide
c_37,169,c_37-169,MAYP1114611__168__08770.txt,continuous_spectra,microscope_slide,2025-07-10,4379306.0,3750567.912000001,True,False,True,Microscope slide,non_plastic,glass,,Microscope slide,Microscope slide
c_37,170,c_37-170,MAYP1114611__169__08771.txt,continuous_spectra,microscope_slide,2025-07-10,4639558.0,3750567.912000001,True,False,True,Microscope slide,non_plastic,glass,,Microscope slide,Microscope slide
c_37,171,c_37-171,MAYP1114611__170__08772.txt,continuous_spectra,microscope_slide,2025-07-10,4707808.559999999,3750567.912000001,True,False,True,Microscope slide,non_plastic,glass,,Microscope slide,Microscope slide
c_37,172,c_37-172,MAYP1114611__171__08773.txt,continuous_spectra,microscope_slide,2025-07-10,4324318.0,3750567.912000001,True,False,True,Microscope slide,non_plastic,glass,,Microscope slide,Microscope slide
c_37,173,c_37-173,MAYP1114611__172__08774.txt,continuous_spectra,microscope_slide,2025-07-10,3961758.0,3750567.912000001,True,False,True,Microscope slide,non_plastic,glass,,Microscope slide,Microscope slide
c_37,181,c_37-181,MAYP1114611__180__08782.txt,continuous_spectra,microscope_slide,2025-07-10,4055628.0,3750567.912000001,True,False,True,Microscope slide,non_plastic,glass,,Microscope slide,Microscope slide
c_37,182,c_37-182,MAYP1114611__181__08783.txt,continuous_spectra,microscope_slide,2025-07-10,3917023.440000001,3750567.912000001,True,False,True,Microscope slide,non_plastic,glass,,Microscope slide,Microscope slide
c_37,183,c_37-183,MAYP1114611__182__08784.txt,continuous_spectra,microscope_slide,2025-07-10,3883927.440000001,3750567.912000001,True,False,True,Microscope slide,non_plastic,glass,,Microscope slide,Microscope slide
c_37,217,c_37-217,MAYP1114611__216__08818.txt,continuous_spectra,microscope_slide,2025-07-10,4207287.559999999,3750567.912000001,True,False,True,Microscope slide,non_plastic,glass,,Microscope slide,Microscope slide
c_37,218,c_37-218,MAYP1114611__217__08819.txt,continuous_spectra,microscope_slide,2025-07-10,4542539.440000001,3750567.912000001,True,False,True,Microscope slide,non_plastic,glass,,Microscope slide,Microscope slide
c_37,219,c_37-219,MAYP1114611__218__08820.txt,continuous_spectra,microscope_slide,2025-07-10,4711087.0,3750567.912000001,True,False,True,Microscope slide,non_plastic,glass,,Microscope slide,Microscope slide
c_37,220,c_37-220,MAYP1114611__219__08821.txt,continuous_spectra,microscope_slide,2025-07-10,4514369.0,3750567.912000001,True,False,True,Microscope slide,non_plastic,glass,,Microscope slide,Microscope slide
c_37,221,c_37-221,MAYP1114611__220__08822.txt,continuous_spectra,microscope_slide,2025-07-10,4910877.440000001,3750567.912000001,True,False,True,Microscope slide,non_plastic,glass,,Microscope slide,Microscope slide
c_37,222,c_37-222,MAYP1114611__221__08823.txt,continuous_spectra,microscope_slide,2025-07-10,4677379.440000001,3750567.912000001,True,False,True,Microscope slide,non_plastic,glass,,Microscope slide,Microscope slide
c_37,223,c_37-223,MAYP1114611__222__08824.txt,continuous_spectra,microscope_slide,2025-07-10,4025605.559999999,3750567.912000001,True,False,True,Microscope slide,non_plastic,glass,,Microscope slide,Microscope slide
c_37,228,c_37-228,MAYP1114611__227__08829.txt,continuous_spectra,microscope_slide,2025-07-10,3957278.559999999,3750567.912000001,True,False,True,Microscope slide,non_plastic,glass,,Microscope slide,Microscope slide
c_37,229,c_37-229,MAYP1114611__228__08830.txt,continuous_spectra,microscope_slide,2025-07-10,4129102.440000002,3750567.912000001,True,False,True,Microscope slide,non_plastic,glass,,Microscope slide,Microscope slide
c_37,230,c_37-230,MAYP1114611__229__08831.txt,continuous_spectra,microscope_slide,2025-07-10,4242097.440000001,3750567.912000001,True,False,True,Microscope slide,non_plastic,glass,,Microscope slide,Microscope slide
c_37,231,c_37-231,MAYP1114611__230__08832.txt,continuous_spectra,microscope_slide,2025-07-10,4234796.0,3750567.912000001,True,False,True,Microscope slide,non_plastic,glass,,Microscope slide,Microscope slide
c_37,232,c_37-232,MAYP1114611__231__08833.txt,continuous_spectra,microscope_slide,2025-07-10,4034616.559999999,3750567.912000001,True,False,True,Microscope slide,non_plastic,glass,,Microscope slide,Microscope slide
c_37,233,c_37-233,MAYP1114611__232__08834.txt,continuous_spectra,microscope_slide,2025-07-10,3820501.559999999,3750567.912000001,True,False,True,Microscope slide,non_plastic,glass,,Microscope slide,Microscope slide
c_37,238,c_37-238,MAYP1114611__237__08839.txt,continuous_spectra,microscope_slide,2025-07-10,3802503.440000001,3750567.912000001,True,False,True,Microscope slide,non_plastic,glass,,Microscope slide,Microscope slide
c_37,239,c_37-239,MAYP1114611__238__08840.txt,continuous_spectra,microscope_slide,2025-07-10,3936151.440000002,3750567.912000001,True,False,True,Microscope slide,non_plastic,glass,,Microscope slide,Microscope slide
c_37,240,c_37-240,MAYP1114611__239__08841.txt,continuous_spectra,microscope_slide,2025-07-10,4323697.440000001,3750567.912000001,True,False,True,Microscope slide,non_plastic,glass,,Microscope slide,Microscope slide
c_37,241,c_37-241,MAYP1114611__240__08842.txt,continuous_spectra,microscope_slide,2025-07-10,4237253.559999999,3750567.912000001,True,False,True,Microscope slide,non_plastic,glass,,Microscope slide,Microscope slide
c_37,242,c_37-242,MAYP1114611__241__08843.txt,continuous_spectra,microscope_slide,2025-07-10,4263693.559999999,3750567.912000001,True,False,True,Microscope slide,non_plastic,glass,,Microscope slide,Microscope slide
c_37,243,c_37-243,MAYP1114611__242__08844.txt,continuous_spectra,microscope_slide,2025-07-10,4019131.0,3750567.912000001,True,False,True,Microscope slide,non_plastic,glass,,Microscope slide,Microscope slide
c_37,244,c_37-244,MAYP1114611__243__08845.txt,continuous_spectra,microscope_slide,2025-07-10,3766430.440000001,3750567.912000001,True,False,True,Microscope slide,non_plastic,glass,,Microscope slide,Microscope slide
c_37,249,c_37-249,MAYP1114611__248__08850.txt,continuous_spectra,microscope_slide,2025-07-10,3755025.440000001,3750567.912000001,True,False,True,Microscope slide,non_plastic,glass,,Microscope slide,Microscope slide
c_37,250,c_37-250,MAYP1114611__249__08851.txt,continuous_spectra,microscope_slide,2025-07-10,4249582.440000001,3750567.912000001,True,False,True,Microscope slide,non_plastic,glass,,Microscope slide,Microscope slide
c_37,251,c_37-251,MAYP1114611__250__08852.txt,continuous_spectra,microscope_slide,2025-07-10,4615047.440000001,3750567.912000001,True,False,True,Microscope slide,non_plastic,glass,,Microscope slide,Microscope slide
c_37,252,c_37-252,MAYP1114611__251__08853.txt,continuous_spectra,microscope_slide,2025-07-10,4716070.0,3750567.912000001,True,False,True,Microscope slide,non_plastic,glass,,Microscope slide,Microscope slide
c_37,253,c_37-253,MAYP1114611__252__08854.txt,continuous_spectra,microscope_slide,2025-07-10,4623086.440000001,3750567.912000001,True,False,True,Microscope slide,non_plastic,glass,,Microscope slide,Microscope slide
c_37,254,c_37-254,MAYP1114611__253__08855.txt,continuous_spectra,microscope_slide,2025-07-10,4828594.0,3750567.912000001,True,False,True,Microscope slide,non_plastic,glass,,Microscope slide,Microscope slide
c_37,255,c_37-255,MAYP1114611__254__08856.txt,continuous_spectra,microscope_slide,2025-07-10,4744570.440000001,3750567.912000001,True,False,True,Microscope slide,non_plastic,glass,,Microscope slide,Microscope slide
c_37,256,c_37-256,MAYP1114611__255__08857.txt,continuous_spectra,microscope_slide,2025-07-10,3811025.440000002,3750567.912000001,True,False,True,Microscope slide,non_plastic,glass,,Microscope slide,Microscope slide
c_37,260,c_37-260,MAYP1114611__259__08861.txt,continuous_spectra,microscope_slide,2025-07-10,3937386.559999998,3750567.912000001,True,False,True,Microscope slide,non_plastic,glass,,Microscope slide,Microscope slide
c_37,261,c_37-261,MAYP1114611__260__08862.txt,continuous_spectra,microscope_slide,2025-07-10,4331865.0,3750567.912000001,True,False,True,Microscope slide,non_plastic,glass,,Microscope slide,Microscope slide
c_37,262,c_37-262,MAYP1114611__261__08863.txt,continuous_spectra,microscope_slide,2025-07-10,4599334.440000001,3750567.912000001,True,False,True,Microscope slide,non_plastic,glass,,Microscope slide,Microscope slide
c_37,263,c_37-263,MAYP1114611__262__08864.txt,continuous_spectra,microscope_slide,2025-07-10,5043951.0,3750567.912000001,True,False,True,Microscope slide,non_plastic,glass,,Microscope slide,Microscope slide
c_37,264,c_37-264,MAYP1114611__263__08865.txt,continuous_spectra,microscope_slide,2025-07-10,5025933.440000001,3750567.912000001,True,False,True,Microscope slide,non_plastic,glass,,Microscope slide,Microscope slide
c_37,265,c_37-265,MAYP1114611__264__08866.txt,continuous_spectra,microscope_slide,2025-07-10,4360571.559999999,3750567.912000001,True,False,True,Microscope slide,non_plastic,glass,,Microscope slide,Microscope slide
c_37,266,c_37-266,MAYP1114611__265__08867.txt,continuous_spectra,microscope_slide,2025-07-10,3858824.0,3750567.912000001,True,False,True,Microscope slide,non_plastic,glass,,Microscope slide,Microscope slide
c_37,271,c_37-271,MAYP1114611__270__08872.txt,continuous_spectra,microscope_slide,2025-07-10,3793641.0,3750567.912000001,True,False,True,Microscope slide,non_plastic,glass,,Microscope slide,Microscope slide
c_37,272,c_37-272,MAYP1114611__271__08873.txt,continuous_spectra,microscope_slide,2025-07-10,4114486.440000002,3750567.912000001,True,False,True,Microscope slide,non_plastic,glass,,Microscope slide,Microscope slide
c_37,273,c_37-273,MAYP1114611__272__08874.txt,continuous_spectra,microscope_slide,2025-07-10,4438507.440000001,3750567.912000001,True,False,True,Microscope slide,non_plastic,glass,,Microscope slide,Microscope slide
c_37,274,c_37-274,MAYP1114611__273__08875.txt,continuous_spectra,microscope_slide,2025-07-10,4435264.0,3750567.912000001,True,False,True,Microscope slide,non_plastic,glass,,Microscope slide,Microscope slide
c_37,275,c_37-275,MAYP1114611__274__08876.txt,continuous_spectra,microscope_slide,2025-07-10,4277417.559999999,3750567.912000001,True,False,True,Microscope slide,non_plastic,glass,,Microscope slide,Microscope slide
c_37,276,c_37-276,MAYP1114611__275__08877.txt,continuous_spectra,microscope_slide,2025-07-10,4087855.440000002,3750567.912000001,True,False,True,Microscope slide,non_plastic,glass,,Microscope slide,Microscope slide
c_37,277,c_37-277,MAYP1114611__276__08878.txt,continuous_spectra,microscope_slide,2025-07-10,3785006.559999999,3750567.912000001,True,False,True,Microscope slide,non_plastic,glass,,Microscope slide,Microscope slide
